Meter_ID,PKG,Operation_Type,Requested_Date,Completed_Date,status
Xyz7396291,Atlas,DC,09-06-2026 10:01,09-06-2026 10:38,Completed
Xyz7396327,Atlas,DC,09-06-2026 10:00,09-06-2026 10:01,Completed
Xyz7396330,Atlas,DC,09-06-2026 10:04,09-06-2026 10:04,Completed
Xyz7396360,Atlas,DC,09-06-2026 10:01,09-06-2026 10:39,Completed
Xyz7396368,Atlas,DC,09-06-2026 10:03,09-06-2026 10:04,Completed
Xyz7396371,Atlas,DC,09-06-2026 10:03,09-06-2026 10:03,Completed
Xyz7396502,Atlas,DC,09-06-2026 10:03,09-06-2026 10:04,Completed
Xyz7396511,Atlas,DC,09-06-2026 10:01,09-06-2026 11:39,Completed
Xyz7396618,Atlas,DC,09-06-2026 10:03,09-06-2026 10:03,Completed
Xyz7396629,Atlas,DC,09-06-2026 10:01,09-06-2026 10:02,Completed
Xyz7396638,Atlas,DC,09-06-2026 10:02,09-06-2026 10:02,Completed
Xyz7396834,Atlas,DC,09-06-2026 10:03,09-06-2026 10:40,Completed
Xyz7397074,Atlas,DC,09-06-2026 10:04,09-06-2026 10:55,Completed
Xyz7397101,Atlas,DC,09-06-2026 10:04,09-06-2026 10:06,Completed
Xyz7397168,Atlas,DC,09-06-2026 10:04,09-06-2026 10:07,Completed
Xyz7397174,Atlas,DC,09-06-2026 10:02,09-06-2026 10:27,Completed
Xyz7397213,Atlas,DC,09-06-2026 10:02,09-06-2026 10:03,Completed
Xyz7397283,Atlas,DC,09-06-2026 10:01,09-06-2026 10:03,Completed
Xyz7397419,Atlas,DC,09-06-2026 10:04,09-06-2026 10:08,Completed
Xyz7397466,Atlas,DC,09-06-2026 10:00,09-06-2026 10:01,Completed
Xyz7397478,Atlas,DC,09-06-2026 10:04,09-06-2026 10:05,Completed
Xyz7397574,Atlas,DC,09-06-2026 10:02,09-06-2026 10:33,Completed
Xyz7397677,Atlas,DC,09-06-2026 10:03,09-06-2026 10:04,Completed
Xyz7397820,Atlas,DC,09-06-2026 10:01,09-06-2026 11:40,Completed
Xyz7397923,Atlas,DC,09-06-2026 10:00,09-06-2026 10:01,Completed
Xyz7397931,Atlas,DC,09-06-2026 10:04,09-06-2026 10:40,Completed
Xyz7398338,Atlas,DC,09-06-2026 10:04,09-06-2026 10:38,Completed
Xyz7398382,Atlas,DC,09-06-2026 10:01,09-06-2026 10:18,Completed
Xyz7398467,Atlas,DC,09-06-2026 10:04,09-06-2026 10:38,Completed
Xyz7398664,Atlas,DC,09-06-2026 10:04,09-06-2026 10:24,Completed
Xyz7399179,Atlas,DC,09-06-2026 10:04,09-06-2026 10:05,Completed
Xyz7399296,Atlas,DC,09-06-2026 10:04,09-06-2026 10:05,Completed
Xyz7399337,Atlas,DC,09-06-2026 10:00,09-06-2026 10:01,Completed
Xyz7399342,Atlas,DC,09-06-2026 10:04,09-06-2026 10:05,Completed
Xyz7399484,Atlas,DC,09-06-2026 10:01,09-06-2026 11:40,Completed
Xyz7399626,Atlas,DC,09-06-2026 10:01,09-06-2026 11:11,Completed
Xyz7399628,Atlas,DC,09-06-2026 10:01,09-06-2026 11:11,Completed
Xyz7399632,Atlas,DC,09-06-2026 10:03,09-06-2026 10:30,Completed
Xyz7399810,Atlas,DC,09-06-2026 10:03,09-06-2026 10:04,Completed
Xyz7399897,Atlas,DC,09-06-2026 10:01,09-06-2026 10:35,Completed
Xyz7399927,Atlas,DC,09-06-2026 10:04,09-06-2026 10:39,Completed
Xyz7400175,Atlas,DC,09-06-2026 10:01,09-06-2026 10:02,Completed
Xyz7400331,Atlas,DC,09-06-2026 10:03,09-06-2026 11:39,Completed
Xyz7400340,Atlas,DC,09-06-2026 10:00,09-06-2026 15:46,Completed
Xyz7400611,Atlas,DC,09-06-2026 10:04,09-06-2026 12:28,Completed
Xyz7400694,Atlas,DC,09-06-2026 10:04,09-06-2026 10:04,Completed
Xyz7400747,Atlas,DC,09-06-2026 10:04,09-06-2026 10:05,Completed
Xyz7400840,Atlas,DC,09-06-2026 10:04,09-06-2026 10:04,Completed
Xyz7401016,Atlas,DC,09-06-2026 10:00,09-06-2026 13:42,Completed
Xyz7401089,Atlas,DC,09-06-2026 10:01,09-06-2026 10:02,Completed
Xyz7401096,Atlas,DC,09-06-2026 10:03,09-06-2026 10:30,Completed
Xyz7401105,Atlas,DC,09-06-2026 10:00,09-06-2026 10:01,Completed
Xyz7401110,Atlas,DC,09-06-2026 10:02,09-06-2026 10:02,Completed
Xyz7401136,Atlas,DC,09-06-2026 10:01,09-06-2026 10:02,Completed
Xyz7401192,Atlas,DC,09-06-2026 10:04,09-06-2026 10:15,Completed
Xyz7401206,Atlas,DC,09-06-2026 10:02,09-06-2026 10:30,Completed
Xyz7401555,Atlas,DC,09-06-2026 10:00,09-06-2026 10:01,Completed
Xyz7401620,Atlas,DC,09-06-2026 10:01,09-06-2026 10:30,Completed
Xyz7401659,Atlas,DC,09-06-2026 10:03,09-06-2026 11:01,Completed
Xyz7401743,Atlas,DC,09-06-2026 10:04,09-06-2026 10:29,Completed
Xyz7401765,Atlas,DC,09-06-2026 10:03,09-06-2026 10:11,Completed
Xyz7401886,Atlas,DC,09-06-2026 10:00,09-06-2026 10:26,Completed
Xyz7401916,Atlas,DC,09-06-2026 10:02,09-06-2026 10:04,Completed
Xyz7402063,Atlas,DC,09-06-2026 10:02,-NA-,Expired
Xyz7402105,Atlas,DC,09-06-2026 10:02,09-06-2026 10:25,Completed
Xyz7402236,Atlas,DC,09-06-2026 10:01,09-06-2026 10:02,Completed
Xyz7402247,Atlas,DC,09-06-2026 10:01,09-06-2026 10:02,Completed
Xyz7402275,Atlas,DC,09-06-2026 10:01,09-06-2026 10:31,Completed
Xyz7402326,Atlas,DC,09-06-2026 10:00,09-06-2026 10:31,Completed
Xyz7402359,Atlas,DC,09-06-2026 10:04,09-06-2026 10:04,Completed
Xyz7402360,Atlas,DC,09-06-2026 10:03,09-06-2026 10:04,Completed
Xyz7402376,Atlas,DC,09-06-2026 10:04,09-06-2026 10:36,Completed
Xyz7402577,Atlas,DC,09-06-2026 10:03,09-06-2026 15:24,Completed
Xyz7402591,Atlas,DC,09-06-2026 10:01,09-06-2026 10:02,Completed
Xyz7402596,Atlas,DC,09-06-2026 10:04,09-06-2026 10:05,Completed
Xyz7402735,Atlas,DC,09-06-2026 10:02,09-06-2026 10:03,Completed
Xyz7402743,Atlas,DC,09-06-2026 10:02,09-06-2026 15:24,Completed
Xyz7402771,Atlas,DC,09-06-2026 10:03,09-06-2026 10:29,Completed
Xyz7402773,Atlas,DC,09-06-2026 21:02,-NA-,Expired
Xyz7402830,Atlas,DC,09-06-2026 10:01,09-06-2026 10:01,Completed
Xyz7402975,Atlas,DC,09-06-2026 10:00,09-06-2026 11:40,Completed
Xyz7403022,Atlas,DC,09-06-2026 10:04,09-06-2026 15:24,Completed
Xyz7403282,Atlas,DC,09-06-2026 10:03,09-06-2026 10:37,Completed
Xyz7403293,Atlas,DC,09-06-2026 10:03,09-06-2026 10:09,Completed
Xyz7403319,Atlas,DC,09-06-2026 10:01,09-06-2026 10:02,Completed
Xyz7403402,Atlas,DC,09-06-2026 10:01,09-06-2026 12:53,Completed
Xyz7403434,Atlas,DC,09-06-2026 10:03,09-06-2026 10:14,Completed
Xyz7403440,Atlas,DC,09-06-2026 10:01,09-06-2026 10:41,Completed
Xyz7403506,Atlas,DC,09-06-2026 10:00,09-06-2026 10:41,Completed
Xyz7403538,Atlas,DC,09-06-2026 10:03,09-06-2026 10:33,Completed
Xyz7403698,Atlas,DC,09-06-2026 10:01,09-06-2026 10:02,Completed
Xyz7403937,Atlas,DC,09-06-2026 10:03,09-06-2026 11:16,Completed
Xyz7403974,Atlas,DC,09-06-2026 10:04,09-06-2026 16:25,Completed
Xyz7404170,Atlas,DC,09-06-2026 10:00,09-06-2026 16:51,Completed
Xyz7404236,Atlas,DC,09-06-2026 10:01,-NA-,Pending
Xyz7404239,Atlas,DC,09-06-2026 10:03,09-06-2026 10:04,Completed
Xyz7404259,Atlas,DC,09-06-2026 10:01,09-06-2026 10:08,Completed
Xyz7404261,Atlas,DC,09-06-2026 10:00,09-06-2026 10:22,Completed
Xyz7404472,Atlas,DC,09-06-2026 10:03,09-06-2026 15:28,Completed
Xyz7404490,Atlas,DC,09-06-2026 10:03,09-06-2026 10:04,Completed
Xyz7404518,Atlas,DC,09-06-2026 10:03,09-06-2026 10:04,Completed
Xyz7404562,Atlas,DC,09-06-2026 10:03,09-06-2026 11:53,Completed
Xyz7404721,Atlas,DC,09-06-2026 10:02,09-06-2026 15:24,Completed
Xyz7404830,Atlas,DC,09-06-2026 10:01,09-06-2026 10:02,Completed
Xyz7404832,Atlas,DC,09-06-2026 10:03,09-06-2026 10:03,Completed
Xyz7404852,Atlas,DC,09-06-2026 10:02,09-06-2026 10:02,Completed
Xyz7404917,Atlas,DC,09-06-2026 10:04,09-06-2026 10:04,Completed
Xyz7405023,Atlas,DC,09-06-2026 10:03,09-06-2026 15:26,Completed
Xyz7405058,Atlas,DC,09-06-2026 10:03,09-06-2026 10:33,Completed
Xyz7405150,Atlas,DC,09-06-2026 10:02,09-06-2026 10:03,Completed
Xyz7405151,Atlas,DC,09-06-2026 10:01,09-06-2026 10:31,Completed
Xyz7405192,Atlas,DC,09-06-2026 10:02,-NA-,Expired
Xyz7405244,Atlas,DC,09-06-2026 10:01,09-06-2026 10:43,Completed
Xyz7405284,Atlas,DC,09-06-2026 10:01,09-06-2026 11:29,Completed
Xyz7405383,Atlas,DC,09-06-2026 10:02,09-06-2026 11:15,Completed
Xyz7405389,Atlas,DC,09-06-2026 10:03,09-06-2026 11:33,Completed
Xyz7405440,Atlas,DC,09-06-2026 10:01,09-06-2026 11:21,Completed
Xyz7405443,Atlas,DC,09-06-2026 10:02,09-06-2026 10:32,Completed
Xyz7405470,Atlas,DC,09-06-2026 10:04,09-06-2026 10:13,Completed
Xyz7405541,Atlas,DC,09-06-2026 10:03,09-06-2026 15:24,Completed
Xyz7405557,Atlas,DC,09-06-2026 10:04,09-06-2026 10:05,Completed
Xyz7405626,Atlas,DC,09-06-2026 10:00,09-06-2026 10:14,Completed
Xyz7405758,Atlas,DC,09-06-2026 10:00,09-06-2026 10:41,Completed
Xyz7405817,Atlas,DC,09-06-2026 10:01,09-06-2026 10:05,Completed
Xyz7405850,Atlas,DC,09-06-2026 10:04,09-06-2026 10:05,Completed
Xyz7405888,Atlas,DC,09-06-2026 10:03,09-06-2026 10:03,Completed
Xyz7405916,Atlas,DC,09-06-2026 10:01,09-06-2026 10:02,Completed
Xyz7405962,Atlas,DC,09-06-2026 10:03,09-06-2026 11:14,Completed
Xyz7405984,Atlas,DC,09-06-2026 10:03,09-06-2026 10:03,Completed
Xyz7405993,Atlas,DC,09-06-2026 10:00,09-06-2026 10:01,Completed
Xyz7406147,Atlas,DC,09-06-2026 10:04,09-06-2026 10:04,Completed
Xyz7406373,Atlas,DC,09-06-2026 10:02,-NA-,Expired
Xyz7406383,Atlas,DC,09-06-2026 10:01,09-06-2026 10:10,Completed
Xyz7406420,Atlas,DC,09-06-2026 10:01,09-06-2026 15:10,Completed
Xyz7406635,Atlas,DC,09-06-2026 10:04,09-06-2026 10:51,Completed
Xyz7406730,Atlas,DC,09-06-2026 10:04,09-06-2026 13:23,Completed
Xyz7406929,Atlas,DC,09-06-2026 10:01,09-06-2026 10:04,Completed
Xyz7406965,Atlas,DC,09-06-2026 10:03,09-06-2026 10:26,Completed
Xyz7407045,Atlas,DC,09-06-2026 10:04,09-06-2026 15:14,Completed
Xyz7407272,Atlas,DC,09-06-2026 10:02,09-06-2026 10:05,Completed
Xyz7407456,Atlas,DC,09-06-2026 10:03,09-06-2026 10:04,Completed
Xyz7407484,Atlas,DC,09-06-2026 10:04,09-06-2026 10:07,Completed
Xyz7407516,Atlas,DC,09-06-2026 10:03,09-06-2026 10:03,Completed
Xyz7407643,Atlas,DC,09-06-2026 10:00,09-06-2026 10:58,Completed
Xyz7407712,Atlas,DC,09-06-2026 10:04,09-06-2026 11:07,Completed
Xyz7407770,Atlas,DC,09-06-2026 10:01,09-06-2026 10:51,Completed
Xyz7407932,Atlas,DC,09-06-2026 10:04,09-06-2026 10:05,Completed
Xyz7408156,Atlas,DC,09-06-2026 10:04,09-06-2026 10:04,Completed
Xyz7408207,Atlas,DC,09-06-2026 10:01,09-06-2026 10:07,Completed
Xyz7408222,Atlas,DC,09-06-2026 10:04,09-06-2026 10:26,Completed
Xyz7408317,Atlas,DC,09-06-2026 10:01,09-06-2026 10:07,Completed
Xyz7408394,Atlas,DC,09-06-2026 10:03,09-06-2026 10:03,Completed
Xyz7408463,Atlas,DC,09-06-2026 10:03,09-06-2026 10:28,Completed
Xyz7408464,Atlas,DC,09-06-2026 10:03,09-06-2026 15:59,Completed
Xyz7408518,Atlas,DC,09-06-2026 10:04,09-06-2026 10:05,Completed
Xyz7408557,Atlas,DC,09-06-2026 10:01,09-06-2026 10:07,Completed
Xyz7408729,Atlas,DC,09-06-2026 10:03,09-06-2026 10:04,Completed
Xyz7408898,Atlas,DC,09-06-2026 10:04,09-06-2026 10:08,Completed
Xyz7408937,Atlas,DC,09-06-2026 10:03,09-06-2026 10:05,Completed
Xyz7409102,Atlas,DC,09-06-2026 10:04,09-06-2026 10:05,Completed
Xyz7409149,Atlas,DC,09-06-2026 10:02,09-06-2026 10:03,Completed
Xyz7409166,Atlas,DC,09-06-2026 10:04,09-06-2026 10:05,Completed
Xyz7409434,Atlas,DC,09-06-2026 10:02,09-06-2026 10:06,Completed
Xyz7409556,Atlas,DC,09-06-2026 10:02,09-06-2026 10:06,Completed
Xyz7409587,Atlas,DC,09-06-2026 10:02,09-06-2026 10:28,Completed
Xyz7409632,Atlas,DC,09-06-2026 10:04,09-06-2026 10:25,Completed
Xyz7409787,Atlas,DC,09-06-2026 10:00,09-06-2026 11:29,Completed
Xyz7409893,Atlas,DC,09-06-2026 10:03,09-06-2026 11:43,Completed
Xyz7410069,Atlas,DC,09-06-2026 10:03,09-06-2026 10:06,Completed
Xyz7410131,Atlas,DC,09-06-2026 10:03,09-06-2026 10:06,Completed
Xyz7410179,Atlas,DC,09-06-2026 10:04,09-06-2026 10:08,Completed
Xyz7410216,Atlas,DC,09-06-2026 10:01,09-06-2026 11:43,Completed
Xyz7410384,Atlas,DC,09-06-2026 10:03,09-06-2026 10:28,Completed
Xyz7410530,Atlas,DC,09-06-2026 10:04,09-06-2026 10:04,Completed
Xyz7410554,Atlas,DC,09-06-2026 10:00,09-06-2026 11:32,Completed
Xyz7410865,Atlas,DC,09-06-2026 10:03,09-06-2026 10:03,Completed
Xyz7410918,Atlas,DC,09-06-2026 10:01,09-06-2026 10:07,Completed
Xyz7410971,Atlas,DC,09-06-2026 10:03,09-06-2026 10:06,Completed
Xyz7410982,Atlas,DC,09-06-2026 10:02,-NA-,Expired
Xyz7411017,Atlas,DC,09-06-2026 10:02,09-06-2026 10:06,Completed
Xyz7411061,Atlas,DC,09-06-2026 10:03,09-06-2026 10:04,Completed
Xyz7411149,Atlas,DC,09-06-2026 10:01,09-06-2026 10:02,Completed
Xyz7411405,Atlas,DC,09-06-2026 10:04,09-06-2026 10:24,Completed
Xyz7411577,Atlas,DC,09-06-2026 10:00,-NA-,Expired
Xyz7411668,Atlas,DC,09-06-2026 10:03,09-06-2026 10:05,Completed
Xyz7411800,Atlas,DC,09-06-2026 10:03,09-06-2026 10:04,Completed
Xyz7411803,Atlas,DC,09-06-2026 10:02,09-06-2026 11:39,Completed
Xyz7411837,Atlas,DC,09-06-2026 10:02,09-06-2026 10:05,Completed
Xyz7411972,Atlas,DC,09-06-2026 10:04,09-06-2026 10:05,Completed
Xyz7412040,Atlas,DC,09-06-2026 10:03,09-06-2026 10:46,Completed
Xyz7412078,Atlas,DC,09-06-2026 10:02,09-06-2026 10:40,Completed
Xyz7412118,Atlas,DC,09-06-2026 10:03,09-06-2026 11:40,Completed
Xyz7412195,Atlas,DC,09-06-2026 10:04,-NA-,Expired
Xyz7412290,Atlas,DC,09-06-2026 10:00,09-06-2026 10:07,Completed
Xyz7412339,Atlas,DC,09-06-2026 10:04,09-06-2026 10:06,Completed
Xyz7412475,Atlas,DC,09-06-2026 10:04,09-06-2026 10:06,Completed
Xyz7412709,Atlas,DC,09-06-2026 10:04,09-06-2026 10:04,Completed
Xyz7412710,Atlas,DC,09-06-2026 10:01,09-06-2026 10:01,Completed
Xyz7412729,Atlas,DC,09-06-2026 10:04,09-06-2026 10:09,Completed
Xyz7412814,Atlas,DC,09-06-2026 10:03,09-06-2026 10:04,Completed
Xyz7412836,Atlas,DC,09-06-2026 10:04,09-06-2026 10:05,Completed
Xyz7413146,Atlas,DC,09-06-2026 10:02,09-06-2026 10:37,Completed
Xyz7413477,Atlas,DC,09-06-2026 10:04,09-06-2026 10:05,Completed
Xyz7413603,Atlas,DC,09-06-2026 10:04,09-06-2026 10:25,Completed
Xyz7413664,Atlas,DC,09-06-2026 10:02,09-06-2026 10:06,Completed
Xyz7413782,Atlas,DC,09-06-2026 10:04,09-06-2026 10:06,Completed
Xyz7413808,Atlas,DC,09-06-2026 10:03,09-06-2026 10:04,Completed
Xyz7413883,Atlas,DC,09-06-2026 10:03,09-06-2026 10:04,Completed
Xyz7413905,Atlas,DC,09-06-2026 10:02,09-06-2026 10:03,Completed
Xyz7413907,Atlas,DC,09-06-2026 10:03,09-06-2026 10:03,Completed
Xyz7413934,Atlas,DC,09-06-2026 10:00,09-06-2026 10:01,Completed
Xyz7413983,Atlas,DC,09-06-2026 10:00,09-06-2026 10:05,Completed
Xyz7414042,Atlas,DC,09-06-2026 10:04,09-06-2026 10:07,Completed
Xyz7414211,Atlas,DC,09-06-2026 10:01,09-06-2026 10:13,Completed
Xyz7414232,Atlas,DC,09-06-2026 10:04,09-06-2026 10:40,Completed
Xyz7414469,Atlas,DC,09-06-2026 10:04,09-06-2026 10:13,Completed
Xyz7414502,Atlas,DC,09-06-2026 10:04,09-06-2026 10:13,Completed
Xyz7414777,Atlas,DC,09-06-2026 10:04,09-06-2026 12:33,Completed
Xyz7414795,Atlas,DC,09-06-2026 10:01,09-06-2026 10:52,Completed
Xyz7415035,Atlas,DC,09-06-2026 10:01,09-06-2026 11:03,Completed
Xyz7415040,Atlas,DC,09-06-2026 10:00,09-06-2026 10:13,Completed
Xyz7415325,Atlas,DC,09-06-2026 10:02,09-06-2026 10:15,Completed
Xyz7415432,Atlas,DC,09-06-2026 10:01,09-06-2026 10:16,Completed
Xyz7415448,Atlas,DC,09-06-2026 10:03,-NA-,Expired
Xyz7415452,Atlas,DC,09-06-2026 10:03,09-06-2026 10:44,Completed
Xyz7415535,Atlas,DC,09-06-2026 10:02,09-06-2026 10:47,Completed
Xyz7415581,Atlas,DC,09-06-2026 10:00,09-06-2026 10:01,Completed
Xyz7415590,Atlas,DC,09-06-2026 10:04,09-06-2026 10:04,Completed
Xyz7415615,Atlas,DC,09-06-2026 10:04,09-06-2026 10:05,Completed
Xyz7415658,Atlas,DC,09-06-2026 10:04,09-06-2026 10:53,Completed
Xyz7415671,Atlas,DC,09-06-2026 10:00,09-06-2026 10:01,Completed
Xyz7415716,Atlas,DC,09-06-2026 10:04,09-06-2026 10:05,Completed
Xyz7415809,Atlas,DC,09-06-2026 10:03,09-06-2026 11:14,Completed
Xyz7415948,Atlas,DC,09-06-2026 10:03,09-06-2026 11:19,Completed
Xyz7416077,Atlas,DC,09-06-2026 10:04,09-06-2026 10:13,Completed
Xyz7416126,Atlas,DC,09-06-2026 10:04,09-06-2026 10:04,Completed
Xyz7416137,Atlas,DC,09-06-2026 10:04,09-06-2026 10:15,Completed
Xyz7416139,Atlas,DC,09-06-2026 10:03,09-06-2026 10:13,Completed
Xyz7416306,Atlas,DC,09-06-2026 10:02,09-06-2026 10:03,Completed
Xyz7416322,Atlas,DC,09-06-2026 10:03,09-06-2026 10:59,Completed
Xyz7416380,Atlas,DC,09-06-2026 10:00,09-06-2026 12:36,Completed
Xyz7416388,Atlas,DC,09-06-2026 10:00,09-06-2026 10:01,Completed
Xyz7416451,Atlas,DC,09-06-2026 10:01,09-06-2026 10:15,Completed
Xyz7416736,Atlas,DC,09-06-2026 10:02,09-06-2026 10:59,Completed
Xyz7416891,Atlas,DC,09-06-2026 10:03,09-06-2026 10:03,Completed
Xyz7416929,Atlas,DC,09-06-2026 10:04,09-06-2026 10:04,Completed
Xyz7416930,Atlas,DC,09-06-2026 10:04,09-06-2026 10:06,Completed
Xyz7417019,Atlas,DC,09-06-2026 10:04,09-06-2026 10:14,Completed
Xyz7417076,Atlas,DC,09-06-2026 10:04,09-06-2026 10:15,Completed
Xyz7417199,Atlas,DC,09-06-2026 10:04,09-06-2026 11:00,Completed
Xyz7417222,Atlas,DC,09-06-2026 10:04,09-06-2026 10:04,Completed
Xyz7417344,Atlas,DC,09-06-2026 10:04,09-06-2026 10:04,Completed
Xyz7417506,Atlas,DC,09-06-2026 10:04,09-06-2026 10:18,Completed
Xyz7417605,Atlas,DC,09-06-2026 10:00,09-06-2026 10:01,Completed
Xyz7417608,Atlas,DC,09-06-2026 10:04,09-06-2026 10:10,Completed
Xyz7417620,Atlas,DC,09-06-2026 10:04,09-06-2026 10:13,Completed
Xyz7417656,Atlas,DC,09-06-2026 10:01,09-06-2026 10:02,Completed
Xyz7417737,Atlas,DC,09-06-2026 10:02,09-06-2026 10:02,Completed
Xyz7417938,Atlas,DC,09-06-2026 10:02,09-06-2026 10:57,Completed
Xyz7417945,Atlas,DC,09-06-2026 10:01,09-06-2026 10:02,Completed
Xyz7417971,Atlas,DC,09-06-2026 10:03,09-06-2026 10:04,Completed
Xyz7418101,Atlas,DC,09-06-2026 10:04,09-06-2026 10:08,Completed
Xyz7418128,Atlas,DC,09-06-2026 10:04,09-06-2026 10:09,Completed
Xyz7418136,Atlas,DC,09-06-2026 10:01,09-06-2026 11:29,Completed
Xyz7418230,Atlas,DC,09-06-2026 10:04,09-06-2026 12:10,Completed
Xyz7418251,Atlas,DC,09-06-2026 10:04,09-06-2026 10:04,Completed
Xyz7418263,Atlas,DC,09-06-2026 10:04,09-06-2026 10:05,Completed
Xyz7418338,Atlas,DC,09-06-2026 10:03,09-06-2026 10:13,Completed
Xyz7418373,Atlas,DC,09-06-2026 10:04,09-06-2026 10:05,Completed
Xyz7418424,Atlas,DC,09-06-2026 10:03,09-06-2026 10:04,Completed
Xyz7418477,Atlas,DC,09-06-2026 10:00,09-06-2026 10:03,Completed
Xyz7418489,Atlas,DC,09-06-2026 10:04,09-06-2026 10:05,Completed
Xyz7418520,Atlas,DC,09-06-2026 10:04,09-06-2026 11:29,Completed
Xyz7418528,Atlas,DC,09-06-2026 10:01,09-06-2026 10:59,Completed
Xyz7418844,Atlas,DC,09-06-2026 10:04,09-06-2026 12:15,Completed
Xyz7418854,Atlas,DC,09-06-2026 10:01,09-06-2026 10:02,Completed
Xyz7418864,Atlas,DC,09-06-2026 10:04,09-06-2026 10:16,Completed
Xyz7418896,Atlas,DC,09-06-2026 10:02,09-06-2026 10:02,Completed
Xyz7418908,Atlas,DC,09-06-2026 10:02,09-06-2026 10:15,Completed
Xyz7418909,Atlas,DC,09-06-2026 10:02,09-06-2026 10:14,Completed
Xyz7419040,Atlas,DC,09-06-2026 10:03,09-06-2026 10:04,Completed
Xyz7419111,Atlas,DC,09-06-2026 10:04,09-06-2026 10:14,Completed
Xyz7419147,Atlas,DC,09-06-2026 10:00,09-06-2026 10:16,Completed
Xyz7419182,Atlas,DC,09-06-2026 10:00,09-06-2026 10:12,Completed
Xyz7419183,Atlas,DC,09-06-2026 10:02,09-06-2026 10:02,Completed
Xyz7419186,Atlas,DC,09-06-2026 10:01,09-06-2026 10:02,Completed
Xyz7419195,Atlas,DC,09-06-2026 10:01,09-06-2026 11:01,Completed
Xyz7419247,Atlas,DC,09-06-2026 10:01,09-06-2026 10:02,Completed
Xyz7419274,Atlas,DC,09-06-2026 10:04,09-06-2026 10:05,Completed
Xyz7419303,Atlas,DC,09-06-2026 10:01,09-06-2026 10:01,Completed
Xyz7419316,Atlas,DC,09-06-2026 10:03,09-06-2026 10:04,Completed
Xyz7419358,Atlas,DC,09-06-2026 10:03,09-06-2026 10:15,Completed
Xyz7419426,Atlas,DC,09-06-2026 10:03,09-06-2026 10:12,Completed
Xyz7419557,Atlas,DC,09-06-2026 10:04,09-06-2026 10:14,Completed
Xyz7419582,Atlas,DC,09-06-2026 10:03,09-06-2026 10:03,Completed
Xyz7419607,Atlas,DC,09-06-2026 10:03,09-06-2026 10:05,Completed
Xyz7419618,Atlas,DC,09-06-2026 10:02,09-06-2026 10:03,Completed
Xyz7419650,Atlas,DC,09-06-2026 10:01,09-06-2026 11:15,Completed
Xyz7419663,Atlas,DC,09-06-2026 10:04,09-06-2026 10:04,Completed
Xyz7419670,Atlas,DC,09-06-2026 10:01,09-06-2026 10:01,Completed
Xyz7419709,Atlas,DC,09-06-2026 10:03,09-06-2026 10:04,Completed
Xyz7419746,Atlas,DC,09-06-2026 10:03,09-06-2026 10:53,Completed
Xyz7419764,Atlas,DC,09-06-2026 10:04,09-06-2026 10:05,Completed
Xyz7419931,Atlas,DC,09-06-2026 10:01,-NA-,Expired
Xyz7420218,Atlas,DC,09-06-2026 10:04,09-06-2026 10:04,Completed
Xyz7420273,Atlas,DC,09-06-2026 10:02,09-06-2026 10:03,Completed
Xyz7420297,Atlas,DC,09-06-2026 10:02,09-06-2026 10:03,Completed
Xyz7420321,Atlas,DC,09-06-2026 10:03,09-06-2026 10:04,Completed
Xyz7420380,Atlas,DC,09-06-2026 10:04,09-06-2026 10:05,Completed
Xyz7420408,Atlas,DC,09-06-2026 10:04,09-06-2026 10:04,Completed
Xyz7420411,Atlas,DC,09-06-2026 10:04,09-06-2026 10:04,Completed
Xyz7420511,Atlas,DC,09-06-2026 10:03,09-06-2026 10:03,Completed
Xyz7420668,Atlas,DC,09-06-2026 10:04,09-06-2026 10:05,Completed
Xyz7420706,Atlas,DC,09-06-2026 10:00,09-06-2026 10:01,Completed
Xyz7420962,Atlas,DC,09-06-2026 10:04,09-06-2026 10:05,Completed
Xyz7420974,Atlas,DC,09-06-2026 10:01,09-06-2026 10:02,Completed
Xyz7421047,Atlas,DC,09-06-2026 10:03,09-06-2026 10:04,Completed
Xyz7421113,Atlas,DC,09-06-2026 10:01,09-06-2026 10:06,Completed
Xyz7421124,Atlas,DC,09-06-2026 10:01,09-06-2026 10:02,Completed
Xyz7421130,Atlas,DC,09-06-2026 10:00,09-06-2026 10:01,Completed
Xyz7421169,Atlas,DC,09-06-2026 10:03,09-06-2026 10:04,Completed
Xyz7446467,Atlas,DC,09-06-2026 10:03,09-06-2026 10:04,Completed
Xyz7446494,Atlas,DC,09-06-2026 21:02,-NA-,Expired
Xyz7446587,Atlas,DC,09-06-2026 10:02,09-06-2026 10:32,Completed
Xyz7446639,Atlas,DC,09-06-2026 10:02,09-06-2026 10:03,Completed
Xyz7446700,Atlas,DC,09-06-2026 10:03,09-06-2026 10:04,Completed
Xyz7446780,Atlas,DC,09-06-2026 21:03,-NA-,Expired
Xyz7446821,Atlas,DC,09-06-2026 10:02,09-06-2026 10:03,Completed
Xyz7446867,Atlas,DC,09-06-2026 10:03,09-06-2026 10:04,Completed
Xyz7446906,Atlas,DC,09-06-2026 10:00,09-06-2026 10:03,Completed
Xyz7447010,Atlas,DC,09-06-2026 10:02,09-06-2026 10:03,Completed
Xyz7447143,Atlas,DC,09-06-2026 10:01,09-06-2026 10:02,Completed
Xyz7447160,Atlas,DC,09-06-2026 10:03,09-06-2026 10:10,Completed
Xyz7447185,Atlas,DC,09-06-2026 10:01,09-06-2026 11:47,Completed
Xyz7447200,Atlas,DC,09-06-2026 21:01,-NA-,Expired
Xyz7447258,Atlas,DC,09-06-2026 10:00,09-06-2026 10:01,Completed
Xyz7447271,Atlas,DC,09-06-2026 10:02,09-06-2026 10:02,Completed
Xyz7447293,Atlas,DC,09-06-2026 10:03,09-06-2026 10:03,Completed
Xyz7447347,Atlas,DC,09-06-2026 10:03,09-06-2026 10:03,Completed
Xyz7447399,Atlas,DC,09-06-2026 10:02,09-06-2026 10:03,Completed
Xyz7447421,Atlas,DC,09-06-2026 10:02,09-06-2026 11:43,Completed
Xyz7447444,Atlas,DC,09-06-2026 10:03,09-06-2026 10:05,Completed
Xyz7447570,Atlas,DC,09-06-2026 10:03,09-06-2026 10:03,Completed
Xyz7447602,Atlas,DC,09-06-2026 10:03,09-06-2026 10:05,Completed
Xyz7447606,Atlas,DC,09-06-2026 21:04,-NA-,Expired
Xyz7447608,Atlas,DC,09-06-2026 10:03,09-06-2026 10:03,Completed
Xyz7447621,Atlas,DC,09-06-2026 10:02,09-06-2026 10:08,Completed
Xyz7447624,Atlas,DC,09-06-2026 10:00,09-06-2026 10:06,Completed
Xyz7447656,Atlas,DC,09-06-2026 10:04,09-06-2026 11:37,Completed
Xyz7447675,Atlas,DC,09-06-2026 10:03,09-06-2026 10:03,Completed
Xyz7447699,Atlas,DC,09-06-2026 10:03,09-06-2026 10:04,Completed
Xyz7447827,Atlas,DC,09-06-2026 10:00,09-06-2026 10:01,Completed
Xyz7447872,Atlas,DC,09-06-2026 10:01,09-06-2026 10:02,Completed
Xyz7447902,Atlas,DC,09-06-2026 21:04,-NA-,Expired
Xyz7447961,Atlas,DC,09-06-2026 10:00,09-06-2026 10:01,Completed
Xyz7448004,Atlas,DC,09-06-2026 10:03,09-06-2026 10:03,Completed
Xyz7448020,Atlas,DC,09-06-2026 10:03,09-06-2026 10:03,Completed
Xyz7448026,Atlas,DC,09-06-2026 10:03,09-06-2026 10:03,Completed
Xyz7448028,Atlas,DC,09-06-2026 10:00,09-06-2026 10:03,Completed
Xyz7448060,Atlas,DC,09-06-2026 10:04,09-06-2026 10:06,Completed
Xyz7448068,Atlas,DC,09-06-2026 10:03,09-06-2026 10:07,Completed
Xyz7448112,Atlas,DC,09-06-2026 10:02,09-06-2026 10:11,Completed
Xyz7448130,Atlas,DC,09-06-2026 10:02,09-06-2026 10:03,Completed
Xyz7448163,Atlas,DC,09-06-2026 10:02,09-06-2026 10:14,Completed
Xyz7448214,Atlas,DC,09-06-2026 10:03,09-06-2026 10:32,Completed
Xyz7448315,Atlas,DC,09-06-2026 10:01,09-06-2026 10:01,Completed
Xyz7448335,Atlas,DC,09-06-2026 10:03,09-06-2026 10:03,Completed
Xyz7448377,Atlas,DC,09-06-2026 21:01,-NA-,Expired
Xyz7448407,Atlas,DC,09-06-2026 10:00,09-06-2026 10:05,Completed
Xyz7448414,Atlas,DC,09-06-2026 10:03,09-06-2026 10:03,Completed
Xyz7448482,Atlas,DC,09-06-2026 10:03,09-06-2026 10:03,Completed
Xyz7448512,Atlas,DC,09-06-2026 10:03,09-06-2026 10:03,Completed
Xyz7448572,Atlas,DC,09-06-2026 10:00,09-06-2026 10:02,Completed
Xyz7448608,Atlas,DC,09-06-2026 10:02,09-06-2026 10:16,Completed
Xyz7448742,Atlas,DC,09-06-2026 10:01,09-06-2026 15:11,Completed
Xyz7448758,Atlas,DC,09-06-2026 10:02,09-06-2026 10:03,Completed
Xyz7448883,Atlas,DC,09-06-2026 10:03,09-06-2026 10:04,Completed
Xyz7448892,Atlas,DC,09-06-2026 10:00,09-06-2026 10:03,Completed
Xyz7448962,Atlas,DC,09-06-2026 10:02,09-06-2026 10:03,Completed
Xyz7448966,Atlas,DC,09-06-2026 10:03,09-06-2026 10:03,Completed
Xyz7449035,Atlas,DC,09-06-2026 10:00,09-06-2026 10:03,Completed
Xyz7449086,Atlas,DC,09-06-2026 10:00,-NA-,Expired
Xyz7449242,Atlas,DC,09-06-2026 10:00,09-06-2026 13:39,Completed
Xyz7449262,Atlas,DC,09-06-2026 10:03,09-06-2026 10:04,Completed
Xyz7449411,Atlas,DC,09-06-2026 20:59,-NA-,Expired
Xyz7449416,Atlas,DC,09-06-2026 10:02,09-06-2026 10:03,Completed
Xyz7449556,Atlas,DC,09-06-2026 10:01,09-06-2026 10:02,Completed
Xyz7449625,Atlas,DC,09-06-2026 10:02,09-06-2026 10:03,Completed
Xyz7449649,Atlas,DC,09-06-2026 10:01,09-06-2026 10:01,Completed
Xyz7449710,Atlas,DC,09-06-2026 10:02,09-06-2026 10:03,Completed
Xyz7449766,Atlas,DC,09-06-2026 10:02,09-06-2026 10:02,Completed
Xyz7449889,Atlas,DC,09-06-2026 10:02,09-06-2026 10:03,Completed
Xyz7449956,Atlas,DC,09-06-2026 10:02,09-06-2026 10:32,Completed
Xyz7449993,Atlas,DC,09-06-2026 21:01,-NA-,Expired
Xyz7450177,Atlas,DC,09-06-2026 10:02,09-06-2026 10:03,Completed
Xyz7450261,Atlas,DC,09-06-2026 10:02,09-06-2026 10:03,Completed
Xyz7450322,Atlas,DC,09-06-2026 10:03,09-06-2026 10:05,Completed
Xyz7450377,Atlas,DC,09-06-2026 10:00,09-06-2026 10:08,Completed
Xyz7450392,Atlas,DC,09-06-2026 10:03,09-06-2026 10:04,Completed
Xyz7450465,Atlas,DC,09-06-2026 10:02,09-06-2026 10:03,Completed
Xyz7450524,Atlas,DC,09-06-2026 21:01,-NA-,Expired
Xyz7450640,Atlas,DC,09-06-2026 10:02,09-06-2026 13:32,Completed
Xyz7450671,Atlas,DC,09-06-2026 10:01,09-06-2026 10:03,Completed
Xyz7450672,Atlas,DC,09-06-2026 10:03,09-06-2026 10:32,Completed
Xyz7450676,Atlas,DC,09-06-2026 10:01,09-06-2026 10:02,Completed
Xyz7450678,Atlas,DC,09-06-2026 10:00,09-06-2026 10:01,Completed
Xyz7450696,Atlas,DC,09-06-2026 10:02,09-06-2026 13:34,Completed
Xyz7450749,Atlas,DC,09-06-2026 10:03,09-06-2026 10:03,Completed
Xyz7450847,Atlas,DC,09-06-2026 10:02,09-06-2026 10:10,Completed
Xyz7450886,Atlas,DC,09-06-2026 10:01,09-06-2026 10:01,Completed
Xyz7450888,Atlas,DC,09-06-2026 10:00,09-06-2026 10:04,Completed
Xyz7450936,Atlas,DC,09-06-2026 10:00,09-06-2026 10:09,Completed
Xyz7451033,Atlas,DC,09-06-2026 10:02,09-06-2026 10:09,Completed
Xyz7451083,Atlas,DC,09-06-2026 10:02,09-06-2026 10:02,Completed
Xyz7451144,Atlas,DC,09-06-2026 10:04,09-06-2026 10:04,Completed
Xyz7451166,Atlas,DC,09-06-2026 10:03,09-06-2026 10:03,Completed
Xyz7451250,Atlas,DC,09-06-2026 10:03,09-06-2026 11:40,Completed
Xyz7451285,Atlas,DC,09-06-2026 10:03,09-06-2026 10:04,Completed
Xyz7451298,Atlas,DC,09-06-2026 10:04,09-06-2026 10:04,Completed
Xyz7451327,Atlas,DC,09-06-2026 10:00,09-06-2026 10:01,Completed
Xyz7451433,Atlas,DC,09-06-2026 10:03,09-06-2026 10:04,Completed
Xyz7451459,Atlas,DC,09-06-2026 10:02,09-06-2026 10:02,Completed
Xyz7451484,Atlas,DC,09-06-2026 10:02,09-06-2026 10:02,Completed
Xyz7451514,Atlas,DC,09-06-2026 21:01,-NA-,Expired
Xyz7451517,Atlas,DC,09-06-2026 10:02,09-06-2026 10:02,Completed
Xyz7451638,Atlas,DC,09-06-2026 10:00,09-06-2026 10:01,Completed
Xyz7451639,Atlas,DC,09-06-2026 10:03,09-06-2026 10:03,Completed
Xyz7451672,Atlas,DC,09-06-2026 10:00,09-06-2026 10:02,Completed
Xyz7451676,Atlas,DC,09-06-2026 10:02,09-06-2026 10:03,Completed
Xyz7451707,Atlas,DC,09-06-2026 10:03,09-06-2026 10:03,Completed
Xyz7451718,Atlas,DC,09-06-2026 10:02,09-06-2026 10:02,Completed
Xyz7451768,Atlas,DC,09-06-2026 10:02,09-06-2026 10:05,Completed
Xyz7451816,Atlas,DC,09-06-2026 10:03,09-06-2026 10:03,Completed
Xyz7451862,Atlas,DC,09-06-2026 10:00,09-06-2026 10:01,Completed
Xyz7451864,Atlas,DC,09-06-2026 10:02,09-06-2026 10:03,Completed
Xyz7451880,Atlas,DC,09-06-2026 10:03,09-06-2026 10:03,Completed
Xyz7451917,Atlas,DC,09-06-2026 10:02,09-06-2026 10:02,Completed
Xyz7451924,Atlas,DC,09-06-2026 10:02,09-06-2026 10:02,Completed
Xyz7451925,Atlas,DC,09-06-2026 10:04,09-06-2026 10:04,Completed
Xyz7452032,Atlas,DC,09-06-2026 10:03,09-06-2026 10:03,Completed
Xyz7452097,Atlas,DC,09-06-2026 10:03,09-06-2026 10:03,Completed
Xyz7452102,Atlas,DC,09-06-2026 10:02,-NA-,Expired
Xyz7452139,Atlas,DC,09-06-2026 10:03,09-06-2026 10:05,Completed
Xyz7452153,Atlas,DC,09-06-2026 10:03,09-06-2026 10:03,Completed
Xyz7452174,Atlas,DC,09-06-2026 10:02,09-06-2026 10:06,Completed
Xyz7452195,Atlas,DC,09-06-2026 10:03,09-06-2026 10:03,Completed
Xyz7452202,Atlas,DC,09-06-2026 10:02,09-06-2026 10:02,Completed
Xyz7452246,Atlas,DC,09-06-2026 10:02,09-06-2026 10:02,Completed
Xyz7452255,Atlas,DC,09-06-2026 21:01,-NA-,Expired
Xyz7452256,Atlas,DC,09-06-2026 21:01,-NA-,Expired
Xyz7452286,Atlas,DC,09-06-2026 10:01,09-06-2026 10:02,Completed
Xyz7452288,Atlas,DC,09-06-2026 10:02,09-06-2026 10:04,Completed
Xyz7452333,Atlas,DC,09-06-2026 10:00,09-06-2026 14:11,Completed
Xyz7452413,Atlas,DC,09-06-2026 10:03,09-06-2026 10:04,Completed
Xyz7452433,Atlas,DC,09-06-2026 10:02,09-06-2026 10:13,Completed
Xyz7452459,Atlas,DC,09-06-2026 21:03,-NA-,Expired
Xyz7452541,Atlas,DC,09-06-2026 21:00,-NA-,Expired
Xyz7452552,Atlas,DC,09-06-2026 10:03,09-06-2026 10:04,Completed
Xyz7452603,Atlas,DC,09-06-2026 10:03,09-06-2026 10:05,Completed
Xyz7452692,Atlas,DC,09-06-2026 10:00,09-06-2026 10:01,Completed
Xyz7452693,Atlas,DC,09-06-2026 10:01,09-06-2026 10:01,Completed
Xyz7452784,Atlas,DC,09-06-2026 21:04,-NA-,Expired
Xyz7452789,Atlas,DC,09-06-2026 21:03,-NA-,Expired
Xyz7452802,Atlas,DC,09-06-2026 10:03,09-06-2026 10:04,Completed
Xyz7452838,Atlas,DC,09-06-2026 10:03,09-06-2026 11:31,Completed
Xyz7452874,Atlas,DC,09-06-2026 10:02,09-06-2026 10:05,Completed
Xyz7452924,Atlas,DC,09-06-2026 10:02,09-06-2026 10:03,Completed
Xyz7452931,Atlas,DC,09-06-2026 10:01,09-06-2026 11:28,Completed
Xyz7452995,Atlas,DC,09-06-2026 10:02,09-06-2026 10:03,Completed
Xyz7453011,Atlas,DC,09-06-2026 10:03,09-06-2026 10:59,Completed
Xyz7453099,Atlas,DC,09-06-2026 10:04,09-06-2026 10:05,Completed
Xyz7453124,Atlas,DC,09-06-2026 10:03,09-06-2026 10:06,Completed
Xyz7453148,Atlas,DC,09-06-2026 21:01,-NA-,Expired
Xyz7453214,Atlas,DC,09-06-2026 20:59,-NA-,Expired
Xyz7453252,Atlas,DC,09-06-2026 10:03,09-06-2026 10:29,Completed
Xyz7453348,Atlas,DC,09-06-2026 10:03,09-06-2026 10:04,Completed
Xyz7453531,Atlas,DC,09-06-2026 10:03,09-06-2026 10:06,Completed
Xyz7453569,Atlas,DC,09-06-2026 10:02,09-06-2026 10:02,Completed
Xyz7453575,Atlas,DC,09-06-2026 21:00,-NA-,Expired
Xyz7453587,Atlas,DC,09-06-2026 10:03,09-06-2026 10:04,Completed
Xyz7453693,Atlas,DC,09-06-2026 21:01,-NA-,Expired
Xyz7453702,Atlas,DC,09-06-2026 10:03,09-06-2026 11:31,Completed
Xyz7453735,Atlas,DC,09-06-2026 10:02,09-06-2026 10:02,Completed
Xyz7453784,Atlas,DC,09-06-2026 10:03,09-06-2026 10:04,Completed
Xyz7453822,Atlas,DC,09-06-2026 21:08,-NA-,Expired
Xyz7453840,Atlas,DC,09-06-2026 10:00,09-06-2026 11:20,Completed
Xyz7453897,Atlas,DC,09-06-2026 10:03,09-06-2026 11:35,Completed
Xyz7453903,Atlas,DC,09-06-2026 10:03,09-06-2026 10:08,Completed
Xyz7454023,Atlas,DC,09-06-2026 10:02,09-06-2026 10:09,Completed
Xyz7454060,Atlas,DC,09-06-2026 20:59,-NA-,Expired
Xyz7454070,Atlas,DC,09-06-2026 10:02,09-06-2026 10:03,Completed
Xyz7454078,Atlas,DC,09-06-2026 10:04,09-06-2026 10:04,Completed
Xyz7454085,Atlas,DC,09-06-2026 10:02,-NA-,Expired
Xyz7454098,Atlas,DC,09-06-2026 20:59,-NA-,Expired
Xyz7454149,Atlas,DC,09-06-2026 10:02,09-06-2026 10:03,Completed
Xyz7454170,Atlas,DC,09-06-2026 10:03,09-06-2026 10:04,Completed
Xyz7454227,Atlas,DC,09-06-2026 21:01,-NA-,Expired
Xyz7454230,Atlas,DC,09-06-2026 21:04,-NA-,Expired
Xyz7454315,Atlas,DC,09-06-2026 10:02,09-06-2026 10:03,Completed
Xyz7454405,Atlas,DC,09-06-2026 21:01,-NA-,Expired
Xyz7454464,Atlas,DC,09-06-2026 10:03,09-06-2026 10:22,Completed
Xyz7454504,Atlas,DC,09-06-2026 10:02,-NA-,Expired
Xyz7454547,Atlas,DC,09-06-2026 10:04,09-06-2026 10:31,Completed
Xyz7454656,Atlas,DC,09-06-2026 10:03,09-06-2026 10:03,Completed
Xyz7454670,Atlas,DC,09-06-2026 10:03,09-06-2026 11:00,Completed
Xyz7454679,Atlas,DC,09-06-2026 10:03,09-06-2026 10:09,Completed
Xyz7454712,Atlas,DC,09-06-2026 10:03,09-06-2026 10:49,Completed
Xyz7454869,Atlas,DC,09-06-2026 10:00,09-06-2026 10:01,Completed
Xyz7454945,Atlas,DC,09-06-2026 21:01,-NA-,Expired
Xyz7455018,Atlas,DC,09-06-2026 10:03,09-06-2026 16:08,Completed
Xyz7455044,Atlas,DC,09-06-2026 10:03,09-06-2026 10:09,Completed
Xyz7455074,Atlas,DC,09-06-2026 10:03,09-06-2026 10:06,Completed
Xyz7455133,Atlas,DC,09-06-2026 10:03,09-06-2026 10:04,Completed
Xyz7455266,Atlas,DC,09-06-2026 10:00,09-06-2026 10:01,Completed
Xyz7455279,Atlas,DC,09-06-2026 21:01,-NA-,Expired
Xyz7455289,Atlas,DC,09-06-2026 10:03,09-06-2026 10:03,Completed
Xyz7455385,Atlas,DC,09-06-2026 10:03,09-06-2026 10:05,Completed
Xyz7455446,Atlas,DC,09-06-2026 10:01,09-06-2026 10:08,Completed
Xyz7455578,Atlas,DC,09-06-2026 10:04,09-06-2026 11:04,Completed
Xyz7455582,Atlas,DC,09-06-2026 21:04,-NA-,Expired
Xyz7455641,Atlas,DC,09-06-2026 10:03,-NA-,Expired
Xyz7455665,Atlas,DC,09-06-2026 10:03,09-06-2026 10:04,Completed
Xyz7455713,Atlas,DC,09-06-2026 10:03,09-06-2026 11:39,Completed
Xyz7455716,Atlas,DC,09-06-2026 10:03,09-06-2026 11:40,Completed
Xyz7455769,Atlas,DC,09-06-2026 10:02,09-06-2026 10:37,Completed
Xyz7455783,Atlas,DC,09-06-2026 10:01,09-06-2026 10:04,Completed
Xyz7455880,Atlas,DC,09-06-2026 10:03,09-06-2026 10:03,Completed
Xyz7455906,Atlas,DC,09-06-2026 10:03,09-06-2026 10:04,Completed
Xyz7455923,Atlas,DC,09-06-2026 10:03,09-06-2026 11:37,Completed
Xyz7455924,Atlas,DC,09-06-2026 10:02,09-06-2026 11:40,Completed
Xyz7455933,Atlas,DC,09-06-2026 10:03,09-06-2026 10:04,Completed
Xyz7455970,Atlas,DC,09-06-2026 10:02,09-06-2026 10:02,Completed
Xyz7456064,Atlas,DC,09-06-2026 10:02,09-06-2026 10:02,Completed
Xyz7456097,Atlas,DC,09-06-2026 10:03,09-06-2026 10:04,Completed
Xyz7456111,Atlas,DC,09-06-2026 10:03,-NA-,Expired
Xyz7456174,Atlas,DC,09-06-2026 10:02,-NA-,Expired
Xyz7456203,Atlas,DC,09-06-2026 10:01,09-06-2026 10:01,Completed
Xyz7456237,Atlas,DC,09-06-2026 10:02,-NA-,Expired
Xyz7456260,Atlas,DC,09-06-2026 10:01,09-06-2026 10:02,Completed
Xyz7456530,Atlas,DC,09-06-2026 20:59,-NA-,Expired
Xyz7456660,Atlas,DC,09-06-2026 10:03,09-06-2026 10:04,Completed
Xyz7456678,Atlas,DC,09-06-2026 10:01,09-06-2026 10:02,Completed
Xyz7456690,Atlas,DC,09-06-2026 10:02,09-06-2026 10:03,Completed
Xyz7456746,Atlas,DC,09-06-2026 10:00,09-06-2026 10:01,Completed
Xyz7456748,Atlas,DC,09-06-2026 10:00,09-06-2026 10:01,Completed
Xyz7456751,Atlas,DC,09-06-2026 10:01,09-06-2026 10:02,Completed
Xyz7456791,Atlas,DC,09-06-2026 10:03,09-06-2026 10:03,Completed
Xyz7456824,Atlas,DC,09-06-2026 21:01,-NA-,Expired
Xyz7456862,Atlas,DC,09-06-2026 10:01,09-06-2026 10:02,Completed
Xyz7457158,Atlas,DC,09-06-2026 10:01,09-06-2026 10:01,Completed
Xyz7457186,Atlas,DC,09-06-2026 10:03,09-06-2026 10:04,Completed
Xyz7457245,Atlas,DC,09-06-2026 10:01,09-06-2026 10:02,Completed
Xyz7457316,Atlas,DC,09-06-2026 10:01,09-06-2026 11:21,Completed
Xyz7457330,Atlas,DC,09-06-2026 10:02,09-06-2026 10:09,Completed
Xyz7457421,Atlas,DC,09-06-2026 10:03,09-06-2026 11:23,Completed
Xyz7457447,Atlas,DC,09-06-2026 10:02,09-06-2026 10:02,Completed
Xyz7457500,Atlas,DC,09-06-2026 10:01,09-06-2026 10:01,Completed
Xyz7457539,Atlas,DC,09-06-2026 21:00,-NA-,Expired
Xyz7457560,Atlas,DC,09-06-2026 21:00,-NA-,Expired
Xyz7457596,Atlas,DC,09-06-2026 21:02,-NA-,Expired
Xyz7457690,Atlas,DC,09-06-2026 10:00,09-06-2026 10:01,Completed
Xyz7457700,Atlas,DC,09-06-2026 10:01,09-06-2026 10:02,Completed
Xyz7457713,Atlas,DC,09-06-2026 10:02,09-06-2026 10:04,Completed
Xyz7457766,Atlas,DC,09-06-2026 10:01,09-06-2026 10:02,Completed
Xyz7457861,Atlas,DC,09-06-2026 10:01,09-06-2026 10:05,Completed
Xyz7457881,Atlas,DC,09-06-2026 10:03,09-06-2026 10:04,Completed
Xyz7458020,Atlas,DC,09-06-2026 10:03,09-06-2026 10:04,Completed
Xyz7458039,Atlas,DC,09-06-2026 10:00,09-06-2026 10:10,Completed
Xyz7458090,Atlas,DC,09-06-2026 10:03,09-06-2026 10:10,Completed
Xyz7458122,Atlas,DC,09-06-2026 10:01,09-06-2026 10:03,Completed
Xyz7458123,Atlas,DC,09-06-2026 10:01,09-06-2026 10:02,Completed
Xyz7458147,Atlas,DC,09-06-2026 10:01,09-06-2026 10:01,Completed
Xyz7458171,Atlas,DC,09-06-2026 10:01,09-06-2026 10:04,Completed
Xyz7458259,Atlas,DC,09-06-2026 10:03,09-06-2026 10:08,Completed
Xyz7458265,Atlas,DC,09-06-2026 10:00,09-06-2026 10:01,Completed
Xyz7458267,Atlas,DC,09-06-2026 10:03,09-06-2026 10:06,Completed
Xyz7458291,Atlas,DC,09-06-2026 10:01,09-06-2026 10:01,Completed
Xyz7458318,Atlas,DC,09-06-2026 10:03,09-06-2026 10:04,Completed
Xyz7458527,Atlas,DC,09-06-2026 10:03,09-06-2026 10:06,Completed
Xyz7458635,Atlas,DC,09-06-2026 10:03,09-06-2026 10:03,Completed
Xyz7458703,Atlas,DC,09-06-2026 10:02,09-06-2026 10:03,Completed
Xyz7458750,Atlas,DC,09-06-2026 10:03,09-06-2026 12:40,Completed
Xyz7458756,Atlas,DC,09-06-2026 10:01,09-06-2026 10:02,Completed
Xyz7458790,Atlas,DC,09-06-2026 10:04,09-06-2026 10:04,Completed
Xyz7458838,Atlas,DC,09-06-2026 10:03,09-06-2026 10:03,Completed
Xyz7458913,Atlas,DC,09-06-2026 10:03,09-06-2026 11:41,Completed
Xyz7459002,Atlas,DC,09-06-2026 10:03,09-06-2026 10:04,Completed
Xyz7459017,Atlas,DC,09-06-2026 10:00,09-06-2026 10:05,Completed
Xyz7459068,Atlas,DC,09-06-2026 10:02,09-06-2026 10:03,Completed
Xyz7459080,Atlas,DC,09-06-2026 10:03,09-06-2026 10:04,Completed
Xyz7459107,Atlas,DC,09-06-2026 10:02,09-06-2026 10:17,Completed
Xyz7459160,Atlas,DC,09-06-2026 10:03,09-06-2026 10:03,Completed
Xyz7459186,Atlas,DC,09-06-2026 10:03,09-06-2026 10:38,Completed
Xyz7459217,Atlas,DC,09-06-2026 10:04,09-06-2026 10:04,Completed
Xyz7459238,Atlas,DC,09-06-2026 10:03,09-06-2026 10:03,Completed
Xyz7459310,Atlas,DC,09-06-2026 10:04,09-06-2026 10:37,Completed
Xyz7459457,Atlas,DC,09-06-2026 10:04,09-06-2026 10:05,Completed
Xyz7459513,Atlas,DC,09-06-2026 10:04,09-06-2026 10:09,Completed
Xyz7459546,Atlas,DC,09-06-2026 10:03,09-06-2026 10:10,Completed
Xyz7459554,Atlas,DC,09-06-2026 10:00,09-06-2026 10:01,Completed
Xyz7459579,Atlas,DC,09-06-2026 10:04,09-06-2026 10:05,Completed
Xyz7459598,Atlas,DC,09-06-2026 10:03,-NA-,Expired
Xyz7459602,Atlas,DC,09-06-2026 10:04,09-06-2026 10:11,Completed
Xyz7459660,Atlas,DC,09-06-2026 10:03,09-06-2026 10:04,Completed
Xyz7459810,Atlas,DC,09-06-2026 10:02,09-06-2026 10:03,Completed
Xyz7459842,Atlas,DC,09-06-2026 10:03,09-06-2026 10:03,Completed
Xyz7459879,Atlas,DC,09-06-2026 10:02,09-06-2026 10:06,Completed
Xyz7459903,Atlas,DC,09-06-2026 10:02,09-06-2026 10:03,Completed
Xyz7459921,Atlas,DC,09-06-2026 10:02,09-06-2026 10:03,Completed
Xyz7459929,Atlas,DC,09-06-2026 10:03,09-06-2026 10:04,Completed
Xyz7459944,Atlas,DC,09-06-2026 10:03,09-06-2026 10:03,Completed
Xyz7459987,Atlas,DC,09-06-2026 10:02,09-06-2026 10:03,Completed
Xyz7460025,Atlas,DC,09-06-2026 10:02,09-06-2026 10:05,Completed
Xyz7460038,Atlas,DC,09-06-2026 10:03,09-06-2026 10:17,Completed
Xyz7460218,Atlas,DC,09-06-2026 10:00,09-06-2026 10:01,Completed
Xyz7460278,Atlas,DC,09-06-2026 10:02,09-06-2026 10:38,Completed
Xyz7460289,Atlas,DC,09-06-2026 10:03,09-06-2026 10:04,Completed
Xyz7460396,Atlas,DC,09-06-2026 10:02,09-06-2026 10:02,Completed
Xyz7460398,Atlas,DC,09-06-2026 10:03,09-06-2026 10:04,Completed
Xyz7460432,Atlas,DC,09-06-2026 10:02,09-06-2026 10:31,Completed
Xyz7460435,Atlas,DC,09-06-2026 10:04,09-06-2026 10:04,Completed
Xyz7460444,Atlas,DC,09-06-2026 21:01,-NA-,Expired
Xyz7460476,Atlas,DC,09-06-2026 21:02,09-06-2026 22:21,Completed
Xyz7460492,Atlas,DC,09-06-2026 10:03,09-06-2026 10:04,Completed
Xyz7460563,Atlas,DC,09-06-2026 10:01,09-06-2026 11:13,Completed
Xyz7460585,Atlas,DC,09-06-2026 21:01,-NA-,Expired
Xyz7460600,Atlas,DC,09-06-2026 21:00,-NA-,Expired
Xyz7460679,Atlas,DC,09-06-2026 10:02,09-06-2026 10:02,Completed
Xyz7460727,Atlas,DC,09-06-2026 21:01,-NA-,Expired
Xyz7460917,Atlas,DC,09-06-2026 10:03,09-06-2026 10:03,Completed
Xyz7461012,Atlas,DC,09-06-2026 10:03,09-06-2026 10:04,Completed
Xyz7461013,Atlas,DC,09-06-2026 10:02,09-06-2026 10:02,Completed
Xyz7461019,Atlas,DC,09-06-2026 10:03,09-06-2026 10:34,Completed
Xyz7461029,Atlas,DC,09-06-2026 10:00,09-06-2026 10:01,Completed
Xyz7461107,Atlas,DC,09-06-2026 10:04,09-06-2026 10:04,Completed
Xyz7461181,Atlas,DC,09-06-2026 10:02,09-06-2026 10:05,Completed
Xyz7461222,Atlas,DC,09-06-2026 10:02,09-06-2026 10:03,Completed
Xyz7461242,Atlas,DC,09-06-2026 10:04,09-06-2026 10:05,Completed
Xyz7461250,Atlas,DC,09-06-2026 10:03,-NA-,Expired
Xyz7461260,Atlas,DC,09-06-2026 10:03,09-06-2026 10:03,Completed
Xyz7461314,Atlas,DC,09-06-2026 10:03,09-06-2026 10:04,Completed
Xyz7461339,Atlas,DC,09-06-2026 10:01,09-06-2026 10:02,Completed
Xyz7461344,Atlas,DC,09-06-2026 10:01,09-06-2026 10:02,Completed
Xyz7461352,Atlas,DC,09-06-2026 21:04,-NA-,Expired
Xyz7461358,Atlas,DC,09-06-2026 10:00,09-06-2026 10:01,Completed
Xyz7461389,Atlas,DC,09-06-2026 10:01,09-06-2026 10:08,Completed
Xyz7461401,Atlas,DC,09-06-2026 10:03,09-06-2026 10:03,Completed
Xyz7461424,Atlas,DC,09-06-2026 10:03,09-06-2026 10:03,Completed
Xyz7461536,Atlas,DC,09-06-2026 10:01,09-06-2026 10:02,Completed
Xyz7461569,Atlas,DC,09-06-2026 10:03,09-06-2026 10:04,Completed
Xyz7461576,Atlas,DC,09-06-2026 10:03,09-06-2026 10:04,Completed
Xyz7461868,Atlas,DC,09-06-2026 10:01,09-06-2026 10:01,Completed
Xyz7461922,Atlas,DC,09-06-2026 10:01,09-06-2026 10:01,Completed
Xyz7461937,Atlas,DC,09-06-2026 10:04,09-06-2026 10:04,Completed
Xyz7461963,Atlas,DC,09-06-2026 10:00,09-06-2026 10:01,Completed
Xyz7462124,Atlas,DC,09-06-2026 10:02,09-06-2026 10:23,Completed
Xyz7462161,Atlas,DC,09-06-2026 10:02,09-06-2026 10:14,Completed
Xyz7462164,Atlas,DC,09-06-2026 10:02,09-06-2026 10:02,Completed
Xyz7462215,Atlas,DC,09-06-2026 21:03,-NA-,Expired
Xyz7462255,Atlas,DC,09-06-2026 10:00,09-06-2026 10:03,Completed
Xyz7462295,Atlas,DC,09-06-2026 10:02,09-06-2026 10:10,Completed
Xyz7462320,Atlas,DC,09-06-2026 10:02,09-06-2026 10:04,Completed
Xyz7462357,Atlas,DC,09-06-2026 10:03,09-06-2026 10:03,Completed
Xyz7462417,Atlas,DC,09-06-2026 10:02,-NA-,Expired
Xyz7462509,Atlas,DC,09-06-2026 10:03,09-06-2026 10:04,Completed
Xyz7462540,Atlas,DC,09-06-2026 10:03,09-06-2026 10:08,Completed
Xyz7462607,Atlas,DC,09-06-2026 10:01,09-06-2026 10:02,Completed
Xyz7462613,Atlas,DC,09-06-2026 10:03,09-06-2026 10:04,Completed
Xyz7462638,Atlas,DC,09-06-2026 10:01,09-06-2026 10:01,Completed
Xyz7462798,Atlas,DC,09-06-2026 10:00,09-06-2026 10:01,Completed
Xyz7462804,Atlas,DC,09-06-2026 10:02,09-06-2026 10:26,Completed
Xyz7462883,Atlas,DC,09-06-2026 10:02,09-06-2026 10:03,Completed
Xyz7462947,Atlas,DC,09-06-2026 10:01,09-06-2026 10:01,Completed
Xyz7462985,Atlas,DC,09-06-2026 10:03,09-06-2026 10:03,Completed
Xyz7462992,Atlas,DC,09-06-2026 10:02,09-06-2026 10:02,Completed
Xyz7463065,Atlas,DC,09-06-2026 10:03,09-06-2026 10:04,Completed
Xyz7463093,Atlas,DC,09-06-2026 10:02,09-06-2026 10:03,Completed
Xyz7463233,Atlas,DC,09-06-2026 10:03,09-06-2026 10:29,Completed
Xyz7463258,Atlas,DC,09-06-2026 10:03,09-06-2026 10:04,Completed
Xyz7463280,Atlas,DC,09-06-2026 10:03,09-06-2026 10:03,Completed
Xyz7463289,Atlas,DC,09-06-2026 10:03,09-06-2026 10:03,Completed
Xyz7463381,Atlas,DC,09-06-2026 10:01,09-06-2026 10:02,Completed
Xyz7463408,Atlas,DC,09-06-2026 10:03,09-06-2026 10:16,Completed
Xyz7463409,Atlas,DC,09-06-2026 10:02,09-06-2026 10:03,Completed
Xyz7463641,Atlas,DC,09-06-2026 10:03,09-06-2026 10:04,Completed
Xyz7463676,Atlas,DC,09-06-2026 10:03,09-06-2026 10:04,Completed
Xyz7463677,Atlas,DC,09-06-2026 10:03,09-06-2026 10:05,Completed
Xyz7463693,Atlas,DC,09-06-2026 10:03,09-06-2026 10:07,Completed
Xyz7463708,Atlas,DC,09-06-2026 10:03,09-06-2026 10:04,Completed
Xyz7463718,Atlas,DC,09-06-2026 10:03,09-06-2026 10:03,Completed
Xyz7463720,Atlas,DC,09-06-2026 10:01,09-06-2026 10:02,Completed
Xyz7463747,Atlas,DC,09-06-2026 10:03,09-06-2026 10:04,Completed
Xyz7463783,Atlas,DC,09-06-2026 10:00,09-06-2026 10:01,Completed
Xyz7463827,Atlas,DC,09-06-2026 10:02,09-06-2026 10:04,Completed
Xyz7463834,Atlas,DC,09-06-2026 10:02,10-06-2026 09:01,Completed
Xyz7463854,Atlas,DC,09-06-2026 10:03,-NA-,Expired
Xyz7463856,Atlas,DC,09-06-2026 10:03,09-06-2026 10:08,Completed
Xyz7463864,Atlas,DC,09-06-2026 10:02,09-06-2026 11:39,Completed
Xyz7463943,Atlas,DC,09-06-2026 10:03,09-06-2026 11:40,Completed
Xyz7464050,Atlas,DC,09-06-2026 21:00,-NA-,Expired
Xyz7464072,Atlas,DC,09-06-2026 10:02,09-06-2026 10:03,Completed
Xyz7464090,Atlas,DC,09-06-2026 10:02,09-06-2026 10:03,Completed
Xyz7464179,Atlas,DC,09-06-2026 10:03,09-06-2026 10:04,Completed
Xyz7464223,Atlas,DC,09-06-2026 10:01,09-06-2026 10:08,Completed
Xyz7464267,Atlas,DC,09-06-2026 10:01,09-06-2026 10:04,Completed
Xyz7464368,Atlas,DC,09-06-2026 10:01,09-06-2026 10:02,Completed
Xyz7464401,Atlas,DC,09-06-2026 10:02,09-06-2026 10:03,Completed
Xyz7464419,Atlas,DC,09-06-2026 10:03,09-06-2026 10:03,Completed
Xyz7464457,Atlas,DC,09-06-2026 10:03,09-06-2026 10:04,Completed
Xyz7464460,Atlas,DC,09-06-2026 10:03,09-06-2026 10:04,Completed
Xyz7464502,Atlas,DC,09-06-2026 10:01,09-06-2026 10:01,Completed
Xyz7464523,Atlas,DC,09-06-2026 10:02,09-06-2026 12:08,Completed
Xyz7464549,Atlas,DC,09-06-2026 10:03,09-06-2026 10:04,Completed
Xyz7464867,Atlas,DC,09-06-2026 10:00,09-06-2026 10:01,Completed
Xyz7464901,Atlas,DC,09-06-2026 10:02,09-06-2026 10:03,Completed
Xyz7464908,Atlas,DC,09-06-2026 10:03,09-06-2026 10:03,Completed
Xyz7464989,Atlas,DC,09-06-2026 10:02,09-06-2026 10:03,Completed
Xyz7465028,Atlas,DC,09-06-2026 10:03,09-06-2026 10:04,Completed
Xyz7465049,Atlas,DC,09-06-2026 10:02,09-06-2026 10:16,Completed
Xyz7465051,Atlas,DC,09-06-2026 10:01,09-06-2026 10:01,Completed
Xyz7465068,Atlas,DC,09-06-2026 10:00,09-06-2026 10:01,Completed
Xyz7465117,Atlas,DC,09-06-2026 10:01,09-06-2026 10:02,Completed
Xyz7465125,Atlas,DC,09-06-2026 10:02,09-06-2026 10:03,Completed
Xyz7465297,Atlas,DC,09-06-2026 10:00,09-06-2026 10:01,Completed
Xyz7465395,Atlas,DC,09-06-2026 10:02,09-06-2026 11:43,Completed
Xyz7465405,Atlas,DC,09-06-2026 10:03,09-06-2026 10:03,Completed
Xyz7465447,Atlas,DC,09-06-2026 10:03,09-06-2026 10:03,Completed
Xyz7465490,Atlas,DC,09-06-2026 10:03,09-06-2026 10:04,Completed
Xyz7465497,Atlas,DC,09-06-2026 10:03,09-06-2026 10:04,Completed
Xyz7465503,Atlas,DC,09-06-2026 10:02,09-06-2026 10:03,Completed
Xyz7465506,Atlas,DC,09-06-2026 10:03,09-06-2026 10:05,Completed
Xyz7465587,Atlas,DC,09-06-2026 10:00,09-06-2026 10:01,Completed
Xyz7465600,Atlas,DC,09-06-2026 10:03,09-06-2026 10:03,Completed
Xyz7465602,Atlas,DC,09-06-2026 10:00,09-06-2026 10:01,Completed
Xyz7465635,Atlas,DC,09-06-2026 10:03,09-06-2026 10:03,Completed
Xyz7465643,Atlas,DC,09-06-2026 21:00,-NA-,Expired
Xyz7465716,Atlas,DC,09-06-2026 10:03,09-06-2026 14:07,Completed
Xyz7465729,Atlas,DC,09-06-2026 10:02,09-06-2026 10:07,Completed
Xyz7465734,Atlas,DC,09-06-2026 10:03,09-06-2026 10:03,Completed
Xyz7465736,Atlas,DC,09-06-2026 10:03,09-06-2026 10:03,Completed
Xyz7465759,Atlas,DC,09-06-2026 10:02,09-06-2026 10:07,Completed
Xyz7465766,Atlas,DC,09-06-2026 10:01,09-06-2026 12:08,Completed
Xyz7465768,Atlas,DC,09-06-2026 21:01,-NA-,Expired
Xyz7465905,Atlas,DC,09-06-2026 10:03,-NA-,Expired
Xyz7466008,Atlas,DC,09-06-2026 10:03,09-06-2026 10:03,Completed
Xyz7466013,Atlas,DC,09-06-2026 10:02,09-06-2026 10:03,Completed
Xyz7466029,Atlas,DC,09-06-2026 10:02,09-06-2026 10:02,Completed
Xyz7466047,Atlas,DC,09-06-2026 10:02,09-06-2026 10:02,Completed
Xyz7466097,Atlas,DC,09-06-2026 10:01,09-06-2026 10:01,Completed
Xyz7466150,Atlas,DC,09-06-2026 10:02,09-06-2026 10:02,Completed
Xyz7466165,Atlas,DC,09-06-2026 10:03,09-06-2026 10:08,Completed
Xyz7466203,Atlas,DC,09-06-2026 10:01,-NA-,Expired
Xyz7466205,Atlas,DC,09-06-2026 10:00,09-06-2026 10:01,Completed
Xyz7466222,Atlas,DC,09-06-2026 10:03,09-06-2026 10:04,Completed
Xyz7466228,Atlas,DC,09-06-2026 21:00,-NA-,Expired
Xyz7466256,Atlas,DC,09-06-2026 10:02,09-06-2026 10:02,Completed
Xyz7466351,Atlas,DC,09-06-2026 10:03,09-06-2026 10:04,Completed
Xyz7466365,Atlas,DC,09-06-2026 21:01,-NA-,Expired
Xyz7466390,Atlas,DC,09-06-2026 10:03,09-06-2026 10:03,Completed
Xyz7466465,Atlas,DC,09-06-2026 10:00,09-06-2026 10:01,Completed
Xyz7466466,Atlas,DC,09-06-2026 10:03,09-06-2026 10:04,Completed
Xyz7466511,Atlas,DC,09-06-2026 10:03,09-06-2026 10:04,Completed
Xyz7466525,Atlas,DC,09-06-2026 10:01,09-06-2026 10:02,Completed
Xyz7466535,Atlas,DC,09-06-2026 10:01,09-06-2026 10:08,Completed
Xyz7466543,Atlas,DC,09-06-2026 10:03,09-06-2026 10:04,Completed
Xyz7466554,Atlas,DC,09-06-2026 10:02,09-06-2026 10:03,Completed
Xyz7466564,Atlas,DC,09-06-2026 10:00,09-06-2026 10:16,Completed
Xyz7466603,Atlas,DC,09-06-2026 10:01,-NA-,Expired
Xyz7466741,Atlas,DC,09-06-2026 10:00,09-06-2026 10:01,Completed
Xyz7466744,Atlas,DC,09-06-2026 10:03,09-06-2026 10:03,Completed
Xyz7466836,Atlas,DC,09-06-2026 10:02,09-06-2026 10:02,Completed
Xyz7466868,Atlas,DC,09-06-2026 10:01,09-06-2026 10:04,Completed
Xyz7466901,Atlas,DC,09-06-2026 10:03,09-06-2026 10:03,Completed
Xyz7466915,Atlas,DC,09-06-2026 10:01,09-06-2026 10:02,Completed
Xyz7466968,Atlas,DC,09-06-2026 21:01,-NA-,Expired
Xyz7467156,Atlas,DC,09-06-2026 10:03,09-06-2026 10:03,Completed
Xyz7467196,Atlas,DC,09-06-2026 10:03,09-06-2026 10:03,Completed
Xyz7467197,Atlas,DC,09-06-2026 10:02,09-06-2026 10:03,Completed
Xyz7467220,Atlas,DC,09-06-2026 10:00,09-06-2026 10:01,Completed
Xyz7467232,Atlas,DC,09-06-2026 10:03,09-06-2026 10:05,Completed
Xyz7467273,Atlas,DC,09-06-2026 10:02,09-06-2026 10:08,Completed
Xyz7467361,Atlas,DC,09-06-2026 10:03,-NA-,Expired
Xyz7467370,Atlas,DC,09-06-2026 10:02,09-06-2026 10:03,Completed
Xyz7467373,Atlas,DC,09-06-2026 10:02,09-06-2026 10:03,Completed
Xyz7467627,Atlas,DC,09-06-2026 10:02,09-06-2026 10:03,Completed
Xyz7467661,Atlas,DC,09-06-2026 10:02,09-06-2026 10:03,Completed
Xyz7467695,Atlas,DC,09-06-2026 10:01,09-06-2026 10:02,Completed
Xyz7467734,Atlas,DC,09-06-2026 10:00,09-06-2026 10:01,Completed
Xyz7467788,Atlas,DC,09-06-2026 10:01,09-06-2026 10:01,Completed
Xyz7467919,Atlas,DC,09-06-2026 10:04,09-06-2026 10:04,Completed
Xyz7467994,Atlas,DC,09-06-2026 20:59,-NA-,Expired
Xyz7468020,Atlas,DC,09-06-2026 10:03,09-06-2026 11:05,Completed
Xyz7468084,Atlas,DC,09-06-2026 10:04,09-06-2026 10:05,Completed
Xyz7468114,Atlas,DC,09-06-2026 21:01,-NA-,Expired
Xyz7468215,Atlas,DC,09-06-2026 10:04,09-06-2026 10:08,Completed
Xyz7468238,Atlas,DC,09-06-2026 10:02,09-06-2026 11:58,Completed
Xyz7468287,Atlas,DC,09-06-2026 21:01,-NA-,Expired
Xyz7468427,Atlas,DC,09-06-2026 21:00,-NA-,Expired
Xyz7468466,Atlas,DC,09-06-2026 10:03,09-06-2026 10:04,Completed
Xyz7468522,Atlas,DC,09-06-2026 10:02,09-06-2026 10:03,Completed
Xyz7468573,Atlas,DC,09-06-2026 10:03,09-06-2026 12:30,Completed
Xyz7468732,Atlas,DC,09-06-2026 10:03,09-06-2026 11:16,Completed
Xyz7468742,Atlas,DC,09-06-2026 10:03,09-06-2026 10:03,Completed
Xyz7469001,Atlas,DC,09-06-2026 10:03,-NA-,Expired
Xyz7469057,Atlas,DC,09-06-2026 21:08,-NA-,Expired
Xyz7469069,Atlas,DC,09-06-2026 10:02,09-06-2026 10:03,Completed
Xyz7469120,Atlas,DC,09-06-2026 10:01,09-06-2026 10:08,Completed
Xyz7469234,Atlas,DC,09-06-2026 10:03,09-06-2026 10:03,Completed
Xyz7469249,Atlas,DC,09-06-2026 10:03,09-06-2026 10:09,Completed
Xyz7469305,Atlas,DC,09-06-2026 21:03,-NA-,Expired
Xyz7469308,Atlas,DC,09-06-2026 21:02,-NA-,Expired
Xyz7469310,Atlas,DC,09-06-2026 21:02,-NA-,Expired
Xyz7469311,Atlas,DC,09-06-2026 21:04,-NA-,Expired
Xyz7469318,Atlas,DC,09-06-2026 10:02,09-06-2026 14:10,Completed
Xyz7469371,Atlas,DC,09-06-2026 10:02,09-06-2026 10:03,Completed
Xyz7469409,Atlas,DC,09-06-2026 21:01,-NA-,Expired
Xyz7469428,Atlas,DC,09-06-2026 21:04,-NA-,Expired
Xyz7469578,Atlas,DC,09-06-2026 10:03,09-06-2026 10:04,Completed
Xyz7469588,Atlas,DC,09-06-2026 10:04,09-06-2026 10:05,Completed
Xyz7469592,Atlas,DC,09-06-2026 10:02,09-06-2026 10:02,Completed
Xyz7469600,Atlas,DC,09-06-2026 10:00,09-06-2026 10:01,Completed
Xyz7469616,Atlas,DC,09-06-2026 10:03,09-06-2026 10:04,Completed
Xyz7469646,Atlas,DC,09-06-2026 10:04,09-06-2026 12:35,Completed
Xyz7469721,Atlas,DC,09-06-2026 21:07,-NA-,Expired
Xyz7469848,Atlas,DC,09-06-2026 21:04,-NA-,Expired
Xyz7469907,Atlas,DC,09-06-2026 21:06,-NA-,Expired
Xyz7469909,Atlas,DC,09-06-2026 21:08,-NA-,Expired
Xyz7469910,Atlas,DC,09-06-2026 21:06,-NA-,Expired
Xyz7469912,Atlas,DC,09-06-2026 21:08,-NA-,Expired
Xyz7469974,Atlas,DC,09-06-2026 21:01,-NA-,Expired
Xyz7469980,Atlas,DC,09-06-2026 10:02,09-06-2026 10:04,Completed
Xyz7470013,Atlas,DC,09-06-2026 21:03,-NA-,Expired
Xyz7470087,Atlas,DC,09-06-2026 10:02,09-06-2026 10:03,Completed
Xyz7470109,Atlas,DC,09-06-2026 10:03,09-06-2026 10:05,Completed
Xyz7470110,Atlas,DC,09-06-2026 10:04,09-06-2026 10:04,Completed
Xyz7470207,Atlas,DC,09-06-2026 10:02,-NA-,Expired
Xyz7470216,Atlas,DC,09-06-2026 10:01,09-06-2026 10:01,Completed
Xyz7470238,Atlas,DC,09-06-2026 10:03,09-06-2026 10:03,Completed
Xyz7470259,Atlas,DC,09-06-2026 20:59,-NA-,Expired
Xyz7470398,Atlas,DC,09-06-2026 21:00,-NA-,Expired
Xyz7470404,Atlas,DC,09-06-2026 10:03,09-06-2026 10:03,Completed
Xyz7470405,Atlas,DC,09-06-2026 10:02,09-06-2026 10:03,Completed
Xyz7470517,Atlas,DC,09-06-2026 10:03,09-06-2026 10:03,Completed
Xyz7470624,Atlas,DC,09-06-2026 21:01,-NA-,Expired
Xyz7470676,Atlas,DC,09-06-2026 10:03,09-06-2026 11:02,Completed
Xyz7470684,Atlas,DC,09-06-2026 20:59,-NA-,Expired
Xyz7470762,Atlas,DC,09-06-2026 21:01,-NA-,Expired
Xyz7470765,Atlas,DC,09-06-2026 21:01,-NA-,Expired
Xyz7470767,Atlas,DC,09-06-2026 21:01,-NA-,Expired
Xyz7470836,Atlas,DC,09-06-2026 21:03,-NA-,Expired
Xyz7470837,Atlas,DC,09-06-2026 21:01,-NA-,Expired
Xyz7470858,Atlas,DC,09-06-2026 21:03,-NA-,Expired
Xyz7470879,Atlas,DC,09-06-2026 10:03,09-06-2026 11:02,Completed
Xyz7471074,Atlas,DC,09-06-2026 21:02,-NA-,Expired
Xyz7471075,Atlas,DC,09-06-2026 10:02,09-06-2026 10:02,Completed
Xyz7471185,Atlas,DC,09-06-2026 21:02,-NA-,Expired
Xyz7471190,Atlas,DC,09-06-2026 21:02,-NA-,Expired
Xyz7471192,Atlas,DC,09-06-2026 21:02,-NA-,Expired
Xyz7471208,Atlas,DC,09-06-2026 10:03,09-06-2026 10:05,Completed
Xyz7471241,Atlas,DC,09-06-2026 21:01,-NA-,Expired
Xyz7471242,Atlas,DC,09-06-2026 21:01,-NA-,Expired
Xyz7471245,Atlas,DC,09-06-2026 21:03,-NA-,Expired
Xyz7471247,Atlas,DC,09-06-2026 10:02,09-06-2026 10:12,Completed
Xyz7471312,Atlas,DC,09-06-2026 10:00,09-06-2026 10:01,Completed
Xyz7471322,Atlas,DC,09-06-2026 10:02,09-06-2026 10:03,Completed
Xyz7471339,Atlas,DC,09-06-2026 10:02,09-06-2026 10:03,Completed
Xyz7471346,Atlas,DC,09-06-2026 10:03,09-06-2026 12:35,Completed
Xyz7471368,Atlas,DC,09-06-2026 21:02,-NA-,Expired
Xyz7471548,Atlas,DC,09-06-2026 10:01,09-06-2026 10:02,Completed
Xyz7471558,Atlas,DC,09-06-2026 10:04,09-06-2026 10:07,Completed
Xyz7471609,Atlas,DC,09-06-2026 21:02,-NA-,Expired
Xyz7471611,Atlas,DC,09-06-2026 21:02,-NA-,Expired
Xyz7471612,Atlas,DC,09-06-2026 21:02,-NA-,Expired
Xyz7471613,Atlas,DC,09-06-2026 21:01,-NA-,Expired
Xyz7471616,Atlas,DC,09-06-2026 21:02,-NA-,Expired
Xyz7471677,Atlas,DC,09-06-2026 10:03,09-06-2026 10:35,Completed
Xyz7471703,Atlas,DC,09-06-2026 10:03,09-06-2026 10:04,Completed
Xyz7471727,Atlas,DC,09-06-2026 10:00,09-06-2026 10:36,Completed
Xyz7471738,Atlas,DC,09-06-2026 10:01,09-06-2026 10:01,Completed
Xyz7471759,Atlas,DC,09-06-2026 10:02,09-06-2026 10:10,Completed
Xyz7471777,Atlas,DC,09-06-2026 10:01,09-06-2026 10:02,Completed
Xyz7471780,Atlas,DC,09-06-2026 10:00,09-06-2026 10:01,Completed
Xyz7471798,Atlas,DC,09-06-2026 10:00,09-06-2026 10:01,Completed
Xyz7471898,Atlas,DC,09-06-2026 21:01,-NA-,Expired
Xyz7471938,Atlas,DC,09-06-2026 10:01,-NA-,Expired
Xyz7471945,Atlas,DC,09-06-2026 10:02,09-06-2026 10:39,Completed
Xyz7471962,Atlas,DC,09-06-2026 21:00,-NA-,Expired
Xyz7472034,Atlas,DC,09-06-2026 10:04,09-06-2026 11:12,Completed
Xyz7472035,Atlas,DC,09-06-2026 21:01,-NA-,Expired
Xyz7472052,Atlas,DC,09-06-2026 10:01,09-06-2026 10:05,Completed
Xyz7472080,Atlas,DC,09-06-2026 20:59,-NA-,Expired
Xyz7472110,Atlas,DC,09-06-2026 10:02,09-06-2026 10:08,Completed
Xyz7472125,Atlas,DC,09-06-2026 10:01,09-06-2026 10:16,Completed
Xyz7472127,Atlas,DC,09-06-2026 10:00,09-06-2026 10:01,Completed
Xyz7472137,Atlas,DC,09-06-2026 10:04,09-06-2026 10:30,Completed
Xyz7472259,Atlas,DC,09-06-2026 21:00,-NA-,Expired
Xyz7472271,Atlas,DC,09-06-2026 10:02,09-06-2026 11:10,Completed
Xyz7472362,Atlas,DC,09-06-2026 10:02,09-06-2026 10:12,Completed
Xyz7472534,Atlas,DC,09-06-2026 10:01,09-06-2026 10:03,Completed
Xyz7472562,Atlas,DC,09-06-2026 10:03,-NA-,Expired
Xyz7472636,Atlas,DC,09-06-2026 10:02,09-06-2026 10:07,Completed
Xyz7472737,Atlas,DC,09-06-2026 10:01,09-06-2026 10:06,Completed
Xyz7472742,Atlas,DC,09-06-2026 21:00,-NA-,Expired
Xyz7472746,Atlas,DC,09-06-2026 10:01,09-06-2026 10:40,Completed
Xyz7472842,Atlas,DC,09-06-2026 10:03,09-06-2026 10:04,Completed
Xyz7472947,Atlas,DC,09-06-2026 10:02,09-06-2026 12:48,Completed
Xyz7472950,Atlas,DC,09-06-2026 10:02,09-06-2026 12:47,Completed
Xyz7473010,Atlas,DC,09-06-2026 10:03,09-06-2026 10:03,Completed
Xyz7473101,Atlas,DC,09-06-2026 10:00,09-06-2026 12:41,Completed
Xyz7473294,Atlas,DC,09-06-2026 10:01,09-06-2026 10:02,Completed
Xyz7473335,Atlas,DC,09-06-2026 10:03,09-06-2026 10:07,Completed
Xyz7473397,Atlas,DC,09-06-2026 10:02,09-06-2026 10:22,Completed
Xyz7473489,Atlas,DC,09-06-2026 10:03,09-06-2026 10:03,Completed
Xyz7473501,Atlas,DC,09-06-2026 21:00,-NA-,Expired
Xyz7473538,Atlas,DC,09-06-2026 10:02,09-06-2026 10:03,Completed
Xyz7473565,Atlas,DC,09-06-2026 10:02,09-06-2026 10:05,Completed
Xyz7473570,Atlas,DC,09-06-2026 10:03,09-06-2026 13:43,Completed
Xyz7473588,Atlas,DC,09-06-2026 10:03,09-06-2026 12:19,Completed
Xyz7473765,Atlas,DC,09-06-2026 10:00,09-06-2026 10:01,Completed
Xyz7473844,Atlas,DC,09-06-2026 10:03,09-06-2026 10:03,Completed
Xyz7473889,Atlas,DC,09-06-2026 10:02,09-06-2026 10:03,Completed
Xyz7473915,Atlas,DC,09-06-2026 10:03,09-06-2026 10:03,Completed
Xyz7473932,Atlas,DC,09-06-2026 10:04,09-06-2026 10:05,Completed
Xyz7473970,Atlas,DC,09-06-2026 10:02,09-06-2026 10:03,Completed
Xyz7473975,Atlas,DC,09-06-2026 10:03,09-06-2026 10:03,Completed
Xyz7473993,Atlas,DC,09-06-2026 10:02,09-06-2026 11:42,Completed
Xyz7474093,Atlas,DC,09-06-2026 10:02,09-06-2026 10:02,Completed
Xyz7474099,Atlas,DC,09-06-2026 10:01,09-06-2026 10:02,Completed
Xyz7474129,Atlas,DC,09-06-2026 10:01,09-06-2026 10:01,Completed
Xyz7474154,Atlas,DC,09-06-2026 10:03,09-06-2026 10:03,Completed
Xyz7474161,Atlas,DC,09-06-2026 21:04,-NA-,Expired
Xyz7474220,Atlas,DC,09-06-2026 10:03,10-06-2026 09:01,Completed
Xyz7474361,Atlas,DC,09-06-2026 10:02,09-06-2026 10:06,Completed
Xyz7474370,Atlas,DC,09-06-2026 10:02,09-06-2026 10:03,Completed
Xyz7474471,Atlas,DC,09-06-2026 10:01,09-06-2026 10:01,Completed
Xyz7474472,Atlas,DC,09-06-2026 21:00,-NA-,Expired
Xyz7474515,Atlas,DC,09-06-2026 10:02,09-06-2026 13:37,Completed
Xyz7474708,Atlas,DC,09-06-2026 10:02,09-06-2026 10:12,Completed
Xyz7474711,Atlas,DC,09-06-2026 10:03,09-06-2026 10:04,Completed
Xyz7474769,Atlas,DC,09-06-2026 10:02,09-06-2026 10:03,Completed
Xyz7474898,Atlas,DC,09-06-2026 10:02,09-06-2026 10:03,Completed
Xyz7474950,Atlas,DC,09-06-2026 10:03,09-06-2026 10:03,Completed
Xyz7474956,Atlas,DC,09-06-2026 10:03,09-06-2026 10:03,Completed
Xyz7474973,Atlas,DC,09-06-2026 10:01,09-06-2026 10:01,Completed
Xyz7475005,Atlas,DC,09-06-2026 10:03,09-06-2026 10:04,Completed
Xyz7475166,Atlas,DC,09-06-2026 10:02,09-06-2026 10:03,Completed
Xyz7475168,Atlas,DC,09-06-2026 10:03,09-06-2026 10:04,Completed
Xyz7475181,Atlas,DC,09-06-2026 10:03,09-06-2026 10:04,Completed
Xyz7475194,Atlas,DC,09-06-2026 21:01,-NA-,Expired
Xyz7475244,Atlas,DC,09-06-2026 10:04,09-06-2026 10:35,Completed
Xyz7475272,Atlas,DC,09-06-2026 10:03,09-06-2026 10:09,Completed
Xyz7475387,Atlas,DC,09-06-2026 10:02,09-06-2026 10:03,Completed
Xyz7475513,Atlas,DC,09-06-2026 10:04,09-06-2026 10:33,Completed
Xyz7475534,Atlas,DC,09-06-2026 10:03,09-06-2026 10:03,Completed
Xyz7475547,Atlas,DC,09-06-2026 10:02,09-06-2026 10:04,Completed
Xyz7475552,Atlas,DC,09-06-2026 10:03,09-06-2026 10:04,Completed
Xyz7475577,Atlas,DC,09-06-2026 10:03,09-06-2026 10:04,Completed
Xyz7475598,Atlas,DC,09-06-2026 10:00,09-06-2026 10:01,Completed
Xyz7475603,Atlas,DC,09-06-2026 10:03,09-06-2026 10:04,Completed
Xyz7475609,Atlas,DC,09-06-2026 10:03,09-06-2026 10:04,Completed
Xyz7475659,Atlas,DC,09-06-2026 10:00,09-06-2026 10:01,Completed
Xyz7475720,Atlas,DC,09-06-2026 10:02,09-06-2026 10:36,Completed
Xyz7475732,Atlas,DC,09-06-2026 10:00,09-06-2026 10:01,Completed
Xyz7475748,Atlas,DC,09-06-2026 10:01,09-06-2026 10:04,Completed
Xyz7475779,Atlas,DC,09-06-2026 10:04,09-06-2026 10:04,Completed
Xyz7475858,Atlas,DC,09-06-2026 10:03,09-06-2026 10:04,Completed
Xyz7475864,Atlas,DC,09-06-2026 10:03,09-06-2026 10:05,Completed
Xyz7475925,Atlas,DC,09-06-2026 10:02,09-06-2026 15:43,Completed
Xyz7475926,Atlas,DC,09-06-2026 10:03,09-06-2026 14:25,Completed
Xyz7475934,Atlas,DC,09-06-2026 10:03,-NA-,Expired
Xyz7475958,Atlas,DC,09-06-2026 10:03,09-06-2026 10:08,Completed
Xyz7475968,Atlas,DC,09-06-2026 21:02,-NA-,Expired
Xyz7475982,Atlas,DC,09-06-2026 10:03,09-06-2026 10:03,Completed
Xyz7476068,Atlas,DC,09-06-2026 10:03,09-06-2026 10:03,Completed
Xyz7476207,Atlas,DC,09-06-2026 21:00,-NA-,Expired
Xyz7476215,Atlas,DC,09-06-2026 10:03,09-06-2026 10:04,Completed
Xyz7476234,Atlas,DC,09-06-2026 10:03,09-06-2026 10:04,Completed
Xyz7476334,Atlas,DC,09-06-2026 10:03,09-06-2026 10:03,Completed
Xyz7476338,Atlas,DC,09-06-2026 10:01,09-06-2026 10:02,Completed
Xyz7476406,Atlas,DC,09-06-2026 10:03,-NA-,Expired
Xyz7476419,Atlas,DC,09-06-2026 10:01,09-06-2026 10:04,Completed
Xyz7476451,Atlas,DC,09-06-2026 10:02,09-06-2026 10:02,Completed
Xyz7476469,Atlas,DC,09-06-2026 10:02,09-06-2026 10:35,Completed
Xyz7476508,Atlas,DC,09-06-2026 10:01,09-06-2026 11:13,Completed
Xyz7476509,Atlas,DC,09-06-2026 10:03,09-06-2026 10:03,Completed
Xyz7476545,Atlas,DC,09-06-2026 21:01,-NA-,Expired
Xyz7476553,Atlas,DC,09-06-2026 10:02,09-06-2026 10:05,Completed
Xyz7476575,Atlas,DC,09-06-2026 21:00,-NA-,Expired
Xyz7476622,Atlas,DC,09-06-2026 21:01,-NA-,Expired
Xyz7476661,Atlas,DC,09-06-2026 10:03,09-06-2026 10:04,Completed
Xyz7476716,Atlas,DC,09-06-2026 10:00,09-06-2026 10:41,Completed
Xyz7476759,Atlas,DC,09-06-2026 10:03,09-06-2026 10:03,Completed
Xyz7476857,Atlas,DC,09-06-2026 10:03,09-06-2026 10:03,Completed
Xyz7477080,Atlas,DC,09-06-2026 10:03,09-06-2026 10:07,Completed
Xyz7477119,Atlas,DC,09-06-2026 10:03,09-06-2026 10:06,Completed
Xyz7477201,Atlas,DC,09-06-2026 10:02,09-06-2026 12:02,Completed
Xyz7477213,Atlas,DC,09-06-2026 10:03,09-06-2026 10:10,Completed
Xyz7477372,Atlas,DC,09-06-2026 10:02,09-06-2026 10:08,Completed
Xyz7477450,Atlas,DC,09-06-2026 10:03,09-06-2026 10:04,Completed
Xyz7477620,Atlas,DC,09-06-2026 10:02,09-06-2026 10:03,Completed
Xyz7477625,Atlas,DC,09-06-2026 10:03,09-06-2026 10:06,Completed
Xyz7477628,Atlas,DC,09-06-2026 10:01,-NA-,Expired
Xyz7477636,Atlas,DC,09-06-2026 10:03,09-06-2026 10:03,Completed
Xyz7477752,Atlas,DC,09-06-2026 10:02,-NA-,Expired
Xyz7477878,Atlas,DC,09-06-2026 10:00,09-06-2026 10:01,Completed
Xyz7477909,Atlas,DC,09-06-2026 10:01,09-06-2026 10:10,Completed
Xyz7477924,Atlas,DC,09-06-2026 10:02,09-06-2026 10:04,Completed
Xyz7477937,Atlas,DC,09-06-2026 21:01,-NA-,Expired
Xyz7477939,Atlas,DC,09-06-2026 21:01,-NA-,Expired
Xyz7477976,Atlas,DC,09-06-2026 21:00,-NA-,Expired
Xyz7477986,Atlas,DC,09-06-2026 10:02,09-06-2026 10:03,Completed
Xyz7478024,Atlas,DC,09-06-2026 10:01,09-06-2026 10:01,Completed
Xyz7478026,Atlas,DC,09-06-2026 10:02,09-06-2026 10:02,Completed
Xyz7478067,Atlas,DC,09-06-2026 10:01,09-06-2026 10:02,Completed
Xyz7478201,Atlas,DC,09-06-2026 10:01,09-06-2026 10:01,Completed
Xyz7478235,Atlas,DC,09-06-2026 10:03,09-06-2026 10:04,Completed
Xyz7478276,Atlas,DC,09-06-2026 10:00,09-06-2026 10:01,Completed
Xyz7478288,Atlas,DC,09-06-2026 10:00,09-06-2026 10:08,Completed
Xyz7478307,Atlas,DC,09-06-2026 10:02,09-06-2026 10:04,Completed
Xyz7478389,Atlas,DC,09-06-2026 10:02,09-06-2026 10:03,Completed
Xyz7478449,Atlas,DC,09-06-2026 10:02,09-06-2026 10:03,Completed
Xyz7478488,Atlas,DC,09-06-2026 10:03,09-06-2026 10:04,Completed
Xyz7478539,Atlas,DC,09-06-2026 10:02,09-06-2026 10:19,Completed
Xyz7478603,Atlas,DC,09-06-2026 10:03,09-06-2026 10:03,Completed
Xyz7478619,Atlas,DC,09-06-2026 10:00,09-06-2026 14:26,Completed
Xyz7478650,Atlas,DC,09-06-2026 10:01,09-06-2026 10:15,Completed
Xyz7478671,Atlas,DC,09-06-2026 10:03,09-06-2026 10:04,Completed
Xyz7478739,Atlas,DC,09-06-2026 10:02,09-06-2026 10:03,Completed
Xyz7478753,Atlas,DC,09-06-2026 21:02,-NA-,Expired
Xyz7478792,Atlas,DC,09-06-2026 10:03,09-06-2026 10:04,Completed
Xyz7478840,Atlas,DC,09-06-2026 10:01,09-06-2026 10:14,Completed
Xyz7478886,Atlas,DC,09-06-2026 10:01,09-06-2026 10:05,Completed
Xyz7478992,Atlas,DC,09-06-2026 10:03,09-06-2026 13:38,Completed
Xyz7479021,Atlas,DC,09-06-2026 10:03,09-06-2026 10:11,Completed
Xyz7479180,Atlas,DC,09-06-2026 10:00,09-06-2026 11:37,Completed
Xyz7479223,Atlas,DC,09-06-2026 10:03,09-06-2026 11:21,Completed
Xyz7479227,Atlas,DC,09-06-2026 10:03,09-06-2026 10:05,Completed
Xyz7479240,Atlas,DC,09-06-2026 10:01,-NA-,Expired
Xyz7479244,Atlas,DC,09-06-2026 10:01,09-06-2026 10:10,Completed
Xyz7479252,Atlas,DC,09-06-2026 10:01,09-06-2026 10:05,Completed
Xyz7479307,Atlas,DC,09-06-2026 10:02,-NA-,Expired
Xyz7479377,Atlas,DC,09-06-2026 10:03,09-06-2026 10:03,Completed
Xyz7479500,Atlas,DC,09-06-2026 10:03,09-06-2026 10:03,Completed
Xyz7479549,Atlas,DC,09-06-2026 10:01,09-06-2026 10:02,Completed
Xyz7479585,Atlas,DC,09-06-2026 10:03,09-06-2026 10:03,Completed
Xyz7479621,Atlas,DC,09-06-2026 10:03,09-06-2026 10:16,Completed
Xyz7479629,Atlas,DC,09-06-2026 10:01,09-06-2026 10:02,Completed
Xyz7479733,Atlas,DC,09-06-2026 10:04,-NA-,Expired
Xyz7479750,Atlas,DC,09-06-2026 21:02,-NA-,Expired
Xyz7479759,Atlas,DC,09-06-2026 10:00,09-06-2026 10:01,Completed
Xyz7479794,Atlas,DC,09-06-2026 10:02,-NA-,Expired
Xyz7479845,Atlas,DC,09-06-2026 10:02,09-06-2026 10:03,Completed
Xyz7479986,Atlas,DC,09-06-2026 10:02,09-06-2026 10:06,Completed
Xyz7480016,Atlas,DC,09-06-2026 21:01,-NA-,Expired
Xyz7480019,Atlas,DC,09-06-2026 10:01,09-06-2026 10:01,Completed
Xyz7480095,Atlas,DC,09-06-2026 10:02,09-06-2026 10:02,Completed
Xyz7480119,Atlas,DC,09-06-2026 10:01,09-06-2026 10:01,Completed
Xyz7480275,Atlas,DC,09-06-2026 10:01,09-06-2026 10:02,Completed
Xyz7480362,Atlas,DC,09-06-2026 10:03,09-06-2026 10:04,Completed
Xyz7480369,Atlas,DC,09-06-2026 10:03,09-06-2026 10:04,Completed
Xyz7480404,Atlas,DC,09-06-2026 10:03,09-06-2026 10:04,Completed
Xyz7480431,Atlas,DC,09-06-2026 10:03,09-06-2026 10:03,Completed
Xyz7480472,Atlas,DC,09-06-2026 10:02,-NA-,Expired
Xyz7480500,Atlas,DC,09-06-2026 10:03,09-06-2026 10:04,Completed
Xyz7480526,Atlas,DC,09-06-2026 10:03,09-06-2026 10:06,Completed
Xyz7480600,Atlas,DC,09-06-2026 21:01,-NA-,Expired
Xyz7480604,Atlas,DC,09-06-2026 10:04,09-06-2026 10:05,Completed
Xyz7480630,Atlas,DC,09-06-2026 10:03,09-06-2026 10:03,Completed
Xyz7480703,Atlas,DC,09-06-2026 10:00,09-06-2026 10:01,Completed
Xyz7480880,Atlas,DC,09-06-2026 10:03,09-06-2026 10:04,Completed
Xyz7480992,Atlas,DC,09-06-2026 10:01,09-06-2026 10:02,Completed
Xyz7481013,Atlas,DC,09-06-2026 10:03,09-06-2026 10:08,Completed
Xyz7481031,Atlas,DC,09-06-2026 10:01,09-06-2026 10:01,Completed
Xyz7481118,Atlas,DC,09-06-2026 10:01,09-06-2026 10:02,Completed
Xyz7481189,Atlas,DC,09-06-2026 10:03,09-06-2026 10:07,Completed
Xyz7481207,Atlas,DC,09-06-2026 10:03,09-06-2026 10:03,Completed
Xyz7481210,Atlas,DC,09-06-2026 10:03,09-06-2026 10:03,Completed
Xyz7481352,Atlas,DC,09-06-2026 10:03,09-06-2026 10:04,Completed
Xyz7481422,Atlas,DC,09-06-2026 10:03,09-06-2026 10:08,Completed
Xyz7481440,Atlas,DC,09-06-2026 10:03,09-06-2026 10:04,Completed
Xyz7481451,Atlas,DC,09-06-2026 10:03,09-06-2026 11:12,Completed
Xyz7481458,Atlas,DC,09-06-2026 10:03,09-06-2026 10:09,Completed
Xyz7481464,Atlas,DC,09-06-2026 10:02,09-06-2026 10:03,Completed
Xyz7481496,Atlas,DC,09-06-2026 10:01,09-06-2026 10:02,Completed
Xyz7481506,Atlas,DC,09-06-2026 10:03,09-06-2026 10:06,Completed
Xyz7481655,Atlas,DC,09-06-2026 10:03,09-06-2026 16:14,Completed
Xyz7481730,Atlas,DC,09-06-2026 10:02,09-06-2026 10:07,Completed
Xyz7481836,Atlas,DC,09-06-2026 10:00,09-06-2026 10:01,Completed
Xyz7481974,Atlas,DC,09-06-2026 10:02,09-06-2026 10:03,Completed
Xyz7482041,Atlas,DC,09-06-2026 21:02,-NA-,Expired
Xyz7482071,Atlas,DC,09-06-2026 21:02,-NA-,Expired
Xyz7482078,Atlas,DC,09-06-2026 10:03,09-06-2026 10:04,Completed
Xyz7482122,Atlas,DC,09-06-2026 10:00,09-06-2026 10:01,Completed
Xyz7482167,Atlas,DC,09-06-2026 10:03,09-06-2026 10:03,Completed
Xyz7482243,Atlas,DC,09-06-2026 10:02,09-06-2026 10:03,Completed
Xyz7482250,Atlas,DC,09-06-2026 10:02,09-06-2026 10:03,Completed
Xyz7482294,Atlas,DC,09-06-2026 10:03,09-06-2026 10:06,Completed
Xyz7482305,Atlas,DC,09-06-2026 10:02,09-06-2026 10:02,Completed
Xyz7482390,Atlas,DC,09-06-2026 10:02,09-06-2026 10:02,Completed
Xyz7482590,Atlas,DC,09-06-2026 10:01,09-06-2026 10:02,Completed
Xyz7482665,Atlas,DC,09-06-2026 10:02,09-06-2026 10:42,Completed
Xyz7482670,Atlas,DC,09-06-2026 10:02,09-06-2026 10:16,Completed
Xyz7482719,Atlas,DC,09-06-2026 10:01,09-06-2026 10:01,Completed
Xyz7482721,Atlas,DC,09-06-2026 10:01,09-06-2026 10:01,Completed
Xyz7482768,Atlas,DC,09-06-2026 10:03,09-06-2026 10:04,Completed
Xyz7482779,Atlas,DC,09-06-2026 10:01,09-06-2026 10:02,Completed
Xyz7482795,Atlas,DC,09-06-2026 10:03,09-06-2026 10:43,Completed
Xyz7482797,Atlas,DC,09-06-2026 10:02,09-06-2026 10:03,Completed
Xyz7482863,Atlas,DC,09-06-2026 10:02,09-06-2026 10:02,Completed
Xyz7482875,Atlas,DC,09-06-2026 10:00,09-06-2026 10:03,Completed
Xyz7482953,Atlas,DC,09-06-2026 10:03,09-06-2026 10:43,Completed
Xyz7483021,Atlas,DC,09-06-2026 10:02,09-06-2026 10:03,Completed
Xyz7483084,Atlas,DC,09-06-2026 10:02,09-06-2026 10:02,Completed
Xyz7483133,Atlas,DC,09-06-2026 10:02,09-06-2026 10:03,Completed
Xyz7483148,Atlas,DC,09-06-2026 10:03,09-06-2026 10:03,Completed
Xyz7483195,Atlas,DC,09-06-2026 10:00,09-06-2026 10:01,Completed
Xyz7483208,Atlas,DC,09-06-2026 10:02,09-06-2026 10:03,Completed
Xyz7483226,Atlas,DC,09-06-2026 10:02,09-06-2026 10:03,Completed
Xyz7483234,Atlas,DC,09-06-2026 10:02,09-06-2026 10:52,Completed
Xyz7483283,Atlas,DC,09-06-2026 21:01,-NA-,Expired
Xyz7483286,Atlas,DC,09-06-2026 21:01,-NA-,Expired
Xyz7483354,Atlas,DC,09-06-2026 21:00,09-06-2026 21:00,Completed
Xyz7483493,Atlas,DC,09-06-2026 10:02,09-06-2026 10:06,Completed
Xyz7483496,Atlas,DC,09-06-2026 10:01,09-06-2026 10:08,Completed
Xyz7483513,Atlas,DC,09-06-2026 10:02,09-06-2026 10:07,Completed
Xyz7483540,Atlas,DC,09-06-2026 10:04,09-06-2026 10:04,Completed
Xyz7483583,Atlas,DC,09-06-2026 10:01,09-06-2026 10:02,Completed
Xyz7483596,Atlas,DC,09-06-2026 10:01,09-06-2026 10:02,Completed
Xyz7483604,Atlas,DC,09-06-2026 21:02,-NA-,Expired
Xyz7483619,Atlas,DC,09-06-2026 10:02,09-06-2026 10:03,Completed
Xyz7483686,Atlas,DC,09-06-2026 10:01,09-06-2026 10:01,Completed
Xyz7483722,Atlas,DC,09-06-2026 10:01,09-06-2026 10:02,Completed
Xyz7483745,Atlas,DC,09-06-2026 21:01,-NA-,Expired
Xyz7483853,Atlas,DC,09-06-2026 10:04,09-06-2026 10:05,Completed
Xyz7483993,Atlas,DC,09-06-2026 21:02,-NA-,Expired
Xyz7484283,Atlas,DC,09-06-2026 10:01,09-06-2026 10:02,Completed
Xyz7484390,Atlas,DC,09-06-2026 10:02,09-06-2026 10:03,Completed
Xyz7484424,Atlas,DC,09-06-2026 10:03,09-06-2026 10:04,Completed
Xyz7484474,Atlas,DC,09-06-2026 10:02,09-06-2026 10:03,Completed
Xyz7484742,Atlas,DC,09-06-2026 10:03,09-06-2026 10:09,Completed
Xyz7484760,Atlas,DC,09-06-2026 10:01,09-06-2026 10:02,Completed
Xyz7484828,Atlas,DC,09-06-2026 10:02,09-06-2026 10:13,Completed
Xyz7484839,Atlas,DC,09-06-2026 10:01,09-06-2026 10:02,Completed
Xyz7484848,Atlas,DC,09-06-2026 10:04,09-06-2026 10:09,Completed
Xyz7485028,Atlas,DC,09-06-2026 10:02,09-06-2026 10:02,Completed
Xyz7485216,Atlas,DC,09-06-2026 10:01,09-06-2026 10:09,Completed
Xyz7485309,Atlas,DC,09-06-2026 10:02,09-06-2026 10:02,Completed
Xyz7485326,Atlas,DC,09-06-2026 10:03,09-06-2026 10:04,Completed
Xyz7485331,Atlas,DC,09-06-2026 10:02,09-06-2026 10:03,Completed
Xyz7485339,Atlas,DC,09-06-2026 10:02,09-06-2026 10:02,Completed
Xyz7485394,Atlas,DC,09-06-2026 10:04,09-06-2026 10:04,Completed
Xyz7485553,Atlas,DC,09-06-2026 10:03,09-06-2026 10:04,Completed
Xyz7485575,Atlas,DC,09-06-2026 10:02,09-06-2026 10:03,Completed
Xyz7485604,Atlas,DC,09-06-2026 10:04,09-06-2026 10:05,Completed
Xyz7485613,Atlas,DC,09-06-2026 10:01,09-06-2026 10:01,Completed
Xyz7485623,Atlas,DC,09-06-2026 10:03,09-06-2026 10:03,Completed
Xyz7485681,Atlas,DC,09-06-2026 10:02,09-06-2026 10:02,Completed
Xyz7485785,Atlas,DC,09-06-2026 10:03,09-06-2026 10:04,Completed
Xyz7485862,Atlas,DC,09-06-2026 10:00,09-06-2026 10:01,Completed
Xyz7485980,Atlas,DC,09-06-2026 10:03,09-06-2026 10:13,Completed
Xyz7486208,Atlas,DC,09-06-2026 10:03,-NA-,Expired
Xyz7486223,Atlas,DC,09-06-2026 10:01,09-06-2026 10:15,Completed
Xyz7486239,Atlas,DC,09-06-2026 10:02,09-06-2026 10:02,Completed
Xyz7486461,Atlas,DC,09-06-2026 21:01,-NA-,Expired
Xyz7486498,Atlas,DC,09-06-2026 21:00,-NA-,Expired
Xyz7486502,Atlas,DC,09-06-2026 10:03,09-06-2026 10:04,Completed
Xyz7486558,Atlas,DC,09-06-2026 10:01,09-06-2026 10:09,Completed
Xyz7486566,Atlas,DC,09-06-2026 10:01,09-06-2026 10:06,Completed
Xyz7486571,Atlas,DC,09-06-2026 10:01,09-06-2026 10:01,Completed
Xyz7486648,Atlas,DC,09-06-2026 10:02,09-06-2026 10:03,Completed
Xyz7486700,Atlas,DC,09-06-2026 21:01,-NA-,Expired
Xyz7486717,Atlas,DC,09-06-2026 10:01,09-06-2026 10:02,Completed
Xyz7486744,Atlas,DC,09-06-2026 10:02,09-06-2026 10:43,Completed
Xyz7486778,Atlas,DC,09-06-2026 10:03,09-06-2026 10:04,Completed
Xyz7486794,Atlas,DC,09-06-2026 10:01,09-06-2026 10:02,Completed
Xyz7486822,Atlas,DC,09-06-2026 10:00,09-06-2026 10:01,Completed
Xyz7486830,Atlas,DC,09-06-2026 10:02,09-06-2026 10:03,Completed
Xyz7486889,Atlas,DC,09-06-2026 10:02,09-06-2026 10:03,Completed
Xyz7486904,Atlas,DC,09-06-2026 21:01,-NA-,Expired
Xyz7486950,Atlas,DC,09-06-2026 10:01,09-06-2026 10:01,Completed
Xyz7486976,Atlas,DC,09-06-2026 10:02,09-06-2026 10:33,Completed
Xyz7487057,Atlas,DC,09-06-2026 10:03,09-06-2026 10:03,Completed
Xyz7487423,Atlas,DC,09-06-2026 10:02,09-06-2026 10:03,Completed
Xyz7487433,Atlas,DC,09-06-2026 10:03,09-06-2026 10:04,Completed
Xyz7487434,Atlas,DC,09-06-2026 10:02,09-06-2026 10:03,Completed
Xyz7487508,Atlas,DC,09-06-2026 10:03,09-06-2026 10:04,Completed
Xyz7487539,Atlas,DC,09-06-2026 10:01,09-06-2026 10:04,Completed
Xyz7487593,Atlas,DC,09-06-2026 10:02,09-06-2026 10:03,Completed
Xyz7487622,Atlas,DC,09-06-2026 21:01,-NA-,Expired
Xyz7487673,Atlas,DC,09-06-2026 10:03,09-06-2026 13:39,Completed
Xyz7487734,Atlas,DC,09-06-2026 10:02,09-06-2026 10:03,Completed
Xyz7487875,Atlas,DC,09-06-2026 10:01,09-06-2026 10:02,Completed
Xyz7487877,Atlas,DC,09-06-2026 10:01,09-06-2026 10:02,Completed
Xyz7487912,Atlas,DC,09-06-2026 10:02,09-06-2026 13:40,Completed
Xyz7487950,Atlas,DC,09-06-2026 10:03,09-06-2026 10:04,Completed
Xyz7488012,Atlas,DC,09-06-2026 10:01,09-06-2026 10:02,Completed
Xyz7488131,Atlas,DC,09-06-2026 21:01,-NA-,Expired
Xyz7488140,Atlas,DC,09-06-2026 10:01,09-06-2026 11:58,Completed
Xyz7488162,Atlas,DC,09-06-2026 10:00,09-06-2026 12:07,Completed
Xyz7488169,Atlas,DC,09-06-2026 10:00,-NA-,Expired
Xyz7488181,Atlas,DC,09-06-2026 10:02,09-06-2026 10:02,Completed
Xyz7488308,Atlas,DC,09-06-2026 10:01,09-06-2026 10:01,Completed
Xyz7488331,Atlas,DC,09-06-2026 10:02,09-06-2026 10:03,Completed
Xyz7488351,Atlas,DC,09-06-2026 10:01,09-06-2026 10:23,Completed
Xyz7488412,Atlas,DC,09-06-2026 10:00,09-06-2026 10:44,Completed
Xyz7488464,Atlas,DC,09-06-2026 10:03,09-06-2026 13:32,Completed
Xyz7488494,Atlas,DC,09-06-2026 10:01,09-06-2026 14:08,Completed
Xyz7488508,Atlas,DC,09-06-2026 10:03,09-06-2026 10:43,Completed
Xyz7488559,Atlas,DC,09-06-2026 10:03,09-06-2026 12:02,Completed
Xyz7488637,Atlas,DC,09-06-2026 10:00,09-06-2026 11:58,Completed
Xyz7488728,Atlas,DC,09-06-2026 10:02,09-06-2026 10:05,Completed
Xyz7488991,Atlas,DC,09-06-2026 10:02,09-06-2026 10:04,Completed
Xyz7489018,Atlas,DC,09-06-2026 10:02,09-06-2026 10:03,Completed
Xyz7489059,Atlas,DC,09-06-2026 10:02,09-06-2026 10:03,Completed
Xyz7489296,Atlas,DC,09-06-2026 10:03,09-06-2026 10:03,Completed
Xyz7489310,Atlas,DC,09-06-2026 10:02,09-06-2026 10:03,Completed
Xyz7489320,Atlas,DC,09-06-2026 10:00,09-06-2026 10:04,Completed
Xyz7489325,Atlas,DC,09-06-2026 10:02,09-06-2026 10:03,Completed
Xyz7489353,Atlas,DC,09-06-2026 10:01,-NA-,Expired
Xyz7489452,Atlas,DC,09-06-2026 10:02,09-06-2026 10:02,Completed
Xyz7489479,Atlas,DC,09-06-2026 10:03,09-06-2026 10:04,Completed
Xyz7489490,Atlas,DC,09-06-2026 10:02,09-06-2026 10:02,Completed
Xyz7489511,Atlas,DC,09-06-2026 10:03,09-06-2026 10:04,Completed
Xyz7489642,Atlas,DC,09-06-2026 10:03,09-06-2026 10:04,Completed
Xyz7489677,Atlas,DC,09-06-2026 21:03,-NA-,Expired
Xyz7489737,Atlas,DC,09-06-2026 10:02,09-06-2026 10:03,Completed
Xyz7489738,Atlas,DC,09-06-2026 21:01,-NA-,Expired
Xyz7489750,Atlas,DC,09-06-2026 10:03,09-06-2026 10:03,Completed
Xyz7489784,Atlas,DC,09-06-2026 10:03,09-06-2026 10:04,Completed
Xyz7489816,Atlas,DC,09-06-2026 10:03,09-06-2026 10:04,Completed
Xyz7489921,Atlas,DC,09-06-2026 10:00,09-06-2026 10:00,Completed
Xyz7489960,Atlas,DC,09-06-2026 10:03,-NA-,Expired
Xyz7490039,Atlas,DC,09-06-2026 21:01,-NA-,Expired
Xyz7490103,Atlas,DC,09-06-2026 10:03,09-06-2026 10:04,Completed
Xyz7490122,Atlas,DC,09-06-2026 10:00,09-06-2026 10:01,Completed
Xyz7490162,Atlas,DC,09-06-2026 10:03,09-06-2026 10:13,Completed
Xyz7490243,Atlas,DC,09-06-2026 10:03,09-06-2026 10:04,Completed
Xyz7490278,Atlas,DC,09-06-2026 10:02,09-06-2026 10:02,Completed
Xyz7490288,Atlas,DC,09-06-2026 20:59,-NA-,Expired
Xyz7490289,Atlas,DC,09-06-2026 20:59,-NA-,Expired
Xyz7490295,Atlas,DC,09-06-2026 10:02,09-06-2026 10:02,Completed
Xyz7490296,Atlas,DC,09-06-2026 10:01,09-06-2026 10:01,Completed
Xyz7490309,Atlas,DC,09-06-2026 10:03,-NA-,Expired
Xyz7490405,Atlas,DC,09-06-2026 10:01,09-06-2026 10:02,Completed
Xyz7490424,Atlas,DC,09-06-2026 10:03,09-06-2026 10:04,Completed
Xyz7490489,Atlas,DC,09-06-2026 10:02,09-06-2026 10:05,Completed
Xyz7490516,Atlas,DC,09-06-2026 21:01,-NA-,Expired
Xyz7490518,Atlas,DC,09-06-2026 21:00,-NA-,Expired
Xyz7490519,Atlas,DC,09-06-2026 21:02,-NA-,Expired
Xyz7490523,Atlas,DC,09-06-2026 21:01,-NA-,Expired
Xyz7490595,Atlas,DC,09-06-2026 10:03,09-06-2026 10:10,Completed
Xyz7490632,Atlas,DC,09-06-2026 10:03,09-06-2026 10:05,Completed
Xyz7490725,Atlas,DC,09-06-2026 21:04,-NA-,Expired
Xyz7490752,Atlas,DC,09-06-2026 10:00,09-06-2026 10:01,Completed
Xyz7490825,Atlas,DC,09-06-2026 21:01,-NA-,Expired
Xyz7490959,Atlas,DC,09-06-2026 10:01,09-06-2026 10:01,Completed
Xyz7490993,Atlas,DC,09-06-2026 10:01,09-06-2026 10:13,Completed
Xyz7491009,Atlas,DC,09-06-2026 10:03,09-06-2026 10:15,Completed
Xyz7491030,Atlas,DC,09-06-2026 10:02,09-06-2026 10:03,Completed
Xyz7491070,Atlas,DC,09-06-2026 10:03,09-06-2026 10:03,Completed
Xyz7491078,Atlas,DC,09-06-2026 21:04,-NA-,Expired
Xyz7491165,Atlas,DC,09-06-2026 10:03,09-06-2026 10:08,Completed
Xyz7491168,Atlas,DC,09-06-2026 10:03,09-06-2026 10:08,Completed
Xyz7491169,Atlas,DC,09-06-2026 10:03,09-06-2026 10:04,Completed
Xyz7491181,Atlas,DC,09-06-2026 10:03,09-06-2026 10:04,Completed
Xyz7491215,Atlas,DC,09-06-2026 10:00,09-06-2026 10:01,Completed
Xyz7491226,Atlas,DC,09-06-2026 10:03,09-06-2026 10:11,Completed
Xyz7491312,Atlas,DC,09-06-2026 10:01,09-06-2026 10:02,Completed
Xyz7491323,Atlas,DC,09-06-2026 10:02,09-06-2026 10:03,Completed
Xyz7491353,Atlas,DC,09-06-2026 10:03,-NA-,Expired
Xyz7491356,Atlas,DC,09-06-2026 10:03,-NA-,Expired
Xyz7491357,Atlas,DC,09-06-2026 10:02,-NA-,Expired
Xyz7491358,Atlas,DC,09-06-2026 20:59,-NA-,Expired
Xyz7491366,Atlas,DC,09-06-2026 10:01,09-06-2026 10:02,Completed
Xyz7491429,Atlas,DC,09-06-2026 10:03,09-06-2026 10:39,Completed
Xyz7491540,Atlas,DC,09-06-2026 10:01,09-06-2026 10:02,Completed
Xyz7491547,Atlas,DC,09-06-2026 10:00,09-06-2026 10:00,Completed
Xyz7491565,Atlas,DC,09-06-2026 10:03,09-06-2026 10:03,Completed
Xyz7491578,Atlas,DC,09-06-2026 10:00,09-06-2026 10:01,Completed
Xyz7491589,Atlas,DC,09-06-2026 21:00,-NA-,Expired
Xyz7491643,Atlas,DC,09-06-2026 10:03,09-06-2026 10:04,Completed
Xyz7491671,Atlas,DC,09-06-2026 10:00,09-06-2026 10:00,Completed
Xyz7491672,Atlas,DC,09-06-2026 10:03,-NA-,Expired
Xyz7491700,Atlas,DC,09-06-2026 10:03,09-06-2026 10:04,Completed
Xyz7491738,Atlas,DC,09-06-2026 10:00,09-06-2026 10:01,Completed
Xyz7491815,Atlas,DC,09-06-2026 10:03,-NA-,Expired
Xyz7491888,Atlas,DC,09-06-2026 10:00,09-06-2026 10:01,Completed
Xyz7491890,Atlas,DC,09-06-2026 10:03,09-06-2026 10:14,Completed
Xyz7491893,Atlas,DC,09-06-2026 21:03,-NA-,Expired
Xyz7491895,Atlas,DC,09-06-2026 21:03,-NA-,Expired
Xyz7491976,Atlas,DC,09-06-2026 21:03,-NA-,Expired
Xyz7492013,Atlas,DC,09-06-2026 10:02,09-06-2026 10:03,Completed
Xyz7492164,Atlas,DC,09-06-2026 10:01,09-06-2026 10:01,Completed
Xyz7492205,Atlas,DC,09-06-2026 20:59,-NA-,Expired
Xyz7492330,Atlas,DC,09-06-2026 21:01,-NA-,Expired
Xyz7492353,Atlas,DC,09-06-2026 10:02,09-06-2026 10:03,Completed
Xyz7492465,Atlas,DC,09-06-2026 10:04,09-06-2026 10:37,Completed
Xyz7492494,Atlas,DC,09-06-2026 10:02,09-06-2026 10:09,Completed
Xyz7492495,Atlas,DC,09-06-2026 10:02,09-06-2026 10:02,Completed
Xyz7492500,Atlas,DC,09-06-2026 10:04,09-06-2026 10:37,Completed
Xyz7492512,Atlas,DC,09-06-2026 10:03,09-06-2026 10:03,Completed
Xyz7492628,Atlas,DC,09-06-2026 10:02,09-06-2026 10:03,Completed
Xyz7492629,Atlas,DC,09-06-2026 10:04,09-06-2026 10:04,Completed
Xyz7492701,Atlas,DC,09-06-2026 10:02,09-06-2026 10:08,Completed
Xyz7492771,Atlas,DC,09-06-2026 10:01,09-06-2026 10:15,Completed
Xyz7492831,Atlas,DC,09-06-2026 10:01,09-06-2026 13:03,Completed
Xyz7492841,Atlas,DC,09-06-2026 10:02,09-06-2026 16:49,Completed
Xyz7492844,Atlas,DC,09-06-2026 10:03,09-06-2026 14:23,Completed
Xyz7493032,Atlas,DC,09-06-2026 10:03,09-06-2026 10:07,Completed
Xyz7493054,Atlas,DC,09-06-2026 21:02,-NA-,Expired
Xyz7493158,Atlas,DC,09-06-2026 10:02,09-06-2026 14:09,Completed
Xyz7493237,Atlas,DC,09-06-2026 10:01,09-06-2026 10:02,Completed
Xyz7493249,Atlas,DC,09-06-2026 10:02,09-06-2026 14:09,Completed
Xyz7493326,Atlas,DC,09-06-2026 10:03,09-06-2026 10:03,Completed
Xyz7493368,Atlas,DC,09-06-2026 10:01,09-06-2026 12:01,Completed
Xyz7493388,Atlas,DC,09-06-2026 10:01,09-06-2026 10:01,Completed
Xyz7493400,Atlas,DC,09-06-2026 10:02,09-06-2026 10:03,Completed
Xyz7493437,Atlas,DC,09-06-2026 10:03,-NA-,Expired
Xyz7493501,Atlas,DC,09-06-2026 10:02,09-06-2026 13:01,Completed
Xyz7493507,Atlas,DC,09-06-2026 21:02,-NA-,Expired
Xyz7493623,Atlas,DC,09-06-2026 10:02,09-06-2026 10:02,Completed
Xyz7493675,Atlas,DC,09-06-2026 10:04,09-06-2026 10:04,Completed
Xyz7493682,Atlas,DC,09-06-2026 10:00,09-06-2026 10:01,Completed
Xyz7493845,Atlas,DC,09-06-2026 10:01,09-06-2026 10:01,Completed
Xyz7493862,Atlas,DC,09-06-2026 10:00,09-06-2026 10:04,Completed
Xyz7493873,Atlas,DC,09-06-2026 10:02,09-06-2026 10:03,Completed
Xyz7493881,Atlas,DC,09-06-2026 10:02,09-06-2026 10:03,Completed
Xyz7493887,Atlas,DC,09-06-2026 10:01,09-06-2026 10:02,Completed
Xyz7493937,Atlas,DC,09-06-2026 10:03,09-06-2026 10:03,Completed
Xyz7494072,Atlas,DC,09-06-2026 10:02,09-06-2026 10:02,Completed
Xyz7494220,Atlas,DC,09-06-2026 10:02,09-06-2026 13:00,Completed
Xyz7494377,Atlas,DC,09-06-2026 10:02,09-06-2026 10:03,Completed
Xyz7494381,Atlas,DC,09-06-2026 10:00,09-06-2026 10:01,Completed
Xyz7494409,Atlas,DC,09-06-2026 21:02,-NA-,Expired
Xyz7494524,Atlas,DC,09-06-2026 10:03,09-06-2026 10:04,Completed
Xyz7494587,Atlas,DC,09-06-2026 10:03,09-06-2026 10:04,Completed
Xyz7494775,Atlas,DC,09-06-2026 10:02,09-06-2026 10:24,Completed
Xyz7494870,Atlas,DC,09-06-2026 10:00,09-06-2026 10:01,Completed
Xyz7494932,Atlas,DC,09-06-2026 10:03,09-06-2026 10:04,Completed
Xyz7494974,Atlas,DC,09-06-2026 10:03,09-06-2026 10:04,Completed
Xyz7494995,Atlas,DC,09-06-2026 10:03,09-06-2026 11:04,Completed
Xyz7495027,Atlas,DC,09-06-2026 21:04,-NA-,Expired
Xyz7495056,Atlas,DC,09-06-2026 10:00,09-06-2026 10:01,Completed
Xyz7495096,Atlas,DC,09-06-2026 10:03,09-06-2026 10:04,Completed
Xyz7495182,Atlas,DC,09-06-2026 10:03,09-06-2026 10:04,Completed
Xyz7495194,Atlas,DC,09-06-2026 10:00,09-06-2026 10:14,Completed
Xyz7495320,Atlas,DC,09-06-2026 10:03,09-06-2026 10:04,Completed
Xyz7495331,Atlas,DC,09-06-2026 10:03,09-06-2026 10:04,Completed
Xyz7495333,Atlas,DC,09-06-2026 10:02,09-06-2026 10:03,Completed
Xyz7495501,Atlas,DC,09-06-2026 21:01,-NA-,Expired
Xyz7495530,Atlas,DC,09-06-2026 21:03,-NA-,Expired
Xyz7495783,Atlas,DC,09-06-2026 10:00,09-06-2026 10:01,Completed
Xyz7495857,Atlas,DC,09-06-2026 21:01,-NA-,Expired
Xyz7495881,Atlas,DC,09-06-2026 21:01,-NA-,Expired
Xyz7495912,Atlas,DC,09-06-2026 10:00,09-06-2026 10:01,Completed
Xyz7495915,Atlas,DC,09-06-2026 10:01,09-06-2026 10:01,Completed
Xyz7495992,Atlas,DC,09-06-2026 10:03,09-06-2026 10:04,Completed
Xyz7496121,Atlas,DC,09-06-2026 21:01,-NA-,Expired
Xyz7496147,Atlas,DC,09-06-2026 10:03,09-06-2026 10:03,Completed
Xyz7496213,Atlas,DC,09-06-2026 10:03,09-06-2026 10:22,Completed
Xyz7496233,Atlas,DC,09-06-2026 10:03,09-06-2026 10:04,Completed
Xyz7496323,Atlas,DC,09-06-2026 10:03,09-06-2026 10:04,Completed
Xyz7496344,Atlas,DC,09-06-2026 21:01,-NA-,Expired
Xyz7496399,Atlas,DC,09-06-2026 10:03,09-06-2026 12:22,Completed
Xyz7496495,Atlas,DC,09-06-2026 10:03,09-06-2026 10:18,Completed
Xyz7496575,Atlas,DC,09-06-2026 10:03,09-06-2026 10:04,Completed
Xyz7496662,Atlas,DC,09-06-2026 20:59,-NA-,Expired
Xyz7496701,Atlas,DC,09-06-2026 10:02,09-06-2026 10:05,Completed
Xyz7496751,Atlas,DC,09-06-2026 10:03,09-06-2026 12:15,Completed
Xyz7496798,Atlas,DC,09-06-2026 10:01,09-06-2026 10:02,Completed
Xyz7496809,Atlas,DC,09-06-2026 21:01,-NA-,Expired
Xyz7496898,Atlas,DC,09-06-2026 10:03,09-06-2026 10:04,Completed
Xyz7496912,Atlas,DC,09-06-2026 10:03,09-06-2026 10:25,Completed
Xyz7497097,Atlas,DC,09-06-2026 10:02,09-06-2026 10:05,Completed
Xyz7497186,Atlas,DC,09-06-2026 10:02,09-06-2026 10:03,Completed
Xyz7497270,Atlas,DC,09-06-2026 10:03,09-06-2026 11:05,Completed
Xyz7497373,Atlas,DC,09-06-2026 10:02,09-06-2026 10:02,Completed
Xyz7497444,Atlas,DC,09-06-2026 10:03,09-06-2026 11:35,Completed
Xyz7497509,Atlas,DC,09-06-2026 10:03,09-06-2026 10:03,Completed
Xyz7497511,Atlas,DC,09-06-2026 20:59,-NA-,Expired
Xyz7497522,Atlas,DC,09-06-2026 10:02,09-06-2026 10:21,Completed
Xyz7497532,Atlas,DC,09-06-2026 10:00,09-06-2026 10:01,Completed
Xyz7497548,Atlas,DC,09-06-2026 10:00,09-06-2026 10:01,Completed
Xyz7497679,Atlas,DC,09-06-2026 10:01,09-06-2026 10:30,Completed
Xyz7497682,Atlas,DC,09-06-2026 10:02,09-06-2026 10:02,Completed
Xyz7497742,Atlas,DC,09-06-2026 21:00,09-06-2026 21:01,Completed
Xyz7497820,Atlas,DC,09-06-2026 10:02,09-06-2026 10:03,Completed
Xyz7497831,Atlas,DC,09-06-2026 21:06,-NA-,Expired
Xyz7497851,Atlas,DC,09-06-2026 21:02,-NA-,Expired
Xyz7497908,Atlas,DC,09-06-2026 10:02,09-06-2026 10:02,Completed
Xyz7497959,Atlas,DC,09-06-2026 21:03,-NA-,Expired
Xyz7497965,Atlas,DC,09-06-2026 10:00,09-06-2026 10:49,Completed
Xyz7497967,Atlas,DC,09-06-2026 10:00,09-06-2026 15:36,Completed
Xyz7498012,Atlas,DC,09-06-2026 10:02,09-06-2026 10:02,Completed
Xyz7498014,Atlas,DC,09-06-2026 10:01,09-06-2026 10:02,Completed
Xyz7498037,Atlas,DC,09-06-2026 10:00,09-06-2026 10:01,Completed
Xyz7498041,Atlas,DC,09-06-2026 21:04,-NA-,Expired
Xyz7498044,Atlas,DC,09-06-2026 21:04,-NA-,Expired
Xyz7498058,Atlas,DC,09-06-2026 10:03,-NA-,Expired
Xyz7498065,Atlas,DC,09-06-2026 10:03,09-06-2026 10:14,Completed
Xyz7498092,Atlas,DC,09-06-2026 10:04,09-06-2026 10:04,Completed
Xyz7498213,Atlas,DC,09-06-2026 10:03,09-06-2026 10:04,Completed
Xyz7498292,Atlas,DC,09-06-2026 10:01,09-06-2026 10:01,Completed
Xyz7498368,Atlas,DC,09-06-2026 21:01,-NA-,Expired
Xyz7498419,Atlas,DC,09-06-2026 10:03,09-06-2026 10:06,Completed
Xyz7498562,Atlas,DC,09-06-2026 21:01,-NA-,Expired
Xyz7498580,Atlas,DC,09-06-2026 10:01,09-06-2026 10:11,Completed
Xyz7498672,Atlas,DC,09-06-2026 10:04,09-06-2026 10:05,Completed
Xyz7498690,Atlas,DC,09-06-2026 10:02,-NA-,Expired
Xyz7498708,Atlas,DC,09-06-2026 10:03,09-06-2026 10:03,Completed
Xyz7498773,Atlas,DC,09-06-2026 10:02,09-06-2026 10:03,Completed
Xyz7498789,Atlas,DC,09-06-2026 10:02,09-06-2026 10:02,Completed
Xyz7498844,Atlas,DC,09-06-2026 10:00,09-06-2026 13:04,Completed
Xyz7498878,Atlas,DC,09-06-2026 10:03,09-06-2026 10:04,Completed
Xyz7498880,Atlas,DC,09-06-2026 10:01,09-06-2026 10:02,Completed
Xyz7498939,Atlas,DC,09-06-2026 10:03,09-06-2026 10:03,Completed
Xyz7498944,Atlas,DC,09-06-2026 10:02,09-06-2026 10:03,Completed
Xyz7498966,Atlas,DC,09-06-2026 10:00,09-06-2026 10:01,Completed
Xyz7499054,Atlas,DC,09-06-2026 10:01,09-06-2026 10:07,Completed
Xyz7499115,Atlas,DC,09-06-2026 10:02,09-06-2026 10:03,Completed
Xyz7499151,Atlas,DC,09-06-2026 10:01,09-06-2026 10:02,Completed
Xyz7499153,Atlas,DC,09-06-2026 10:00,09-06-2026 10:01,Completed
Xyz7499157,Atlas,DC,09-06-2026 10:01,09-06-2026 14:38,Completed
Xyz7499182,Atlas,DC,09-06-2026 21:00,-NA-,Expired
Xyz7499265,Atlas,DC,09-06-2026 10:01,09-06-2026 10:01,Completed
Xyz7499274,Atlas,DC,09-06-2026 10:03,09-06-2026 10:03,Completed
Xyz7499284,Atlas,DC,09-06-2026 10:01,09-06-2026 10:05,Completed
Xyz7499354,Atlas,DC,09-06-2026 10:03,09-06-2026 10:16,Completed
Xyz7499372,Atlas,DC,09-06-2026 10:02,09-06-2026 10:02,Completed
Xyz7499375,Atlas,DC,09-06-2026 10:02,09-06-2026 10:03,Completed
Xyz7499397,Atlas,DC,09-06-2026 10:03,09-06-2026 12:04,Completed
Xyz7499400,Atlas,DC,09-06-2026 10:02,09-06-2026 10:06,Completed
Xyz7499409,Atlas,DC,09-06-2026 10:02,09-06-2026 10:03,Completed
Xyz7499498,Atlas,DC,09-06-2026 10:03,09-06-2026 10:04,Completed
Xyz7499559,Atlas,DC,09-06-2026 10:02,09-06-2026 10:07,Completed
Xyz7499599,Atlas,DC,09-06-2026 10:01,09-06-2026 10:02,Completed
Xyz7499601,Atlas,DC,09-06-2026 10:02,-NA-,Expired
Xyz7499613,Atlas,DC,09-06-2026 10:02,09-06-2026 10:03,Completed
Xyz7499622,Atlas,DC,09-06-2026 10:00,09-06-2026 10:01,Completed
Xyz7499650,Atlas,DC,09-06-2026 10:03,09-06-2026 10:08,Completed
Xyz7499776,Atlas,DC,09-06-2026 10:03,09-06-2026 10:07,Completed
Xyz7499777,Atlas,DC,09-06-2026 10:03,09-06-2026 10:04,Completed
Xyz7499813,Atlas,DC,09-06-2026 10:02,09-06-2026 10:03,Completed
Xyz7499862,Atlas,DC,09-06-2026 10:02,09-06-2026 11:08,Completed
Xyz7499971,Atlas,DC,09-06-2026 10:01,09-06-2026 10:02,Completed
Xyz7500073,Atlas,DC,09-06-2026 10:01,09-06-2026 12:05,Completed
Xyz7500149,Atlas,DC,09-06-2026 10:03,09-06-2026 10:04,Completed
Xyz7500174,Atlas,DC,09-06-2026 10:02,09-06-2026 10:03,Completed
Xyz7500220,Atlas,DC,09-06-2026 10:01,09-06-2026 10:02,Completed
Xyz7500266,Atlas,DC,09-06-2026 10:02,09-06-2026 10:05,Completed
Xyz7500356,Atlas,DC,09-06-2026 10:01,09-06-2026 10:02,Completed
Xyz7500373,Atlas,DC,09-06-2026 10:01,09-06-2026 10:07,Completed
Xyz7500400,Atlas,DC,09-06-2026 10:00,09-06-2026 10:01,Completed
Xyz7500551,Atlas,DC,09-06-2026 10:03,09-06-2026 10:04,Completed
Xyz7500572,Atlas,DC,09-06-2026 21:00,-NA-,Expired
Xyz7500580,Atlas,DC,09-06-2026 10:03,09-06-2026 10:03,Completed
Xyz7500633,Atlas,DC,09-06-2026 10:03,09-06-2026 10:03,Completed
Xyz7500654,Atlas,DC,09-06-2026 10:03,09-06-2026 11:37,Completed
Xyz7500681,Atlas,DC,09-06-2026 10:01,09-06-2026 10:02,Completed
Xyz7500689,Atlas,DC,09-06-2026 10:02,09-06-2026 10:03,Completed
Xyz7500696,Atlas,DC,09-06-2026 10:02,09-06-2026 10:03,Completed
Xyz7500743,Atlas,DC,09-06-2026 10:01,09-06-2026 10:04,Completed
Xyz7500758,Atlas,DC,09-06-2026 10:03,09-06-2026 10:03,Completed
Xyz7500788,Atlas,DC,09-06-2026 10:00,09-06-2026 10:00,Completed
Xyz7500819,Atlas,DC,09-06-2026 10:01,09-06-2026 10:02,Completed
Xyz7500859,Atlas,DC,09-06-2026 10:02,09-06-2026 10:03,Completed
Xyz7500876,Atlas,DC,09-06-2026 10:03,09-06-2026 10:04,Completed
Xyz7500878,Atlas,DC,09-06-2026 10:01,-NA-,Expired
Xyz7500894,Atlas,DC,09-06-2026 10:01,09-06-2026 10:02,Completed
Xyz7500924,Atlas,DC,09-06-2026 10:01,09-06-2026 10:04,Completed
Xyz7501090,Atlas,DC,09-06-2026 10:00,09-06-2026 10:01,Completed
Xyz7501143,Atlas,DC,09-06-2026 10:02,09-06-2026 10:03,Completed
Xyz7501250,Atlas,DC,09-06-2026 10:01,09-06-2026 12:51,Completed
Xyz7501255,Atlas,DC,09-06-2026 10:01,09-06-2026 12:48,Completed
Xyz7501260,Atlas,DC,09-06-2026 10:03,09-06-2026 10:03,Completed
Xyz7501262,Atlas,DC,09-06-2026 10:02,09-06-2026 10:02,Completed
Xyz7501303,Atlas,DC,09-06-2026 10:03,09-06-2026 10:03,Completed
Xyz7501316,Atlas,DC,09-06-2026 10:02,09-06-2026 10:03,Completed
Xyz7501319,Atlas,DC,09-06-2026 10:00,09-06-2026 10:04,Completed
Xyz7501355,Atlas,DC,09-06-2026 10:01,09-06-2026 10:02,Completed
Xyz7501426,Atlas,DC,09-06-2026 10:02,09-06-2026 10:03,Completed
Xyz7501447,Atlas,DC,09-06-2026 10:03,09-06-2026 10:11,Completed
Xyz7501477,Atlas,DC,09-06-2026 21:02,-NA-,Expired
Xyz7501531,Atlas,DC,09-06-2026 10:00,09-06-2026 10:03,Completed
Xyz7501588,Atlas,DC,09-06-2026 10:02,09-06-2026 10:03,Completed
Xyz7501602,Atlas,DC,09-06-2026 10:02,09-06-2026 12:52,Completed
Xyz7501608,Atlas,DC,09-06-2026 10:03,09-06-2026 12:48,Completed
Xyz7501684,Atlas,DC,09-06-2026 10:01,09-06-2026 10:01,Completed
Xyz7501706,Atlas,DC,09-06-2026 10:00,09-06-2026 10:01,Completed
Xyz7501720,Atlas,DC,09-06-2026 10:02,09-06-2026 10:03,Completed
Xyz7501836,Atlas,DC,09-06-2026 10:01,09-06-2026 10:07,Completed
Xyz7501910,Atlas,DC,09-06-2026 10:04,09-06-2026 15:10,Completed
Xyz7501977,Atlas,DC,09-06-2026 10:00,09-06-2026 10:06,Completed
Xyz7501984,Atlas,DC,09-06-2026 10:03,09-06-2026 10:05,Completed
Xyz7502028,Atlas,DC,09-06-2026 10:03,09-06-2026 10:04,Completed
Xyz7502082,Atlas,DC,09-06-2026 10:01,09-06-2026 10:02,Completed
Xyz7502098,Atlas,DC,09-06-2026 10:01,09-06-2026 10:02,Completed
Xyz7502121,Atlas,DC,09-06-2026 10:02,09-06-2026 10:03,Completed
Xyz7502208,Atlas,DC,09-06-2026 10:00,09-06-2026 10:01,Completed
Xyz7502215,Atlas,DC,09-06-2026 10:01,09-06-2026 11:06,Completed
Xyz7502306,Atlas,DC,09-06-2026 10:00,09-06-2026 10:01,Completed
Xyz7502313,Atlas,DC,09-06-2026 10:02,09-06-2026 10:03,Completed
Xyz7502461,Atlas,DC,09-06-2026 10:03,09-06-2026 10:06,Completed
Xyz7502586,Atlas,DC,09-06-2026 10:01,-NA-,Expired
Xyz7502623,Atlas,DC,09-06-2026 10:01,09-06-2026 10:01,Completed
Xyz7502779,Atlas,DC,09-06-2026 10:02,09-06-2026 10:03,Completed
Xyz7502781,Atlas,DC,09-06-2026 10:02,09-06-2026 10:04,Completed
Xyz7502783,Atlas,DC,09-06-2026 10:02,09-06-2026 10:04,Completed
Xyz7502796,Atlas,DC,09-06-2026 21:01,-NA-,Expired
Xyz7502843,Atlas,DC,09-06-2026 10:01,09-06-2026 10:02,Completed
Xyz7502857,Atlas,DC,09-06-2026 10:01,09-06-2026 10:01,Completed
Xyz7502866,Atlas,DC,09-06-2026 10:03,09-06-2026 11:15,Completed
Xyz7502891,Atlas,DC,09-06-2026 10:02,09-06-2026 10:03,Completed
Xyz7502912,Atlas,DC,09-06-2026 10:00,09-06-2026 10:02,Completed
Xyz7502996,Atlas,DC,09-06-2026 10:01,09-06-2026 10:02,Completed
Xyz7503013,Atlas,DC,09-06-2026 10:01,09-06-2026 10:02,Completed
Xyz7503042,Atlas,DC,09-06-2026 21:01,-NA-,Expired
Xyz7503046,Atlas,DC,09-06-2026 21:00,-NA-,Expired
Xyz7503059,Atlas,DC,09-06-2026 10:01,09-06-2026 10:56,Completed
Xyz7503072,Atlas,DC,09-06-2026 10:03,09-06-2026 10:04,Completed
Xyz7503109,Atlas,DC,09-06-2026 10:02,09-06-2026 14:56,Completed
Xyz7503115,Atlas,DC,09-06-2026 10:02,09-06-2026 10:03,Completed
Xyz7503130,Atlas,DC,09-06-2026 10:03,09-06-2026 14:57,Completed
Xyz7503138,Atlas,DC,09-06-2026 10:02,09-06-2026 10:03,Completed
Xyz7503200,Atlas,DC,09-06-2026 10:01,09-06-2026 11:13,Completed
Xyz7503238,Atlas,DC,09-06-2026 10:01,09-06-2026 10:01,Completed
Xyz7503291,Atlas,DC,09-06-2026 10:02,09-06-2026 10:27,Completed
Xyz7503300,Atlas,DC,09-06-2026 10:04,09-06-2026 12:07,Completed
Xyz7503325,Atlas,DC,09-06-2026 10:02,09-06-2026 10:06,Completed
Xyz7503369,Atlas,DC,09-06-2026 10:02,09-06-2026 10:54,Completed
Xyz7503399,Atlas,DC,09-06-2026 10:00,09-06-2026 10:01,Completed
Xyz7503407,Atlas,DC,09-06-2026 10:03,09-06-2026 10:07,Completed
Xyz7503409,Atlas,DC,09-06-2026 10:02,09-06-2026 10:12,Completed
Xyz7503494,Atlas,DC,09-06-2026 10:01,09-06-2026 10:01,Completed
Xyz7503573,Atlas,DC,09-06-2026 10:02,09-06-2026 10:02,Completed
Xyz7503601,Atlas,DC,09-06-2026 10:03,09-06-2026 10:55,Completed
Xyz7503603,Atlas,DC,09-06-2026 10:01,09-06-2026 10:02,Completed
Xyz7503655,Atlas,DC,09-06-2026 10:03,09-06-2026 10:16,Completed
Xyz7503685,Atlas,DC,09-06-2026 10:01,09-06-2026 10:02,Completed
Xyz7503749,Atlas,DC,09-06-2026 10:02,09-06-2026 10:17,Completed
Xyz7503761,Atlas,DC,09-06-2026 10:03,09-06-2026 10:05,Completed
Xyz7503802,Atlas,DC,09-06-2026 21:01,-NA-,Expired
Xyz7503858,Atlas,DC,09-06-2026 21:00,-NA-,Expired
Xyz7503901,Atlas,DC,09-06-2026 10:02,09-06-2026 10:12,Completed
Xyz7503947,Atlas,DC,09-06-2026 10:02,09-06-2026 14:10,Completed
Xyz7503967,Atlas,DC,09-06-2026 10:03,09-06-2026 10:08,Completed
Xyz7504033,Atlas,DC,09-06-2026 10:01,09-06-2026 10:05,Completed
Xyz7504130,Atlas,DC,09-06-2026 10:03,09-06-2026 10:04,Completed
Xyz7504146,Atlas,DC,09-06-2026 10:02,09-06-2026 10:27,Completed
Xyz7504153,Atlas,DC,09-06-2026 10:02,09-06-2026 10:44,Completed
Xyz7504262,Atlas,DC,09-06-2026 10:01,09-06-2026 10:01,Completed
Xyz7504353,Atlas,DC,09-06-2026 10:01,09-06-2026 10:02,Completed
Xyz7504403,Atlas,DC,09-06-2026 10:03,09-06-2026 10:03,Completed
Xyz7504445,Atlas,DC,09-06-2026 10:00,09-06-2026 10:01,Completed
Xyz7504461,Atlas,DC,09-06-2026 10:03,09-06-2026 12:19,Completed
Xyz7504477,Atlas,DC,09-06-2026 10:02,09-06-2026 10:02,Completed
Xyz7504591,Atlas,DC,09-06-2026 10:01,09-06-2026 10:01,Completed
Xyz7504603,Atlas,DC,09-06-2026 20:59,-NA-,Expired
Xyz7504623,Atlas,DC,09-06-2026 10:00,09-06-2026 10:05,Completed
Xyz7504631,Atlas,DC,09-06-2026 10:00,09-06-2026 14:59,Completed
Xyz7504643,Atlas,DC,09-06-2026 10:02,09-06-2026 10:14,Completed
Xyz7504668,Atlas,DC,09-06-2026 10:02,09-06-2026 10:03,Completed
Xyz7504669,Atlas,DC,09-06-2026 10:02,09-06-2026 10:04,Completed
Xyz7504677,Atlas,DC,09-06-2026 10:00,09-06-2026 10:43,Completed
Xyz7504695,Atlas,DC,09-06-2026 10:02,09-06-2026 10:03,Completed
Xyz7504728,Atlas,DC,09-06-2026 10:04,09-06-2026 10:04,Completed
Xyz7504763,Atlas,DC,09-06-2026 10:02,09-06-2026 10:04,Completed
Xyz7504789,Atlas,DC,09-06-2026 10:03,09-06-2026 10:03,Completed
Xyz7504822,Atlas,DC,09-06-2026 21:00,-NA-,Expired
Xyz7504840,Atlas,DC,09-06-2026 10:04,09-06-2026 10:04,Completed
Xyz7504869,Atlas,DC,09-06-2026 10:03,09-06-2026 10:34,Completed
Xyz7504890,Atlas,DC,09-06-2026 10:03,09-06-2026 10:15,Completed
Xyz7504914,Atlas,DC,09-06-2026 21:01,-NA-,Expired
Xyz7504916,Atlas,DC,09-06-2026 21:02,-NA-,Expired
Xyz7504917,Atlas,DC,09-06-2026 21:01,-NA-,Expired
Xyz7504935,Atlas,DC,09-06-2026 10:03,09-06-2026 10:03,Completed
Xyz7504938,Atlas,DC,09-06-2026 10:02,09-06-2026 10:12,Completed
Xyz7505074,Atlas,DC,09-06-2026 10:03,09-06-2026 10:04,Completed
Xyz7505096,Atlas,DC,09-06-2026 21:02,-NA-,Expired
Xyz7505159,Atlas,DC,09-06-2026 21:03,-NA-,Expired
Xyz7505247,Atlas,DC,09-06-2026 10:03,09-06-2026 10:04,Completed
Xyz7505360,Atlas,DC,09-06-2026 10:02,09-06-2026 10:15,Completed
Xyz7505380,Atlas,DC,09-06-2026 10:00,09-06-2026 10:15,Completed
Xyz7505381,Atlas,DC,09-06-2026 10:02,09-06-2026 10:15,Completed
Xyz7505434,Atlas,DC,09-06-2026 10:02,09-06-2026 13:12,Completed
Xyz7505490,Atlas,DC,09-06-2026 10:01,-NA-,Expired
Xyz7505523,Atlas,DC,09-06-2026 10:00,09-06-2026 10:01,Completed
Xyz7505550,Atlas,DC,09-06-2026 10:00,09-06-2026 10:05,Completed
Xyz7505555,Atlas,DC,09-06-2026 21:03,-NA-,Expired
Xyz7505604,Atlas,DC,09-06-2026 21:01,-NA-,Expired
Xyz7505606,Atlas,DC,09-06-2026 21:03,-NA-,Expired
Xyz7505734,Atlas,DC,09-06-2026 10:03,09-06-2026 10:11,Completed
Xyz7505762,Atlas,DC,09-06-2026 21:00,-NA-,Expired
Xyz7505792,Atlas,DC,09-06-2026 10:01,09-06-2026 10:01,Completed
Xyz7505839,Atlas,DC,09-06-2026 10:01,09-06-2026 10:02,Completed
Xyz7505936,Atlas,DC,09-06-2026 10:01,09-06-2026 10:02,Completed
Xyz7506007,Atlas,DC,09-06-2026 10:00,09-06-2026 10:01,Completed
Xyz7506114,Atlas,DC,09-06-2026 10:00,-NA-,Expired
Xyz7506147,Atlas,DC,09-06-2026 10:03,09-06-2026 10:04,Completed
Xyz7506173,Atlas,DC,09-06-2026 10:01,09-06-2026 10:06,Completed
Xyz7506213,Atlas,DC,09-06-2026 10:01,09-06-2026 10:02,Completed
Xyz7506220,Atlas,DC,09-06-2026 10:03,-NA-,Expired
Xyz7506275,Atlas,DC,09-06-2026 10:03,09-06-2026 10:04,Completed
Xyz7506281,Atlas,DC,09-06-2026 10:03,09-06-2026 10:05,Completed
Xyz7506335,Atlas,DC,09-06-2026 10:01,09-06-2026 16:40,Completed
Xyz7506354,Atlas,DC,09-06-2026 10:03,09-06-2026 11:38,Completed
Xyz7506372,Atlas,DC,09-06-2026 21:01,-NA-,Expired
Xyz7506419,Atlas,DC,09-06-2026 10:02,09-06-2026 10:03,Completed
Xyz7506431,Atlas,DC,09-06-2026 21:03,-NA-,Expired
Xyz7506594,Atlas,DC,09-06-2026 10:02,09-06-2026 10:02,Completed
Xyz7506634,Atlas,DC,09-06-2026 10:02,09-06-2026 10:03,Completed
Xyz7506642,Atlas,DC,09-06-2026 10:03,09-06-2026 10:04,Completed
Xyz7506676,Atlas,DC,09-06-2026 21:04,-NA-,Expired
Xyz7506687,Atlas,DC,09-06-2026 10:03,09-06-2026 10:19,Completed
Xyz7506704,Atlas,DC,09-06-2026 10:03,09-06-2026 10:03,Completed
Xyz7506716,Atlas,DC,09-06-2026 10:02,09-06-2026 12:19,Completed
Xyz7506750,Atlas,DC,09-06-2026 10:03,09-06-2026 10:04,Completed
Xyz7506945,Atlas,DC,09-06-2026 10:01,09-06-2026 10:07,Completed
Xyz7507013,Atlas,DC,09-06-2026 21:02,-NA-,Expired
Xyz7507092,Atlas,DC,09-06-2026 10:00,09-06-2026 10:01,Completed
Xyz7507145,Atlas,DC,09-06-2026 10:02,09-06-2026 10:02,Completed
Xyz7507164,Atlas,DC,09-06-2026 10:00,09-06-2026 10:01,Completed
Xyz7507170,Atlas,DC,09-06-2026 10:02,09-06-2026 11:43,Completed
Xyz7507244,Atlas,DC,09-06-2026 10:01,09-06-2026 11:21,Completed
Xyz7507284,Atlas,DC,09-06-2026 10:02,09-06-2026 10:02,Completed
Xyz7507312,Atlas,DC,09-06-2026 10:03,09-06-2026 10:03,Completed
Xyz7507328,Atlas,DC,09-06-2026 10:02,09-06-2026 10:02,Completed
Xyz7507331,Atlas,DC,09-06-2026 10:02,09-06-2026 10:16,Completed
Xyz7507358,Atlas,DC,09-06-2026 10:01,09-06-2026 10:09,Completed
Xyz7507390,Atlas,DC,09-06-2026 10:01,09-06-2026 10:02,Completed
Xyz7507395,Atlas,DC,09-06-2026 10:03,09-06-2026 10:12,Completed
Xyz7507457,Atlas,DC,09-06-2026 10:02,-NA-,Expired
Xyz7507533,Atlas,DC,09-06-2026 10:03,09-06-2026 10:03,Completed
Xyz7507549,Atlas,DC,09-06-2026 10:01,09-06-2026 10:02,Completed
Xyz7507633,Atlas,DC,09-06-2026 10:00,09-06-2026 11:39,Completed
Xyz7507644,Atlas,DC,09-06-2026 10:00,09-06-2026 10:06,Completed
Xyz7507679,Atlas,DC,09-06-2026 10:02,09-06-2026 10:03,Completed
Xyz7507697,Atlas,DC,09-06-2026 10:03,09-06-2026 11:00,Completed
Xyz7507772,Atlas,DC,09-06-2026 10:03,09-06-2026 10:03,Completed
Xyz7507803,Atlas,DC,09-06-2026 10:03,09-06-2026 10:16,Completed
Xyz7507835,Atlas,DC,09-06-2026 10:03,09-06-2026 10:04,Completed
Xyz7507961,Atlas,DC,09-06-2026 10:00,09-06-2026 10:01,Completed
Xyz7508047,Atlas,DC,09-06-2026 10:02,09-06-2026 10:08,Completed
Xyz7508082,Atlas,DC,09-06-2026 10:00,09-06-2026 10:02,Completed
Xyz7508083,Atlas,DC,09-06-2026 10:03,09-06-2026 10:03,Completed
Xyz7508121,Atlas,DC,09-06-2026 10:01,-NA-,Expired
Xyz7508160,Atlas,DC,09-06-2026 10:02,09-06-2026 10:03,Completed
Xyz7508261,Atlas,DC,09-06-2026 10:03,09-06-2026 10:07,Completed
Xyz7508281,Atlas,DC,09-06-2026 10:02,09-06-2026 10:02,Completed
Xyz7508294,Atlas,DC,09-06-2026 10:02,09-06-2026 10:02,Completed
Xyz7508453,Atlas,DC,09-06-2026 10:00,09-06-2026 10:08,Completed
Xyz7508467,Atlas,DC,09-06-2026 10:02,09-06-2026 10:05,Completed
Xyz7508544,Atlas,DC,09-06-2026 10:02,09-06-2026 10:03,Completed
Xyz7508582,Atlas,DC,09-06-2026 10:01,09-06-2026 10:02,Completed
Xyz7508694,Atlas,DC,09-06-2026 10:03,09-06-2026 10:03,Completed
Xyz7508773,Atlas,DC,09-06-2026 21:02,-NA-,Expired
Xyz7508861,Atlas,DC,09-06-2026 10:02,09-06-2026 10:03,Completed
Xyz7508874,Atlas,DC,09-06-2026 10:01,09-06-2026 10:06,Completed
Xyz7508885,Atlas,DC,09-06-2026 10:01,09-06-2026 10:06,Completed
Xyz7508901,Atlas,DC,09-06-2026 10:02,09-06-2026 10:03,Completed
Xyz7508939,Atlas,DC,09-06-2026 10:00,09-06-2026 10:01,Completed
Xyz7508956,Atlas,DC,09-06-2026 10:00,09-06-2026 13:18,Completed
Xyz7509080,Atlas,DC,09-06-2026 10:03,09-06-2026 10:04,Completed
Xyz7509089,Atlas,DC,09-06-2026 21:05,-NA-,Expired
Xyz7509119,Atlas,DC,09-06-2026 10:02,09-06-2026 10:03,Completed
Xyz7509122,Atlas,DC,09-06-2026 10:01,09-06-2026 12:54,Completed
Xyz7509175,Atlas,DC,09-06-2026 10:01,09-06-2026 10:01,Completed
Xyz7509366,Atlas,DC,09-06-2026 21:05,-NA-,Expired
Xyz7509380,Atlas,DC,09-06-2026 10:01,09-06-2026 11:39,Completed
Xyz7509382,Atlas,DC,09-06-2026 10:02,09-06-2026 11:37,Completed
Xyz7509440,Atlas,DC,09-06-2026 10:01,09-06-2026 11:00,Completed
Xyz7509457,Atlas,DC,09-06-2026 10:03,09-06-2026 10:03,Completed
Xyz7509466,Atlas,DC,09-06-2026 10:03,09-06-2026 11:53,Completed
Xyz7509511,Atlas,DC,09-06-2026 10:02,09-06-2026 10:02,Completed
Xyz7509549,Atlas,DC,09-06-2026 10:02,09-06-2026 11:02,Completed
Xyz7509603,Atlas,DC,09-06-2026 10:01,09-06-2026 10:02,Completed
Xyz7509640,Atlas,DC,09-06-2026 10:02,09-06-2026 10:03,Completed
Xyz7509658,Atlas,DC,09-06-2026 21:04,-NA-,Expired
Xyz7509660,Atlas,DC,09-06-2026 21:05,-NA-,Expired
Xyz7509675,Atlas,DC,09-06-2026 10:01,09-06-2026 10:02,Completed
Xyz7509676,Atlas,DC,09-06-2026 10:00,09-06-2026 10:01,Completed
Xyz7509687,Atlas,DC,09-06-2026 10:01,09-06-2026 10:02,Completed
Xyz7509696,Atlas,DC,09-06-2026 10:03,09-06-2026 11:36,Completed
Xyz7509697,Atlas,DC,09-06-2026 10:01,09-06-2026 10:03,Completed
Xyz7509727,Atlas,DC,09-06-2026 10:00,09-06-2026 10:12,Completed
Xyz7509761,Atlas,DC,09-06-2026 10:01,09-06-2026 10:02,Completed
Xyz7509839,Atlas,DC,09-06-2026 10:03,-NA-,Expired
Xyz7509850,Atlas,DC,09-06-2026 10:02,09-06-2026 10:02,Completed
Xyz7509963,Atlas,DC,09-06-2026 10:03,09-06-2026 10:04,Completed
Xyz7510003,Atlas,DC,09-06-2026 10:00,09-06-2026 10:01,Completed
Xyz7510063,Atlas,DC,09-06-2026 10:02,09-06-2026 10:02,Completed
Xyz7510160,Atlas,DC,09-06-2026 10:00,09-06-2026 10:08,Completed
Xyz7510194,Atlas,DC,09-06-2026 10:00,09-06-2026 10:06,Completed
Xyz7510324,Atlas,DC,09-06-2026 10:02,09-06-2026 10:03,Completed
Xyz7510334,Atlas,DC,09-06-2026 10:03,09-06-2026 10:06,Completed
Xyz7510393,Atlas,DC,09-06-2026 10:03,09-06-2026 10:03,Completed
Xyz7510412,Atlas,DC,09-06-2026 10:02,09-06-2026 11:38,Completed
Xyz7510460,Atlas,DC,09-06-2026 10:03,09-06-2026 10:04,Completed
Xyz7510473,Atlas,DC,09-06-2026 10:03,-NA-,Expired
Xyz7510551,Atlas,DC,09-06-2026 10:03,09-06-2026 10:03,Completed
Xyz7510636,Atlas,DC,09-06-2026 10:03,-NA-,Expired
Xyz7510708,Atlas,DC,09-06-2026 10:02,09-06-2026 10:40,Completed
Xyz7510726,Atlas,DC,09-06-2026 10:03,09-06-2026 10:03,Completed
Xyz7510733,Atlas,DC,09-06-2026 20:59,-NA-,Expired
Xyz7510820,Atlas,DC,09-06-2026 10:02,09-06-2026 10:03,Completed
Xyz7510899,Atlas,DC,09-06-2026 10:01,09-06-2026 10:02,Completed
Xyz7511002,Atlas,DC,09-06-2026 10:01,09-06-2026 10:01,Completed
Xyz7511084,Atlas,DC,09-06-2026 10:03,09-06-2026 10:04,Completed
Xyz7511090,Atlas,DC,09-06-2026 10:00,09-06-2026 10:09,Completed
Xyz7511157,Atlas,DC,09-06-2026 10:02,09-06-2026 10:09,Completed
Xyz7511158,Atlas,DC,09-06-2026 10:00,09-06-2026 10:07,Completed
Xyz7511182,Atlas,DC,09-06-2026 10:02,09-06-2026 10:03,Completed
Xyz7511206,Atlas,DC,09-06-2026 10:01,09-06-2026 10:02,Completed
Xyz7511207,Atlas,DC,09-06-2026 10:02,09-06-2026 10:04,Completed
Xyz7511282,Atlas,DC,09-06-2026 10:03,09-06-2026 10:03,Completed
Xyz7511399,Atlas,DC,09-06-2026 10:01,09-06-2026 10:01,Completed
Xyz7511406,Atlas,DC,09-06-2026 10:02,09-06-2026 10:02,Completed
Xyz7511473,Atlas,DC,09-06-2026 10:01,09-06-2026 10:02,Completed
Xyz7511520,Atlas,DC,09-06-2026 10:01,09-06-2026 10:10,Completed
Xyz7511606,Atlas,DC,09-06-2026 10:02,09-06-2026 10:03,Completed
Xyz7511607,Atlas,DC,09-06-2026 10:01,09-06-2026 10:15,Completed
Xyz7511613,Atlas,DC,09-06-2026 10:03,09-06-2026 10:04,Completed
Xyz7511653,Atlas,DC,09-06-2026 10:02,09-06-2026 10:03,Completed
Xyz7511662,Atlas,DC,09-06-2026 10:02,09-06-2026 10:03,Completed
Xyz7511671,Atlas,DC,09-06-2026 10:02,09-06-2026 10:02,Completed
Xyz7511716,Atlas,DC,09-06-2026 10:01,09-06-2026 10:06,Completed
Xyz7511781,Atlas,DC,09-06-2026 10:01,09-06-2026 10:02,Completed
Xyz7511824,Atlas,DC,09-06-2026 10:04,09-06-2026 12:07,Completed
Xyz7511986,Atlas,DC,09-06-2026 10:01,09-06-2026 10:02,Completed
Xyz7512024,Atlas,DC,09-06-2026 10:02,09-06-2026 10:02,Completed
Xyz7512079,Atlas,DC,09-06-2026 10:03,09-06-2026 10:04,Completed
Xyz7512142,Atlas,DC,09-06-2026 10:02,09-06-2026 10:02,Completed
Xyz7512157,Atlas,DC,09-06-2026 10:01,09-06-2026 10:02,Completed
Xyz7512162,Atlas,DC,09-06-2026 10:02,09-06-2026 10:03,Completed
Xyz7512168,Atlas,DC,09-06-2026 10:02,09-06-2026 10:07,Completed
Xyz7512187,Atlas,DC,09-06-2026 21:04,-NA-,Expired
Xyz7512228,Atlas,DC,09-06-2026 10:00,09-06-2026 10:10,Completed
Xyz7512274,Atlas,DC,09-06-2026 21:04,-NA-,Expired
Xyz7512280,Atlas,DC,09-06-2026 10:03,09-06-2026 10:04,Completed
Xyz7512285,Atlas,DC,09-06-2026 10:01,-NA-,Expired
Xyz7512389,Atlas,DC,09-06-2026 10:03,09-06-2026 10:26,Completed
Xyz7512466,Atlas,DC,09-06-2026 10:02,09-06-2026 10:03,Completed
Xyz7512475,Atlas,DC,09-06-2026 20:59,-NA-,Expired
Xyz7512481,Atlas,DC,09-06-2026 10:00,09-06-2026 11:07,Completed
Xyz7512493,Atlas,DC,09-06-2026 10:03,09-06-2026 10:04,Completed
Xyz7512694,Atlas,DC,09-06-2026 21:04,-NA-,Expired
Xyz7512697,Atlas,DC,09-06-2026 10:03,09-06-2026 10:13,Completed
Xyz7512863,Atlas,DC,09-06-2026 10:03,09-06-2026 10:04,Completed
Xyz7512937,Atlas,DC,09-06-2026 10:00,09-06-2026 10:01,Completed
Xyz7512945,Atlas,DC,09-06-2026 10:03,09-06-2026 10:05,Completed
Xyz7512965,Atlas,DC,09-06-2026 10:03,09-06-2026 10:04,Completed
Xyz7512980,Atlas,DC,09-06-2026 10:01,09-06-2026 10:02,Completed
Xyz7512996,Atlas,DC,09-06-2026 10:01,09-06-2026 10:02,Completed
Xyz7513084,Atlas,DC,09-06-2026 20:59,-NA-,Expired
Xyz7513107,Atlas,DC,09-06-2026 10:00,09-06-2026 10:01,Completed
Xyz7513118,Atlas,DC,09-06-2026 10:02,09-06-2026 10:03,Completed
Xyz7513149,Atlas,DC,09-06-2026 10:01,09-06-2026 10:03,Completed
Xyz7513177,Atlas,DC,09-06-2026 21:03,-NA-,Expired
Xyz7513178,Atlas,DC,09-06-2026 21:03,-NA-,Expired
Xyz7513180,Atlas,DC,09-06-2026 21:03,-NA-,Expired
Xyz7513182,Atlas,DC,09-06-2026 21:04,-NA-,Expired
Xyz7513184,Atlas,DC,09-06-2026 21:02,-NA-,Expired
Xyz7513276,Atlas,DC,09-06-2026 10:03,09-06-2026 10:04,Completed
Xyz7513316,Atlas,DC,09-06-2026 10:03,09-06-2026 11:36,Completed
Xyz7513355,Atlas,DC,09-06-2026 10:03,09-06-2026 10:04,Completed
Xyz7513455,Atlas,DC,09-06-2026 10:03,09-06-2026 10:08,Completed
Xyz7513460,Atlas,DC,09-06-2026 10:03,09-06-2026 10:05,Completed
Xyz7513543,Atlas,DC,09-06-2026 10:03,10-06-2026 09:55,Completed
Xyz7513571,Atlas,DC,09-06-2026 21:01,-NA-,Expired
Xyz7513573,Atlas,DC,09-06-2026 21:01,-NA-,Expired
Xyz7513583,Atlas,DC,09-06-2026 10:02,-NA-,Expired
Xyz7513625,Atlas,DC,09-06-2026 10:01,09-06-2026 10:03,Completed
Xyz7513800,Atlas,DC,09-06-2026 10:03,-NA-,Expired
Xyz7513947,Atlas,DC,09-06-2026 10:03,09-06-2026 10:06,Completed
Xyz7513958,Atlas,DC,09-06-2026 10:03,09-06-2026 10:04,Completed
Xyz7514016,Atlas,DC,09-06-2026 10:02,09-06-2026 11:35,Completed
Xyz7514050,Atlas,DC,09-06-2026 10:01,09-06-2026 10:02,Completed
Xyz7514072,Atlas,DC,09-06-2026 10:03,09-06-2026 10:04,Completed
Xyz7514094,Atlas,DC,09-06-2026 10:03,09-06-2026 10:04,Completed
Xyz7514175,Atlas,DC,09-06-2026 10:03,09-06-2026 10:03,Completed
Xyz7514227,Atlas,DC,09-06-2026 10:03,09-06-2026 11:36,Completed
Xyz7514263,Atlas,DC,09-06-2026 10:03,-NA-,Expired
Xyz7514269,Atlas,DC,09-06-2026 10:03,09-06-2026 10:05,Completed
Xyz7514292,Atlas,DC,09-06-2026 10:00,09-06-2026 10:39,Completed
Xyz7514340,Atlas,DC,09-06-2026 10:02,09-06-2026 10:02,Completed
Xyz7514404,Atlas,DC,09-06-2026 10:04,09-06-2026 10:05,Completed
Xyz7514422,Atlas,DC,09-06-2026 20:59,-NA-,Expired
Xyz7514432,Atlas,DC,09-06-2026 10:00,09-06-2026 10:01,Completed
Xyz7514434,Atlas,DC,09-06-2026 10:01,09-06-2026 10:01,Completed
Xyz7514471,Atlas,DC,09-06-2026 10:00,09-06-2026 10:13,Completed
Xyz7514503,Atlas,DC,09-06-2026 21:03,-NA-,Expired
Xyz7514504,Atlas,DC,09-06-2026 21:01,-NA-,Expired
Xyz7514506,Atlas,DC,09-06-2026 10:01,09-06-2026 10:05,Completed
Xyz7514531,Atlas,DC,09-06-2026 10:03,09-06-2026 10:47,Completed
Xyz7514578,Atlas,DC,09-06-2026 10:02,09-06-2026 10:02,Completed
Xyz7514733,Atlas,DC,09-06-2026 10:03,09-06-2026 10:06,Completed
Xyz7514766,Atlas,DC,09-06-2026 21:00,-NA-,Expired
Xyz7514774,Atlas,DC,09-06-2026 10:01,09-06-2026 16:38,Completed
Xyz7514810,Atlas,DC,09-06-2026 10:01,09-06-2026 10:01,Completed
Xyz7514869,Atlas,DC,09-06-2026 21:02,-NA-,Expired
Xyz7514902,Atlas,DC,09-06-2026 10:00,09-06-2026 10:01,Completed
Xyz7514937,Atlas,DC,09-06-2026 10:01,09-06-2026 10:01,Completed
Xyz7514944,Atlas,DC,09-06-2026 10:04,09-06-2026 10:04,Completed
Xyz7514952,Atlas,DC,09-06-2026 21:00,-NA-,Expired
Xyz7515017,Atlas,DC,09-06-2026 10:03,09-06-2026 10:04,Completed
Xyz7515133,Atlas,DC,09-06-2026 10:00,09-06-2026 10:13,Completed
Xyz7515157,Atlas,DC,09-06-2026 21:02,-NA-,Expired
Xyz7515159,Atlas,DC,09-06-2026 21:03,-NA-,Expired
Xyz7515209,Atlas,DC,09-06-2026 21:00,-NA-,Expired
Xyz7515210,Atlas,DC,09-06-2026 21:00,-NA-,Expired
Xyz7515215,Atlas,DC,09-06-2026 20:59,-NA-,Expired
Xyz7515295,Atlas,DC,09-06-2026 21:02,-NA-,Expired
Xyz7515328,Atlas,DC,09-06-2026 10:03,09-06-2026 10:15,Completed
Xyz7515345,Atlas,DC,09-06-2026 10:00,09-06-2026 10:02,Completed
Xyz7515384,Atlas,DC,09-06-2026 10:03,09-06-2026 10:12,Completed
Xyz7515421,Atlas,DC,09-06-2026 10:03,09-06-2026 10:59,Completed
Xyz7515458,Atlas,DC,09-06-2026 20:59,-NA-,Expired
Xyz7515520,Atlas,DC,09-06-2026 10:03,09-06-2026 10:21,Completed
Xyz7515567,Atlas,DC,09-06-2026 10:01,09-06-2026 10:01,Completed
Xyz7515592,Atlas,DC,09-06-2026 10:01,09-06-2026 10:01,Completed
Xyz7515683,Atlas,DC,09-06-2026 21:02,-NA-,Expired
Xyz7515716,Atlas,DC,09-06-2026 21:03,-NA-,Expired
Xyz7515770,Atlas,DC,09-06-2026 10:04,09-06-2026 10:05,Completed
Xyz7515777,Atlas,DC,09-06-2026 10:04,09-06-2026 10:05,Completed
Xyz7515795,Atlas,DC,09-06-2026 10:03,09-06-2026 10:55,Completed
Xyz7515819,Atlas,DC,09-06-2026 10:02,09-06-2026 10:03,Completed
Xyz7515826,Atlas,DC,09-06-2026 21:03,-NA-,Expired
Xyz7515836,Atlas,DC,09-06-2026 10:04,09-06-2026 10:05,Completed
Xyz7515890,Atlas,DC,09-06-2026 10:00,09-06-2026 10:01,Completed
Xyz7516029,Atlas,DC,09-06-2026 10:03,09-06-2026 10:04,Completed
Xyz7516202,Atlas,DC,09-06-2026 21:02,-NA-,Expired
Xyz7516228,Atlas,DC,09-06-2026 10:03,09-06-2026 10:04,Completed
Xyz7516229,Atlas,DC,09-06-2026 10:02,09-06-2026 10:03,Completed
Xyz7516343,Atlas,DC,09-06-2026 10:03,09-06-2026 11:36,Completed
Xyz7516491,Atlas,DC,09-06-2026 10:03,-NA-,Expired
Xyz7516503,Atlas,DC,09-06-2026 10:03,09-06-2026 10:08,Completed
Xyz7516518,Atlas,DC,09-06-2026 21:03,-NA-,Expired
Xyz7516561,Atlas,DC,09-06-2026 10:03,09-06-2026 10:04,Completed
Xyz7516637,Atlas,DC,09-06-2026 10:03,09-06-2026 10:05,Completed
Xyz7516728,Atlas,DC,09-06-2026 20:59,-NA-,Expired
Xyz7516768,Atlas,DC,09-06-2026 10:03,09-06-2026 10:05,Completed
Xyz7516800,Atlas,DC,09-06-2026 21:04,-NA-,Expired
Xyz7516886,Atlas,DC,09-06-2026 10:00,09-06-2026 11:01,Completed
Xyz7516907,Atlas,DC,09-06-2026 21:01,-NA-,Expired
Xyz7516914,Atlas,DC,09-06-2026 10:01,09-06-2026 10:10,Completed
Xyz7516915,Atlas,DC,09-06-2026 10:03,09-06-2026 10:15,Completed
Xyz7516929,Atlas,DC,09-06-2026 10:02,09-06-2026 10:02,Completed
Xyz7516933,Atlas,DC,09-06-2026 10:03,-NA-,Expired
Xyz7516938,Atlas,DC,09-06-2026 10:01,09-06-2026 15:23,Completed
Xyz7516939,Atlas,DC,09-06-2026 21:01,-NA-,Expired
Xyz7516944,Atlas,DC,09-06-2026 10:03,09-06-2026 10:14,Completed
Xyz7516963,Atlas,DC,09-06-2026 10:01,09-06-2026 10:02,Completed
Xyz7516976,Atlas,DC,09-06-2026 10:03,-NA-,Expired
Xyz7516989,Atlas,DC,09-06-2026 10:02,09-06-2026 10:03,Completed
Xyz7517178,Atlas,DC,09-06-2026 10:02,09-06-2026 14:12,Completed
Xyz7517185,Atlas,DC,09-06-2026 10:03,09-06-2026 10:04,Completed
Xyz7517191,Atlas,DC,09-06-2026 10:03,09-06-2026 10:04,Completed
Xyz7517234,Atlas,DC,09-06-2026 10:01,09-06-2026 10:02,Completed
Xyz7517329,Atlas,DC,09-06-2026 10:03,09-06-2026 10:08,Completed
Xyz7517341,Atlas,DC,09-06-2026 10:03,09-06-2026 10:03,Completed
Xyz7517383,Atlas,DC,09-06-2026 10:03,09-06-2026 10:04,Completed
Xyz7517432,Atlas,DC,09-06-2026 10:03,09-06-2026 10:27,Completed
Xyz7517434,Atlas,DC,09-06-2026 10:03,09-06-2026 10:12,Completed
Xyz7517518,Atlas,DC,09-06-2026 21:01,-NA-,Expired
Xyz7517561,Atlas,DC,09-06-2026 10:04,09-06-2026 10:13,Completed
Xyz7517567,Atlas,DC,09-06-2026 10:04,09-06-2026 10:14,Completed
Xyz7517583,Atlas,DC,09-06-2026 21:06,-NA-,Expired
Xyz7517607,Atlas,DC,09-06-2026 21:04,-NA-,Expired
Xyz7517617,Atlas,DC,09-06-2026 10:02,09-06-2026 13:42,Completed
Xyz7517623,Atlas,DC,09-06-2026 10:02,09-06-2026 13:40,Completed
Xyz7517698,Atlas,DC,09-06-2026 10:01,09-06-2026 10:10,Completed
Xyz7517750,Atlas,DC,09-06-2026 21:03,-NA-,Expired
Xyz7517769,Atlas,DC,09-06-2026 10:01,09-06-2026 10:02,Completed
Xyz7517828,Atlas,DC,09-06-2026 10:00,09-06-2026 10:13,Completed
Xyz7517860,Atlas,DC,09-06-2026 21:01,-NA-,Expired
Xyz7517864,Atlas,DC,09-06-2026 21:01,-NA-,Expired
Xyz7517868,Atlas,DC,09-06-2026 10:00,09-06-2026 10:29,Completed
Xyz7517893,Atlas,DC,09-06-2026 10:02,-NA-,Expired
Xyz7518005,Atlas,DC,09-06-2026 21:04,-NA-,Expired
Xyz7518013,Atlas,DC,09-06-2026 10:03,09-06-2026 14:05,Completed
Xyz7518019,Atlas,DC,09-06-2026 10:03,09-06-2026 10:09,Completed
Xyz7518051,Atlas,DC,09-06-2026 10:00,09-06-2026 10:03,Completed
Xyz7518055,Atlas,DC,09-06-2026 10:03,09-06-2026 10:08,Completed
Xyz7518088,Atlas,DC,09-06-2026 10:00,09-06-2026 10:12,Completed
Xyz7518133,Atlas,DC,09-06-2026 10:03,-NA-,Expired
Xyz7518164,Atlas,DC,09-06-2026 21:02,-NA-,Expired
Xyz7518202,Atlas,DC,09-06-2026 10:00,09-06-2026 10:08,Completed
Xyz7518228,Atlas,DC,09-06-2026 10:03,09-06-2026 11:47,Completed
Xyz7518272,Atlas,DC,09-06-2026 21:01,-NA-,Expired
Xyz7518289,Atlas,DC,09-06-2026 10:03,09-06-2026 10:03,Completed
Xyz7518314,Atlas,DC,09-06-2026 21:02,-NA-,Expired
Xyz7518351,Atlas,DC,09-06-2026 10:03,09-06-2026 10:31,Completed
Xyz7518356,Atlas,DC,09-06-2026 21:01,-NA-,Expired
Xyz7518446,Atlas,DC,09-06-2026 21:03,-NA-,Expired
Xyz7518460,Atlas,DC,09-06-2026 10:03,09-06-2026 10:13,Completed
Xyz7518506,Atlas,DC,09-06-2026 21:01,-NA-,Expired
Xyz7518578,Atlas,DC,09-06-2026 21:03,-NA-,Expired
Xyz7518585,Atlas,DC,09-06-2026 21:07,-NA-,Expired
Xyz7518593,Atlas,DC,09-06-2026 21:00,-NA-,Expired
Xyz7518612,Atlas,DC,09-06-2026 10:03,09-06-2026 10:09,Completed
Xyz7518661,Atlas,DC,09-06-2026 21:02,-NA-,Expired
Xyz7518749,Atlas,DC,09-06-2026 21:03,-NA-,Expired
Xyz7518778,Atlas,DC,09-06-2026 21:01,-NA-,Expired
Xyz7518791,Atlas,DC,09-06-2026 21:02,-NA-,Expired
Xyz7518822,Atlas,DC,09-06-2026 21:01,-NA-,Expired
Xyz7518842,Atlas,DC,09-06-2026 21:02,-NA-,Expired
Xyz7518855,Atlas,DC,09-06-2026 21:03,-NA-,Expired
Xyz7518867,Atlas,DC,09-06-2026 10:00,09-06-2026 10:01,Completed
Xyz7518868,Atlas,DC,09-06-2026 10:02,09-06-2026 10:03,Completed
Xyz7518869,Atlas,DC,09-06-2026 21:01,-NA-,Expired
Xyz7518870,Atlas,DC,09-06-2026 21:03,-NA-,Expired
Xyz7518872,Atlas,DC,09-06-2026 21:01,-NA-,Expired
Xyz7518901,Atlas,DC,09-06-2026 10:03,09-06-2026 10:03,Completed
Xyz7518907,Atlas,DC,09-06-2026 10:02,09-06-2026 10:03,Completed
Xyz7518922,Atlas,DC,09-06-2026 10:01,09-06-2026 12:10,Completed
Xyz7518958,Atlas,DC,09-06-2026 10:02,-NA-,Expired
Xyz7518972,Atlas,DC,09-06-2026 21:01,-NA-,Expired
Xyz7518983,Atlas,DC,09-06-2026 10:02,09-06-2026 12:40,Completed
Xyz7519058,Atlas,DC,09-06-2026 21:02,-NA-,Expired
Xyz7519202,Atlas,DC,09-06-2026 21:00,-NA-,Expired
Xyz7519219,Atlas,DC,09-06-2026 10:01,09-06-2026 11:03,Completed
Xyz7519235,Atlas,DC,09-06-2026 10:03,09-06-2026 10:04,Completed
Xyz7519263,Atlas,DC,09-06-2026 10:04,09-06-2026 10:31,Completed
Xyz7519279,Atlas,DC,09-06-2026 21:03,-NA-,Expired
Xyz7519332,Atlas,DC,09-06-2026 10:03,09-06-2026 10:03,Completed
Xyz7519382,Atlas,DC,09-06-2026 10:00,09-06-2026 10:01,Completed
Xyz7519435,Atlas,DC,09-06-2026 21:04,-NA-,Expired
Xyz7519483,Atlas,DC,09-06-2026 10:03,09-06-2026 10:04,Completed
Xyz7519570,Atlas,DC,09-06-2026 10:01,09-06-2026 11:42,Completed
Xyz7519579,Atlas,DC,09-06-2026 10:03,09-06-2026 10:03,Completed
Xyz7519594,Atlas,DC,09-06-2026 10:00,09-06-2026 10:01,Completed
Xyz7519597,Atlas,DC,09-06-2026 21:02,-NA-,Expired
Xyz7519612,Atlas,DC,09-06-2026 21:03,-NA-,Expired
Xyz7519703,Atlas,DC,09-06-2026 21:02,-NA-,Expired
Xyz7519713,Atlas,DC,09-06-2026 10:03,09-06-2026 10:03,Completed
Xyz7519723,Atlas,DC,09-06-2026 10:03,09-06-2026 10:30,Completed
Xyz7519753,Atlas,DC,09-06-2026 10:02,09-06-2026 10:03,Completed
Xyz7519760,Atlas,DC,09-06-2026 10:03,09-06-2026 10:03,Completed
Xyz7519771,Atlas,DC,09-06-2026 21:01,-NA-,Expired
Xyz7519776,Atlas,DC,09-06-2026 21:04,-NA-,Expired
Xyz7519779,Atlas,DC,09-06-2026 21:01,-NA-,Expired
Xyz7519781,Atlas,DC,09-06-2026 21:01,-NA-,Expired
Xyz7519808,Atlas,DC,09-06-2026 21:04,-NA-,Expired
Xyz7519840,Atlas,DC,09-06-2026 10:01,-NA-,Expired
Xyz7519914,Atlas,DC,09-06-2026 21:03,-NA-,Expired
Xyz7519943,Atlas,DC,09-06-2026 10:03,-NA-,Expired
Xyz7519975,Atlas,DC,09-06-2026 21:03,-NA-,Expired
Xyz7520016,Atlas,DC,09-06-2026 10:02,09-06-2026 11:33,Completed
Xyz7520018,Atlas,DC,09-06-2026 21:01,-NA-,Expired
Xyz7520021,Atlas,DC,09-06-2026 21:01,-NA-,Expired
Xyz7520024,Atlas,DC,09-06-2026 21:01,-NA-,Expired
Xyz7520108,Atlas,DC,09-06-2026 10:00,09-06-2026 10:01,Completed
Xyz7520167,Atlas,DC,09-06-2026 10:00,09-06-2026 10:01,Completed
Xyz7520191,Atlas,DC,09-06-2026 10:00,09-06-2026 10:02,Completed
Xyz7520195,Atlas,DC,09-06-2026 10:03,09-06-2026 10:03,Completed
Xyz7520208,Atlas,DC,09-06-2026 21:00,09-06-2026 21:01,Completed
Xyz7520210,Atlas,DC,09-06-2026 21:01,-NA-,Expired
Xyz7520236,Atlas,DC,09-06-2026 10:00,09-06-2026 10:01,Completed
Xyz7520237,Atlas,DC,09-06-2026 10:02,09-06-2026 10:02,Completed
Xyz7520275,Atlas,DC,09-06-2026 10:02,09-06-2026 10:02,Completed
Xyz7520385,Atlas,DC,09-06-2026 10:03,09-06-2026 12:05,Completed
Xyz7520395,Atlas,DC,09-06-2026 10:02,09-06-2026 10:10,Completed
Xyz7520473,Atlas,DC,09-06-2026 10:04,09-06-2026 10:04,Completed
Xyz7520497,Atlas,DC,09-06-2026 10:00,09-06-2026 10:01,Completed
Xyz7520505,Atlas,DC,09-06-2026 10:02,09-06-2026 10:03,Completed
Xyz7520506,Atlas,DC,09-06-2026 10:00,09-06-2026 10:03,Completed
Xyz7520539,Atlas,DC,09-06-2026 10:03,09-06-2026 10:04,Completed
Xyz7520582,Atlas,DC,09-06-2026 10:03,09-06-2026 10:04,Completed
Xyz7520608,Atlas,DC,09-06-2026 10:03,09-06-2026 10:03,Completed
Xyz7520642,Atlas,DC,09-06-2026 21:01,-NA-,Expired
Xyz7520656,Atlas,DC,09-06-2026 10:01,09-06-2026 10:01,Completed
Xyz7520696,Atlas,DC,09-06-2026 10:02,09-06-2026 12:01,Completed
Xyz7520702,Atlas,DC,09-06-2026 10:00,09-06-2026 10:01,Completed
Xyz7520751,Atlas,DC,09-06-2026 21:02,-NA-,Expired
Xyz7520769,Atlas,DC,09-06-2026 21:03,-NA-,Expired
Xyz7520774,Atlas,DC,09-06-2026 10:03,09-06-2026 10:13,Completed
Xyz7520778,Atlas,DC,09-06-2026 10:00,09-06-2026 11:02,Completed
Xyz7520816,Atlas,DC,09-06-2026 10:03,09-06-2026 10:04,Completed
Xyz7521004,Atlas,DC,09-06-2026 10:03,09-06-2026 10:03,Completed
Xyz7521121,Atlas,DC,09-06-2026 10:03,09-06-2026 10:25,Completed
Xyz7521160,Atlas,DC,09-06-2026 10:01,09-06-2026 10:02,Completed
Xyz7521194,Atlas,DC,09-06-2026 10:03,09-06-2026 10:04,Completed
Xyz7521203,Atlas,DC,09-06-2026 10:03,09-06-2026 10:04,Completed
Xyz7521282,Atlas,DC,09-06-2026 10:03,09-06-2026 10:03,Completed
Xyz7521389,Atlas,DC,09-06-2026 10:01,09-06-2026 10:01,Completed
Xyz7521451,Atlas,DC,09-06-2026 10:03,09-06-2026 10:04,Completed
Xyz7521452,Atlas,DC,09-06-2026 10:01,09-06-2026 10:02,Completed
Xyz7521458,Atlas,DC,09-06-2026 10:01,09-06-2026 10:02,Completed
Xyz7521471,Atlas,DC,09-06-2026 10:03,09-06-2026 10:04,Completed
Xyz7521477,Atlas,DC,09-06-2026 21:02,-NA-,Expired
Xyz7521591,Atlas,DC,09-06-2026 21:01,-NA-,Expired
Xyz7521639,Atlas,DC,09-06-2026 10:01,09-06-2026 10:09,Completed
Xyz7521711,Atlas,DC,09-06-2026 10:01,09-06-2026 10:02,Completed
Xyz7521725,Atlas,DC,09-06-2026 10:02,09-06-2026 10:02,Completed
Xyz7521813,Atlas,DC,09-06-2026 21:02,-NA-,Expired
Xyz7521928,Atlas,DC,09-06-2026 10:02,09-06-2026 10:03,Completed
Xyz7521967,Atlas,DC,09-06-2026 10:02,09-06-2026 10:08,Completed
Xyz7522012,Atlas,DC,09-06-2026 10:02,09-06-2026 10:25,Completed
Xyz7522015,Atlas,DC,09-06-2026 21:03,-NA-,Expired
Xyz7522023,Atlas,DC,09-06-2026 10:03,09-06-2026 11:00,Completed
Xyz7522037,Atlas,DC,09-06-2026 10:03,09-06-2026 10:03,Completed
Xyz7522052,Atlas,DC,09-06-2026 21:04,-NA-,Expired
Xyz7522129,Atlas,DC,09-06-2026 10:00,09-06-2026 10:01,Completed
Xyz7522147,Atlas,DC,09-06-2026 10:01,09-06-2026 10:02,Completed
Xyz7522211,Atlas,DC,09-06-2026 10:03,09-06-2026 10:04,Completed
Xyz7522258,Atlas,DC,09-06-2026 10:03,09-06-2026 10:04,Completed
Xyz7522367,Atlas,DC,09-06-2026 10:01,09-06-2026 11:11,Completed
Xyz7522397,Atlas,DC,09-06-2026 10:03,09-06-2026 10:04,Completed
Xyz7522400,Atlas,DC,09-06-2026 10:02,09-06-2026 10:03,Completed
Xyz7522412,Atlas,DC,09-06-2026 10:00,09-06-2026 10:01,Completed
Xyz7522424,Atlas,DC,09-06-2026 10:03,09-06-2026 10:04,Completed
Xyz7522431,Atlas,DC,09-06-2026 10:03,09-06-2026 10:04,Completed
Xyz7522571,Atlas,DC,09-06-2026 10:03,09-06-2026 10:04,Completed
Xyz7522586,Atlas,DC,09-06-2026 20:59,-NA-,Expired
Xyz7522587,Atlas,DC,09-06-2026 21:00,-NA-,Expired
Xyz7522656,Atlas,DC,09-06-2026 10:01,09-06-2026 10:02,Completed
Xyz7522661,Atlas,DC,09-06-2026 10:03,09-06-2026 10:04,Completed
Xyz7522663,Atlas,DC,09-06-2026 10:01,09-06-2026 10:02,Completed
Xyz7522719,Atlas,DC,09-06-2026 10:03,09-06-2026 11:20,Completed
Xyz7522722,Atlas,DC,09-06-2026 10:01,09-06-2026 10:02,Completed
Xyz7522843,Atlas,DC,09-06-2026 10:03,09-06-2026 10:03,Completed
Xyz7522859,Atlas,DC,09-06-2026 10:03,-NA-,Expired
Xyz7522881,Atlas,DC,09-06-2026 10:02,09-06-2026 10:02,Completed
Xyz7522902,Atlas,DC,09-06-2026 10:02,09-06-2026 10:02,Completed
Xyz7522907,Atlas,DC,09-06-2026 21:02,-NA-,Expired
Xyz7522914,Atlas,DC,09-06-2026 10:03,09-06-2026 10:37,Completed
Xyz7522970,Atlas,DC,09-06-2026 10:00,09-06-2026 12:10,Completed
Xyz7522972,Atlas,DC,09-06-2026 21:03,-NA-,Expired
Xyz7523006,Atlas,DC,09-06-2026 10:03,09-06-2026 10:04,Completed
Xyz7523049,Atlas,DC,09-06-2026 10:02,09-06-2026 11:55,Completed
Xyz7523064,Atlas,DC,09-06-2026 21:02,-NA-,Expired
Xyz7523175,Atlas,DC,09-06-2026 10:03,09-06-2026 10:05,Completed
Xyz7523206,Atlas,DC,09-06-2026 10:02,09-06-2026 10:03,Completed
Xyz7523227,Atlas,DC,09-06-2026 10:01,09-06-2026 10:02,Completed
Xyz7523328,Atlas,DC,09-06-2026 10:03,09-06-2026 10:06,Completed
Xyz7523343,Atlas,DC,09-06-2026 21:01,-NA-,Expired
Xyz7523360,Atlas,DC,09-06-2026 10:03,09-06-2026 10:03,Completed
Xyz7523416,Atlas,DC,09-06-2026 21:02,-NA-,Expired
Xyz7523501,Atlas,DC,09-06-2026 10:00,09-06-2026 10:01,Completed
Xyz7523515,Atlas,DC,09-06-2026 10:03,09-06-2026 10:03,Completed
Xyz7523519,Atlas,DC,09-06-2026 10:02,09-06-2026 10:02,Completed
Xyz7523685,Atlas,DC,09-06-2026 10:02,09-06-2026 10:03,Completed
Xyz7523711,Atlas,DC,09-06-2026 10:00,09-06-2026 10:01,Completed
Xyz7523730,Atlas,DC,09-06-2026 10:02,09-06-2026 10:03,Completed
Xyz7523810,Atlas,DC,09-06-2026 10:01,09-06-2026 10:01,Completed
Xyz7523838,Atlas,DC,09-06-2026 10:02,09-06-2026 10:03,Completed
Xyz7523850,Atlas,DC,09-06-2026 10:02,09-06-2026 10:03,Completed
Xyz7523947,Atlas,DC,09-06-2026 10:00,09-06-2026 10:23,Completed
Xyz7523951,Atlas,DC,09-06-2026 21:03,-NA-,Expired
Xyz7524005,Atlas,DC,09-06-2026 10:00,09-06-2026 10:05,Completed
Xyz7524061,Atlas,DC,09-06-2026 21:01,-NA-,Expired
Xyz7524178,Atlas,DC,09-06-2026 10:02,-NA-,Expired
Xyz7524182,Atlas,DC,09-06-2026 10:03,-NA-,Expired
Xyz7524196,Atlas,DC,09-06-2026 10:00,09-06-2026 10:03,Completed
Xyz7524249,Atlas,DC,09-06-2026 10:02,09-06-2026 10:03,Completed
Xyz7524297,Atlas,DC,09-06-2026 10:02,09-06-2026 10:03,Completed
Xyz7524304,Atlas,DC,09-06-2026 10:01,09-06-2026 10:02,Completed
Xyz7524307,Atlas,DC,09-06-2026 10:02,09-06-2026 11:27,Completed
Xyz7524329,Atlas,DC,09-06-2026 10:02,09-06-2026 10:05,Completed
Xyz7524364,Atlas,DC,09-06-2026 10:02,09-06-2026 10:06,Completed
Xyz7524378,Atlas,DC,09-06-2026 10:01,09-06-2026 10:05,Completed
Xyz7524392,Atlas,DC,09-06-2026 10:00,09-06-2026 10:01,Completed
Xyz7524542,Atlas,DC,09-06-2026 10:03,09-06-2026 10:04,Completed
Xyz7524554,Atlas,DC,09-06-2026 10:01,09-06-2026 10:02,Completed
Xyz7524633,Atlas,DC,09-06-2026 10:03,09-06-2026 10:04,Completed
Xyz7524666,Atlas,DC,09-06-2026 10:03,09-06-2026 10:04,Completed
Xyz7524695,Atlas,DC,09-06-2026 21:02,-NA-,Expired
Xyz7524785,Atlas,DC,09-06-2026 10:03,09-06-2026 10:04,Completed
Xyz7524790,Atlas,DC,09-06-2026 21:01,-NA-,Expired
Xyz7524792,Atlas,DC,09-06-2026 10:03,09-06-2026 10:04,Completed
Xyz7524807,Atlas,DC,09-06-2026 10:03,09-06-2026 10:04,Completed
Xyz7524912,Atlas,DC,09-06-2026 10:02,09-06-2026 10:02,Completed
Xyz7524913,Atlas,DC,09-06-2026 10:03,09-06-2026 10:04,Completed
Xyz7524956,Atlas,DC,09-06-2026 10:01,09-06-2026 10:02,Completed
Xyz7524977,Atlas,DC,09-06-2026 10:00,09-06-2026 10:06,Completed
Xyz7524998,Atlas,DC,09-06-2026 10:03,09-06-2026 10:07,Completed
Xyz7525088,Atlas,DC,09-06-2026 10:03,09-06-2026 10:04,Completed
Xyz7525135,Atlas,DC,09-06-2026 10:01,09-06-2026 10:01,Completed
Xyz7525189,Atlas,DC,09-06-2026 10:02,09-06-2026 10:03,Completed
Xyz7525199,Atlas,DC,09-06-2026 10:01,09-06-2026 10:01,Completed
Xyz7525200,Atlas,DC,09-06-2026 10:01,09-06-2026 10:01,Completed
Xyz7525242,Atlas,DC,09-06-2026 10:02,09-06-2026 10:03,Completed
Xyz7525309,Atlas,DC,09-06-2026 10:02,10-06-2026 09:22,Completed
Xyz7525431,Atlas,DC,09-06-2026 10:02,09-06-2026 11:23,Completed
Xyz7525481,Atlas,DC,09-06-2026 21:01,-NA-,Expired
Xyz7525595,Atlas,DC,09-06-2026 21:00,09-06-2026 21:02,Completed
Xyz7525601,Atlas,DC,09-06-2026 10:02,09-06-2026 10:02,Completed
Xyz7525616,Atlas,DC,09-06-2026 10:00,09-06-2026 10:04,Completed
Xyz7525617,Atlas,DC,09-06-2026 10:02,09-06-2026 10:04,Completed
Xyz7525635,Atlas,DC,09-06-2026 10:02,09-06-2026 10:03,Completed
Xyz7525712,Atlas,DC,09-06-2026 10:02,09-06-2026 12:00,Completed
Xyz7525787,Atlas,DC,09-06-2026 10:02,09-06-2026 10:02,Completed
Xyz7525926,Atlas,DC,09-06-2026 10:02,09-06-2026 10:06,Completed
Xyz7526137,Atlas,DC,09-06-2026 21:01,-NA-,Expired
Xyz7526142,Atlas,DC,09-06-2026 21:02,-NA-,Expired
Xyz7526308,Atlas,DC,09-06-2026 10:01,09-06-2026 10:01,Completed
Xyz7526339,Atlas,DC,09-06-2026 21:01,-NA-,Expired
Xyz7526497,Atlas,DC,09-06-2026 10:00,09-06-2026 10:14,Completed
Xyz7526507,Atlas,DC,09-06-2026 10:03,09-06-2026 10:33,Completed
Xyz7526526,Atlas,DC,09-06-2026 21:03,-NA-,Expired
Xyz7526566,Atlas,DC,09-06-2026 10:02,09-06-2026 10:06,Completed
Xyz7526646,Atlas,DC,09-06-2026 10:01,09-06-2026 10:02,Completed
Xyz7526777,Atlas,DC,09-06-2026 10:04,09-06-2026 10:04,Completed
Xyz7526782,Atlas,DC,09-06-2026 10:04,09-06-2026 10:04,Completed
Xyz7526786,Atlas,DC,09-06-2026 10:02,09-06-2026 10:02,Completed
Xyz7526788,Atlas,DC,09-06-2026 10:02,09-06-2026 10:02,Completed
Xyz7526909,Atlas,DC,09-06-2026 10:01,09-06-2026 10:01,Completed
Xyz7526922,Atlas,DC,09-06-2026 10:01,09-06-2026 10:03,Completed
Xyz7526981,Atlas,DC,09-06-2026 10:02,09-06-2026 10:03,Completed
Xyz7526991,Atlas,DC,09-06-2026 10:03,09-06-2026 10:03,Completed
Xyz7527014,Atlas,DC,09-06-2026 21:01,-NA-,Expired
Xyz7527095,Atlas,DC,09-06-2026 10:03,09-06-2026 10:04,Completed
Xyz7527134,Atlas,DC,09-06-2026 10:02,09-06-2026 10:08,Completed
Xyz7527135,Atlas,DC,09-06-2026 10:02,-NA-,Expired
Xyz7527254,Atlas,DC,09-06-2026 21:01,-NA-,Expired
Xyz7527322,Atlas,DC,09-06-2026 10:03,09-06-2026 10:04,Completed
Xyz7527370,Atlas,DC,09-06-2026 10:01,09-06-2026 10:02,Completed
Xyz7527506,Atlas,DC,09-06-2026 10:02,09-06-2026 11:48,Completed
Xyz7527545,Atlas,DC,09-06-2026 10:01,09-06-2026 10:07,Completed
Xyz7527557,Atlas,DC,09-06-2026 10:03,09-06-2026 10:09,Completed
Xyz7527638,Atlas,DC,09-06-2026 10:00,-NA-,Expired
Xyz7527641,Atlas,DC,09-06-2026 21:02,-NA-,Expired
Xyz7527651,Atlas,DC,09-06-2026 10:03,09-06-2026 10:04,Completed
Xyz7527655,Atlas,DC,09-06-2026 10:01,09-06-2026 11:48,Completed
Xyz7527718,Atlas,DC,09-06-2026 10:00,-NA-,Expired
Xyz7527746,Atlas,DC,09-06-2026 21:02,-NA-,Expired
Xyz7527793,Atlas,DC,09-06-2026 10:02,09-06-2026 10:04,Completed
Xyz7527803,Atlas,DC,09-06-2026 10:03,09-06-2026 10:03,Completed
Xyz7527852,Atlas,DC,09-06-2026 21:02,-NA-,Expired
Xyz7527879,Atlas,DC,09-06-2026 10:00,09-06-2026 10:01,Completed
Xyz7527938,Atlas,DC,09-06-2026 10:04,09-06-2026 10:38,Completed
Xyz7527992,Atlas,DC,09-06-2026 10:02,09-06-2026 10:03,Completed
Xyz7528109,Atlas,DC,09-06-2026 10:03,09-06-2026 12:52,Completed
Xyz7528151,Atlas,DC,09-06-2026 10:02,09-06-2026 10:18,Completed
Xyz7528166,Atlas,DC,09-06-2026 10:02,09-06-2026 10:04,Completed
Xyz7528201,Atlas,DC,09-06-2026 21:03,-NA-,Expired
Xyz7528209,Atlas,DC,09-06-2026 10:01,09-06-2026 10:04,Completed
Xyz7528216,Atlas,DC,09-06-2026 10:03,09-06-2026 10:05,Completed
Xyz7528230,Atlas,DC,09-06-2026 10:01,09-06-2026 10:09,Completed
Xyz7528242,Atlas,DC,09-06-2026 10:00,09-06-2026 10:01,Completed
Xyz7528272,Atlas,DC,09-06-2026 10:01,09-06-2026 10:07,Completed
Xyz7528284,Atlas,DC,09-06-2026 21:01,-NA-,Expired
Xyz7528322,Atlas,DC,09-06-2026 10:00,09-06-2026 10:08,Completed
Xyz7528370,Atlas,DC,09-06-2026 21:04,-NA-,Expired
Xyz7528405,Atlas,DC,09-06-2026 10:00,09-06-2026 10:01,Completed
Xyz7528498,Atlas,DC,09-06-2026 10:02,09-06-2026 10:03,Completed
Xyz7528500,Atlas,DC,09-06-2026 10:02,09-06-2026 10:02,Completed
Xyz7528630,Atlas,DC,09-06-2026 21:01,-NA-,Expired
Xyz7528632,Atlas,DC,09-06-2026 10:02,09-06-2026 10:03,Completed
Xyz7528653,Atlas,DC,09-06-2026 10:01,-NA-,Expired
Xyz7528684,Atlas,DC,09-06-2026 10:02,-NA-,Expired
Xyz7528699,Atlas,DC,09-06-2026 10:02,09-06-2026 10:03,Completed
Xyz7528740,Atlas,DC,09-06-2026 10:01,09-06-2026 10:04,Completed
Xyz7528853,Atlas,DC,09-06-2026 10:00,09-06-2026 10:01,Completed
Xyz7528882,Atlas,DC,09-06-2026 10:00,09-06-2026 10:01,Completed
Xyz7528922,Atlas,DC,09-06-2026 10:00,09-06-2026 10:01,Completed
Xyz7528937,Atlas,DC,09-06-2026 10:03,09-06-2026 10:05,Completed
Xyz7528974,Atlas,DC,09-06-2026 10:02,09-06-2026 10:02,Completed
Xyz7529151,Atlas,DC,09-06-2026 10:01,09-06-2026 10:02,Completed
Xyz7529243,Atlas,DC,09-06-2026 10:03,09-06-2026 10:08,Completed
Xyz7529423,Atlas,DC,09-06-2026 10:04,09-06-2026 10:04,Completed
Xyz7529429,Atlas,DC,09-06-2026 21:01,-NA-,Expired
Xyz7529480,Atlas,DC,09-06-2026 10:02,09-06-2026 10:07,Completed
Xyz7529497,Atlas,DC,09-06-2026 10:01,09-06-2026 10:02,Completed
Xyz7529502,Atlas,DC,09-06-2026 10:00,09-06-2026 10:03,Completed
Xyz7529552,Atlas,DC,09-06-2026 10:02,09-06-2026 13:17,Completed
Xyz7529666,Atlas,DC,09-06-2026 10:02,09-06-2026 10:02,Completed
Xyz7529698,Atlas,DC,09-06-2026 10:02,09-06-2026 10:23,Completed
Xyz7529725,Atlas,DC,09-06-2026 10:01,09-06-2026 10:02,Completed
Xyz7529747,Atlas,DC,09-06-2026 10:03,09-06-2026 10:03,Completed
Xyz7529794,Atlas,DC,09-06-2026 10:02,09-06-2026 10:05,Completed
Xyz7529841,Atlas,DC,09-06-2026 10:02,09-06-2026 10:03,Completed
Xyz7529958,Atlas,DC,09-06-2026 20:59,-NA-,Expired
Xyz7529962,Atlas,DC,09-06-2026 10:01,09-06-2026 10:02,Completed
Xyz7530070,Atlas,DC,09-06-2026 10:03,09-06-2026 10:21,Completed
Xyz7530116,Atlas,DC,09-06-2026 10:03,09-06-2026 10:04,Completed
Xyz7530152,Atlas,DC,09-06-2026 20:59,-NA-,Expired
Xyz7530344,Atlas,DC,09-06-2026 10:03,09-06-2026 10:04,Completed
Xyz7530355,Atlas,DC,09-06-2026 10:02,09-06-2026 10:03,Completed
Xyz7530364,Atlas,DC,09-06-2026 10:03,09-06-2026 10:11,Completed
Xyz7530376,Atlas,DC,09-06-2026 10:01,09-06-2026 10:02,Completed
Xyz7530421,Atlas,DC,09-06-2026 21:03,-NA-,Expired
Xyz7530486,Atlas,DC,09-06-2026 10:01,09-06-2026 10:08,Completed
Xyz7530536,Atlas,DC,09-06-2026 21:01,-NA-,Expired
Xyz7530593,Atlas,DC,09-06-2026 10:00,09-06-2026 10:01,Completed
Xyz7530658,Atlas,DC,09-06-2026 10:04,09-06-2026 10:04,Completed
Xyz7530696,Atlas,DC,09-06-2026 21:01,-NA-,Expired
Xyz7530698,Atlas,DC,09-06-2026 10:02,09-06-2026 10:03,Completed
Xyz7530717,Atlas,DC,09-06-2026 10:04,09-06-2026 10:04,Completed
Xyz7530763,Atlas,DC,09-06-2026 10:02,09-06-2026 10:03,Completed
Xyz7530773,Atlas,DC,09-06-2026 10:02,09-06-2026 10:13,Completed
Xyz7530799,Atlas,DC,09-06-2026 21:01,-NA-,Expired
Xyz7530896,Atlas,DC,09-06-2026 10:03,09-06-2026 10:04,Completed
Xyz7530931,Atlas,DC,09-06-2026 10:02,09-06-2026 10:11,Completed
Xyz7531006,Atlas,DC,09-06-2026 10:02,09-06-2026 10:09,Completed
Xyz7531024,Atlas,DC,09-06-2026 10:02,09-06-2026 10:03,Completed
Xyz7531037,Atlas,DC,09-06-2026 10:03,09-06-2026 11:01,Completed
Xyz7531087,Atlas,DC,09-06-2026 10:00,09-06-2026 11:54,Completed
Xyz7531173,Atlas,DC,09-06-2026 21:01,-NA-,Expired
Xyz7531176,Atlas,DC,09-06-2026 21:04,-NA-,Expired
Xyz7531384,Atlas,DC,09-06-2026 10:03,09-06-2026 10:09,Completed
Xyz7531459,Atlas,DC,09-06-2026 10:03,09-06-2026 10:05,Completed
Xyz7531495,Atlas,DC,09-06-2026 10:04,09-06-2026 11:22,Completed
Xyz7531498,Atlas,DC,09-06-2026 10:04,09-06-2026 10:22,Completed
Xyz7531529,Atlas,DC,09-06-2026 10:01,09-06-2026 10:01,Completed
Xyz7531587,Atlas,DC,09-06-2026 10:03,09-06-2026 10:25,Completed
Xyz7531601,Atlas,DC,09-06-2026 10:02,09-06-2026 10:03,Completed
Xyz7531610,Atlas,DC,09-06-2026 10:03,09-06-2026 10:09,Completed
Xyz7531612,Atlas,DC,09-06-2026 10:01,09-06-2026 10:08,Completed
Xyz7531618,Atlas,DC,09-06-2026 10:03,09-06-2026 10:04,Completed
Xyz7531656,Atlas,DC,09-06-2026 10:01,09-06-2026 10:04,Completed
Xyz7531716,Atlas,DC,09-06-2026 10:03,09-06-2026 10:03,Completed
Xyz7531719,Atlas,DC,09-06-2026 10:03,09-06-2026 10:04,Completed
Xyz7531792,Atlas,DC,09-06-2026 10:03,09-06-2026 10:04,Completed
Xyz7531897,Atlas,DC,09-06-2026 10:00,09-06-2026 10:01,Completed
Xyz7531926,Atlas,DC,09-06-2026 10:00,09-06-2026 10:01,Completed
Xyz7531969,Atlas,DC,09-06-2026 10:01,09-06-2026 10:02,Completed
Xyz7531983,Atlas,DC,09-06-2026 10:01,09-06-2026 10:11,Completed
Xyz7532092,Atlas,DC,09-06-2026 10:04,09-06-2026 10:13,Completed
Xyz7532107,Atlas,DC,09-06-2026 10:03,09-06-2026 10:03,Completed
Xyz7532172,Atlas,DC,09-06-2026 10:03,09-06-2026 10:20,Completed
Xyz7532190,Atlas,DC,09-06-2026 10:02,09-06-2026 10:02,Completed
Xyz7532267,Atlas,DC,09-06-2026 10:02,09-06-2026 10:03,Completed
Xyz7532284,Atlas,DC,09-06-2026 21:01,-NA-,Expired
Xyz7532286,Atlas,DC,09-06-2026 21:01,-NA-,Expired
Xyz7532291,Atlas,DC,09-06-2026 10:03,09-06-2026 10:57,Completed
Xyz7532361,Atlas,DC,09-06-2026 10:02,09-06-2026 10:02,Completed
Xyz7532425,Atlas,DC,09-06-2026 21:04,-NA-,Expired
Xyz7532432,Atlas,DC,09-06-2026 21:03,-NA-,Expired
Xyz7532554,Atlas,DC,09-06-2026 10:01,09-06-2026 10:04,Completed
Xyz7532732,Atlas,DC,09-06-2026 10:02,09-06-2026 10:03,Completed
Xyz7532749,Atlas,DC,09-06-2026 10:03,09-06-2026 12:39,Completed
Xyz7532848,Atlas,DC,09-06-2026 10:03,09-06-2026 10:03,Completed
Xyz7532855,Atlas,DC,09-06-2026 21:01,-NA-,Expired
Xyz7532883,Atlas,DC,09-06-2026 10:03,09-06-2026 10:04,Completed
Xyz7532904,Atlas,DC,09-06-2026 10:01,09-06-2026 10:08,Completed
Xyz7533058,Atlas,DC,09-06-2026 10:01,09-06-2026 10:10,Completed
Xyz7533065,Atlas,DC,09-06-2026 21:03,-NA-,Expired
Xyz7533105,Atlas,DC,09-06-2026 10:03,-NA-,Expired
Xyz7533164,Atlas,DC,09-06-2026 10:03,09-06-2026 11:38,Completed
Xyz7533195,Atlas,DC,09-06-2026 10:02,09-06-2026 10:03,Completed
Xyz7533256,Atlas,DC,09-06-2026 10:01,09-06-2026 10:45,Completed
Xyz7533262,Atlas,DC,09-06-2026 10:00,09-06-2026 10:01,Completed
Xyz7533271,Atlas,DC,09-06-2026 20:59,-NA-,Expired
Xyz7533283,Atlas,DC,09-06-2026 10:02,-NA-,Expired
Xyz7533286,Atlas,DC,09-06-2026 10:02,09-06-2026 10:02,Completed
Xyz7533288,Atlas,DC,09-06-2026 10:03,09-06-2026 10:04,Completed
Xyz7533310,Atlas,DC,09-06-2026 10:03,09-06-2026 10:04,Completed
Xyz7533316,Atlas,DC,09-06-2026 21:01,-NA-,Expired
Xyz7533321,Atlas,DC,09-06-2026 10:00,09-06-2026 10:14,Completed
Xyz7533347,Atlas,DC,09-06-2026 10:00,09-06-2026 10:02,Completed
Xyz7533371,Atlas,DC,09-06-2026 21:02,-NA-,Expired
Xyz7533398,Atlas,DC,09-06-2026 21:02,-NA-,Expired
Xyz7533451,Atlas,DC,09-06-2026 21:02,-NA-,Expired
Xyz7533471,Atlas,DC,09-06-2026 10:02,09-06-2026 10:03,Completed
Xyz7533475,Atlas,DC,09-06-2026 21:00,-NA-,Expired
Xyz7533480,Atlas,DC,09-06-2026 21:01,-NA-,Expired
Xyz7533489,Atlas,DC,09-06-2026 10:01,09-06-2026 10:02,Completed
Xyz7533491,Atlas,DC,09-06-2026 20:59,-NA-,Expired
Xyz7533530,Atlas,DC,09-06-2026 10:03,09-06-2026 10:03,Completed
Xyz7533570,Atlas,DC,09-06-2026 21:02,-NA-,Expired
Xyz7533644,Atlas,DC,09-06-2026 10:01,09-06-2026 16:31,Completed
Xyz7533698,Atlas,DC,09-06-2026 10:01,09-06-2026 10:13,Completed
Xyz7533707,Atlas,DC,09-06-2026 21:00,-NA-,Expired
Xyz7533751,Atlas,DC,09-06-2026 21:00,-NA-,Expired
Xyz7533767,Atlas,DC,09-06-2026 10:02,09-06-2026 10:08,Completed
Xyz7533772,Atlas,DC,09-06-2026 10:00,09-06-2026 10:39,Completed
Xyz7533797,Atlas,DC,09-06-2026 10:03,09-06-2026 10:14,Completed
Xyz7533798,Atlas,DC,09-06-2026 21:02,-NA-,Expired
Xyz7533799,Atlas,DC,09-06-2026 21:02,-NA-,Expired
Xyz7533862,Atlas,DC,09-06-2026 20:59,-NA-,Expired
Xyz7533936,Atlas,DC,09-06-2026 10:02,09-06-2026 10:02,Completed
Xyz7533940,Atlas,DC,09-06-2026 10:02,09-06-2026 10:03,Completed
Xyz7533948,Atlas,DC,09-06-2026 10:03,09-06-2026 10:07,Completed
Xyz7533991,Atlas,DC,09-06-2026 10:01,09-06-2026 10:02,Completed
Xyz7534013,Atlas,DC,09-06-2026 10:03,09-06-2026 10:04,Completed
Xyz7534019,Atlas,DC,09-06-2026 10:00,09-06-2026 10:01,Completed
Xyz7534060,Atlas,DC,09-06-2026 10:02,09-06-2026 10:30,Completed
Xyz7534077,Atlas,DC,09-06-2026 20:59,-NA-,Expired
Xyz7534140,Atlas,DC,09-06-2026 10:01,09-06-2026 10:02,Completed
Xyz7534164,Atlas,DC,09-06-2026 21:00,-NA-,Expired
Xyz7534231,Atlas,DC,09-06-2026 10:03,-NA-,Expired
Xyz7534259,Atlas,DC,09-06-2026 10:03,09-06-2026 10:04,Completed
Xyz7534270,Atlas,DC,09-06-2026 20:59,-NA-,Expired
Xyz7534276,Atlas,DC,09-06-2026 10:03,09-06-2026 12:05,Completed
Xyz7534278,Atlas,DC,09-06-2026 10:01,09-06-2026 12:05,Completed
Xyz7534300,Atlas,DC,09-06-2026 10:04,09-06-2026 10:15,Completed
Xyz7534311,Atlas,DC,09-06-2026 10:01,09-06-2026 10:41,Completed
Xyz7534327,Atlas,DC,09-06-2026 10:00,09-06-2026 10:02,Completed
Xyz7534336,Atlas,DC,09-06-2026 10:03,-NA-,Expired
Xyz7534364,Atlas,DC,09-06-2026 21:00,-NA-,Expired
Xyz7534384,Atlas,DC,09-06-2026 21:01,-NA-,Expired
Xyz7534390,Atlas,DC,09-06-2026 21:01,-NA-,Expired
Xyz7534407,Atlas,DC,09-06-2026 10:04,09-06-2026 10:05,Completed
Xyz7534414,Atlas,DC,09-06-2026 21:01,-NA-,Expired
Xyz7534448,Atlas,DC,09-06-2026 21:00,-NA-,Expired
Xyz7534457,Atlas,DC,09-06-2026 10:00,09-06-2026 10:01,Completed
Xyz7534537,Atlas,DC,09-06-2026 21:03,-NA-,Expired
Xyz7534627,Atlas,DC,09-06-2026 10:03,-NA-,Expired
Xyz7534632,Atlas,DC,09-06-2026 10:03,-NA-,Expired
Xyz7534717,Atlas,DC,09-06-2026 10:03,09-06-2026 10:03,Completed
Xyz7534721,Atlas,DC,09-06-2026 20:59,-NA-,Expired
Xyz7534722,Atlas,DC,09-06-2026 21:00,-NA-,Expired
Xyz7534787,Atlas,DC,09-06-2026 10:01,09-06-2026 10:02,Completed
Xyz7534830,Atlas,DC,09-06-2026 21:01,-NA-,Expired
Xyz7534836,Atlas,DC,09-06-2026 10:03,09-06-2026 10:04,Completed
Xyz7534840,Atlas,DC,09-06-2026 10:01,-NA-,Expired
Xyz7534920,Atlas,DC,09-06-2026 10:02,-NA-,Expired
Xyz7534936,Atlas,DC,09-06-2026 10:03,09-06-2026 11:35,Completed
Xyz7535048,Atlas,DC,09-06-2026 10:03,09-06-2026 10:37,Completed
Xyz7535164,Atlas,DC,09-06-2026 21:01,-NA-,Expired
Xyz7535271,Atlas,DC,09-06-2026 21:04,-NA-,Expired
Xyz7535272,Atlas,DC,09-06-2026 21:03,-NA-,Expired
Xyz7535330,Atlas,DC,09-06-2026 10:01,-NA-,Expired
Xyz7535331,Atlas,DC,09-06-2026 10:03,09-06-2026 11:40,Completed
Xyz7535477,Atlas,DC,09-06-2026 10:03,09-06-2026 11:35,Completed
Xyz7535558,Atlas,DC,09-06-2026 10:03,09-06-2026 10:30,Completed
Xyz7535605,Atlas,DC,09-06-2026 10:03,09-06-2026 10:03,Completed
Xyz7535741,Atlas,DC,09-06-2026 21:01,-NA-,Expired
Xyz7535744,Atlas,DC,09-06-2026 21:02,-NA-,Expired
Xyz7535776,Atlas,DC,09-06-2026 10:01,09-06-2026 11:39,Completed
Xyz7535886,Atlas,DC,09-06-2026 10:03,09-06-2026 10:04,Completed
Xyz7535946,Atlas,DC,09-06-2026 10:01,09-06-2026 10:02,Completed
Xyz7535950,Atlas,DC,09-06-2026 10:03,09-06-2026 10:15,Completed
Xyz7536084,Atlas,DC,09-06-2026 21:01,-NA-,Expired
Xyz7536201,Atlas,DC,09-06-2026 10:02,09-06-2026 10:03,Completed
Xyz7536214,Atlas,DC,09-06-2026 10:02,-NA-,Expired
Xyz7536220,Atlas,DC,09-06-2026 10:01,09-06-2026 10:05,Completed
Xyz7536270,Atlas,DC,09-06-2026 10:02,09-06-2026 10:03,Completed
Xyz7536312,Atlas,DC,09-06-2026 10:04,09-06-2026 10:05,Completed
Xyz7536345,Atlas,DC,09-06-2026 10:00,09-06-2026 10:01,Completed
Xyz7536368,Atlas,DC,09-06-2026 10:01,09-06-2026 10:08,Completed
Xyz7536402,Atlas,DC,09-06-2026 10:00,09-06-2026 10:01,Completed
Xyz7536442,Atlas,DC,09-06-2026 10:02,09-06-2026 10:05,Completed
Xyz7536474,Atlas,DC,09-06-2026 10:01,09-06-2026 10:02,Completed
Xyz7536480,Atlas,DC,09-06-2026 10:01,09-06-2026 10:04,Completed
Xyz7536525,Atlas,DC,09-06-2026 10:03,09-06-2026 10:04,Completed
Xyz7536534,Atlas,DC,09-06-2026 10:01,09-06-2026 10:01,Completed
Xyz7536566,Atlas,DC,09-06-2026 10:01,09-06-2026 10:02,Completed
Xyz7536615,Atlas,DC,09-06-2026 10:03,09-06-2026 10:04,Completed
Xyz7536621,Atlas,DC,09-06-2026 21:00,-NA-,Expired
Xyz7536656,Atlas,DC,09-06-2026 10:02,09-06-2026 10:07,Completed
Xyz7536740,Atlas,DC,09-06-2026 10:00,09-06-2026 10:01,Completed
Xyz7536781,Atlas,DC,09-06-2026 10:01,09-06-2026 10:01,Completed
Xyz7536845,Atlas,DC,09-06-2026 10:02,09-06-2026 10:02,Completed
Xyz7536854,Atlas,DC,09-06-2026 10:04,09-06-2026 10:04,Completed
Xyz7536856,Atlas,DC,09-06-2026 10:03,09-06-2026 10:04,Completed
Xyz7536964,Atlas,DC,09-06-2026 10:02,09-06-2026 10:12,Completed
Xyz7536969,Atlas,DC,09-06-2026 10:02,-NA-,Expired
Xyz7537049,Atlas,DC,09-06-2026 10:02,10-06-2026 09:01,Completed
Xyz7537053,Atlas,DC,09-06-2026 10:01,09-06-2026 10:01,Completed
Xyz7537076,Atlas,DC,09-06-2026 10:03,09-06-2026 10:04,Completed
Xyz7537232,Atlas,DC,09-06-2026 10:03,09-06-2026 10:03,Completed
Xyz7537258,Atlas,DC,09-06-2026 10:03,10-06-2026 09:28,Completed
Xyz7537264,Atlas,DC,09-06-2026 10:02,-NA-,Expired
Xyz7537281,Atlas,DC,09-06-2026 10:01,09-06-2026 10:11,Completed
Xyz7537309,Atlas,DC,09-06-2026 10:02,09-06-2026 10:02,Completed
Xyz7537369,Atlas,DC,09-06-2026 10:03,09-06-2026 10:03,Completed
Xyz7537408,Atlas,DC,09-06-2026 10:02,09-06-2026 12:20,Completed
Xyz7537425,Atlas,DC,09-06-2026 10:02,09-06-2026 10:03,Completed
Xyz7537448,Atlas,DC,09-06-2026 10:02,09-06-2026 10:03,Completed
Xyz7537485,Atlas,DC,09-06-2026 10:03,-NA-,Expired
Xyz7537507,Atlas,DC,09-06-2026 10:00,09-06-2026 10:01,Completed
Xyz7537546,Atlas,DC,09-06-2026 10:01,09-06-2026 10:02,Completed
Xyz7537551,Atlas,DC,09-06-2026 10:02,09-06-2026 10:03,Completed
Xyz7537556,Atlas,DC,09-06-2026 10:02,09-06-2026 10:04,Completed
Xyz7537568,Atlas,DC,09-06-2026 10:03,09-06-2026 10:03,Completed
Xyz7537607,Atlas,DC,09-06-2026 10:03,09-06-2026 10:03,Completed
Xyz7537646,Atlas,DC,09-06-2026 10:03,09-06-2026 10:03,Completed
Xyz7537668,Atlas,DC,09-06-2026 10:03,09-06-2026 10:04,Completed
Xyz7537678,Atlas,DC,09-06-2026 10:00,09-06-2026 10:08,Completed
Xyz7537733,Atlas,DC,09-06-2026 10:02,09-06-2026 10:03,Completed
Xyz7537734,Atlas,DC,09-06-2026 10:02,09-06-2026 10:04,Completed
Xyz7537851,Atlas,DC,09-06-2026 10:03,09-06-2026 10:15,Completed
Xyz7537917,Atlas,DC,09-06-2026 10:02,09-06-2026 10:02,Completed
Xyz7537932,Atlas,DC,09-06-2026 10:02,09-06-2026 10:02,Completed
Xyz7537941,Atlas,DC,09-06-2026 10:01,09-06-2026 10:02,Completed
Xyz7538018,Atlas,DC,09-06-2026 10:01,09-06-2026 10:02,Completed
Xyz7538046,Atlas,DC,09-06-2026 10:01,09-06-2026 10:02,Completed
Xyz7538071,Atlas,DC,09-06-2026 10:01,09-06-2026 10:27,Completed
Xyz7538093,Atlas,DC,09-06-2026 10:03,09-06-2026 10:04,Completed
Xyz7538122,Atlas,DC,09-06-2026 10:03,09-06-2026 10:04,Completed
Xyz7538127,Atlas,DC,09-06-2026 10:00,09-06-2026 10:01,Completed
Xyz7538149,Atlas,DC,09-06-2026 10:01,09-06-2026 10:31,Completed
Xyz7538219,Atlas,DC,09-06-2026 10:03,09-06-2026 10:04,Completed
Xyz7538283,Atlas,DC,09-06-2026 21:02,-NA-,Expired
Xyz7538397,Atlas,DC,09-06-2026 10:02,09-06-2026 10:02,Completed
Xyz7538414,Atlas,DC,09-06-2026 10:01,-NA-,Expired
Xyz7538417,Atlas,DC,09-06-2026 10:01,09-06-2026 10:03,Completed
Xyz7538487,Atlas,DC,09-06-2026 10:03,09-06-2026 10:10,Completed
Xyz7538584,Atlas,DC,09-06-2026 21:02,-NA-,Expired
Xyz7538592,Atlas,DC,09-06-2026 10:01,09-06-2026 10:03,Completed
Xyz7538624,Atlas,DC,09-06-2026 21:02,-NA-,Expired
Xyz7538674,Atlas,DC,09-06-2026 10:04,09-06-2026 10:04,Completed
Xyz7538738,Atlas,DC,09-06-2026 10:02,09-06-2026 10:06,Completed
Xyz7538814,Atlas,DC,09-06-2026 10:01,09-06-2026 10:02,Completed
Xyz7538838,Atlas,DC,09-06-2026 10:00,09-06-2026 10:01,Completed
Xyz7538874,Atlas,DC,09-06-2026 10:00,09-06-2026 10:01,Completed
Xyz7538897,Atlas,DC,09-06-2026 10:03,09-06-2026 10:04,Completed
Xyz7538930,Atlas,DC,09-06-2026 10:01,09-06-2026 10:02,Completed
Xyz7538938,Atlas,DC,09-06-2026 10:02,09-06-2026 10:03,Completed
Xyz7539031,Atlas,DC,09-06-2026 10:01,09-06-2026 10:01,Completed
Xyz7539139,Atlas,DC,09-06-2026 10:01,09-06-2026 10:02,Completed
Xyz7539160,Atlas,DC,09-06-2026 10:01,09-06-2026 10:01,Completed
Xyz7539235,Atlas,DC,09-06-2026 10:03,09-06-2026 10:04,Completed
Xyz7539464,Atlas,DC,09-06-2026 10:01,09-06-2026 10:01,Completed
Xyz7539470,Atlas,DC,09-06-2026 10:03,09-06-2026 10:09,Completed
Xyz7539477,Atlas,DC,09-06-2026 10:02,09-06-2026 10:03,Completed
Xyz7539669,Atlas,DC,09-06-2026 10:02,09-06-2026 10:02,Completed
Xyz7539809,Atlas,DC,09-06-2026 10:03,09-06-2026 10:03,Completed
Xyz7539891,Atlas,DC,09-06-2026 10:03,09-06-2026 10:03,Completed
Xyz7539896,Atlas,DC,09-06-2026 10:00,-NA-,Expired
Xyz7539922,Atlas,DC,09-06-2026 21:03,-NA-,Expired
Xyz7540076,Atlas,DC,09-06-2026 10:03,09-06-2026 10:06,Completed
Xyz7540093,Atlas,DC,09-06-2026 10:01,09-06-2026 10:01,Completed
Xyz7540135,Atlas,DC,09-06-2026 10:04,09-06-2026 10:05,Completed
Xyz7540203,Atlas,DC,09-06-2026 10:01,09-06-2026 10:01,Completed
Xyz7540240,Atlas,DC,09-06-2026 10:04,09-06-2026 10:04,Completed
Xyz7540259,Atlas,DC,09-06-2026 10:01,09-06-2026 10:08,Completed
Xyz7540347,Atlas,DC,09-06-2026 10:03,09-06-2026 11:22,Completed
Xyz7540440,Atlas,DC,09-06-2026 10:02,09-06-2026 10:02,Completed
Xyz7540510,Atlas,DC,09-06-2026 10:01,09-06-2026 10:02,Completed
Xyz7540516,Atlas,DC,09-06-2026 10:03,09-06-2026 10:04,Completed
Xyz7540600,Atlas,DC,09-06-2026 10:03,-NA-,Expired
Xyz7540633,Atlas,DC,09-06-2026 10:00,09-06-2026 10:01,Completed
Xyz7540679,Atlas,DC,09-06-2026 10:03,09-06-2026 10:04,Completed
Xyz7540751,Atlas,DC,09-06-2026 10:01,09-06-2026 11:47,Completed
Xyz7540814,Atlas,DC,09-06-2026 10:01,09-06-2026 10:02,Completed
Xyz7540831,Atlas,DC,09-06-2026 10:01,09-06-2026 10:02,Completed
Xyz7540930,Atlas,DC,09-06-2026 10:03,09-06-2026 10:06,Completed
Xyz7540941,Atlas,DC,09-06-2026 10:02,09-06-2026 10:05,Completed
Xyz7540999,Atlas,DC,09-06-2026 10:03,09-06-2026 10:04,Completed
Xyz7541005,Atlas,DC,09-06-2026 10:03,09-06-2026 10:07,Completed
Xyz7541008,Atlas,DC,09-06-2026 10:02,-NA-,Expired
Xyz7541079,Atlas,DC,09-06-2026 10:01,09-06-2026 10:06,Completed
Xyz7541221,Atlas,DC,09-06-2026 10:01,09-06-2026 10:01,Completed
Xyz7541232,Atlas,DC,09-06-2026 10:03,09-06-2026 10:04,Completed
Xyz7541265,Atlas,DC,09-06-2026 10:01,09-06-2026 10:01,Completed
Xyz7541312,Atlas,DC,09-06-2026 10:03,09-06-2026 10:03,Completed
Xyz7541397,Atlas,DC,09-06-2026 10:03,09-06-2026 10:04,Completed
Xyz7541474,Atlas,DC,09-06-2026 10:02,09-06-2026 10:08,Completed
Xyz7541482,Atlas,DC,09-06-2026 10:02,09-06-2026 10:02,Completed
Xyz7541623,Atlas,DC,09-06-2026 10:02,09-06-2026 10:03,Completed
Xyz7541718,Atlas,DC,09-06-2026 10:04,09-06-2026 10:04,Completed
Xyz7541788,Atlas,DC,09-06-2026 10:01,09-06-2026 13:37,Completed
Xyz7541791,Atlas,DC,09-06-2026 10:03,09-06-2026 13:37,Completed
Xyz7541866,Atlas,DC,09-06-2026 10:03,09-06-2026 10:05,Completed
Xyz7541875,Atlas,DC,09-06-2026 10:01,09-06-2026 10:01,Completed
Xyz7541907,Atlas,DC,09-06-2026 21:03,-NA-,Expired
Xyz7541909,Atlas,DC,09-06-2026 21:04,-NA-,Expired
Xyz7542038,Atlas,DC,09-06-2026 10:03,09-06-2026 10:03,Completed
Xyz7542051,Atlas,DC,09-06-2026 10:03,09-06-2026 10:04,Completed
Xyz7542078,Atlas,DC,09-06-2026 21:01,-NA-,Expired
Xyz7542090,Atlas,DC,09-06-2026 10:02,09-06-2026 10:03,Completed
Xyz7542131,Atlas,DC,09-06-2026 10:02,09-06-2026 10:03,Completed
Xyz7542167,Atlas,DC,09-06-2026 10:02,-NA-,Expired
Xyz7542184,Atlas,DC,09-06-2026 10:03,09-06-2026 10:04,Completed
Xyz7542276,Atlas,DC,09-06-2026 10:01,09-06-2026 10:02,Completed
Xyz7542350,Atlas,DC,09-06-2026 10:00,09-06-2026 10:01,Completed
Xyz7542389,Atlas,DC,09-06-2026 10:02,09-06-2026 10:03,Completed
Xyz7542477,Atlas,DC,09-06-2026 10:02,09-06-2026 10:03,Completed
Xyz7542480,Atlas,DC,09-06-2026 10:01,-NA-,Expired
Xyz7542549,Atlas,DC,09-06-2026 10:03,09-06-2026 10:03,Completed
Xyz7542604,Atlas,DC,09-06-2026 10:03,09-06-2026 10:04,Completed
Xyz7542711,Atlas,DC,09-06-2026 10:03,09-06-2026 10:04,Completed
Xyz7542716,Atlas,DC,09-06-2026 10:01,09-06-2026 10:59,Completed
Xyz7542735,Atlas,DC,09-06-2026 10:01,09-06-2026 11:01,Completed
Xyz7542761,Atlas,DC,09-06-2026 10:01,09-06-2026 10:01,Completed
Xyz7542773,Atlas,DC,09-06-2026 10:02,09-06-2026 10:02,Completed
Xyz7542810,Atlas,DC,09-06-2026 21:01,-NA-,Expired
Xyz7542819,Atlas,DC,09-06-2026 10:03,09-06-2026 10:03,Completed
Xyz7542835,Atlas,DC,09-06-2026 10:03,09-06-2026 10:59,Completed
Xyz7542904,Atlas,DC,09-06-2026 10:03,09-06-2026 10:04,Completed
Xyz7542961,Atlas,DC,09-06-2026 10:03,09-06-2026 10:15,Completed
Xyz7542990,Atlas,DC,09-06-2026 10:01,09-06-2026 10:10,Completed
Xyz7542995,Atlas,DC,09-06-2026 10:02,09-06-2026 10:02,Completed
Xyz7543047,Atlas,DC,09-06-2026 10:02,09-06-2026 11:01,Completed
Xyz7543127,Atlas,DC,09-06-2026 10:02,09-06-2026 12:21,Completed
Xyz7543144,Atlas,DC,09-06-2026 10:00,09-06-2026 10:02,Completed
Xyz7543159,Atlas,DC,09-06-2026 10:01,09-06-2026 10:01,Completed
Xyz7543316,Atlas,DC,09-06-2026 10:03,09-06-2026 16:25,Completed
Xyz7543561,Atlas,DC,09-06-2026 10:01,09-06-2026 10:02,Completed
Xyz7543562,Atlas,DC,09-06-2026 21:02,-NA-,Expired
Xyz7543564,Atlas,DC,09-06-2026 21:02,-NA-,Expired
Xyz7543568,Atlas,DC,09-06-2026 21:02,-NA-,Expired
Xyz7543599,Atlas,DC,09-06-2026 10:02,09-06-2026 10:04,Completed
Xyz7543721,Atlas,DC,09-06-2026 10:00,09-06-2026 10:01,Completed
Xyz7543780,Atlas,DC,09-06-2026 10:03,09-06-2026 10:32,Completed
Xyz7543878,Atlas,DC,09-06-2026 21:05,-NA-,Expired
Xyz7543881,Atlas,DC,09-06-2026 10:02,-NA-,Expired
Xyz7543912,Atlas,DC,09-06-2026 10:03,09-06-2026 10:03,Completed
Xyz7543939,Atlas,DC,09-06-2026 10:02,09-06-2026 10:03,Completed
Xyz7543947,Atlas,DC,09-06-2026 10:02,09-06-2026 10:44,Completed
Xyz7543951,Atlas,DC,09-06-2026 10:04,09-06-2026 10:04,Completed
Xyz7544018,Atlas,DC,09-06-2026 10:03,09-06-2026 10:04,Completed
Xyz7544086,Atlas,DC,09-06-2026 10:03,09-06-2026 10:15,Completed
Xyz7544102,Atlas,DC,09-06-2026 10:03,09-06-2026 10:04,Completed
Xyz7544104,Atlas,DC,09-06-2026 10:03,09-06-2026 10:03,Completed
Xyz7544208,Atlas,DC,09-06-2026 10:01,09-06-2026 10:02,Completed
Xyz7544244,Atlas,DC,09-06-2026 10:03,09-06-2026 10:03,Completed
Xyz7544793,Atlas,DC,09-06-2026 10:01,09-06-2026 10:01,Completed
Xyz7544885,Atlas,DC,09-06-2026 10:02,09-06-2026 10:04,Completed
Xyz7544950,Atlas,DC,09-06-2026 21:00,-NA-,Expired
Xyz7544959,Atlas,DC,09-06-2026 10:03,09-06-2026 10:04,Completed
Xyz7545041,Atlas,DC,09-06-2026 10:03,-NA-,Expired
Xyz7545103,Atlas,DC,09-06-2026 10:01,09-06-2026 10:06,Completed
Xyz7545130,Atlas,DC,09-06-2026 10:01,09-06-2026 10:02,Completed
Xyz7545186,Atlas,DC,09-06-2026 10:03,09-06-2026 10:05,Completed
Xyz7545187,Atlas,DC,09-06-2026 10:02,09-06-2026 10:06,Completed
Xyz7545218,Atlas,DC,09-06-2026 10:02,09-06-2026 10:03,Completed
Xyz7545277,Atlas,DC,09-06-2026 10:02,09-06-2026 10:03,Completed
Xyz7545279,Atlas,DC,09-06-2026 21:00,-NA-,Expired
Xyz7545358,Atlas,DC,09-06-2026 10:01,09-06-2026 10:01,Completed
Xyz7545519,Atlas,DC,09-06-2026 10:03,09-06-2026 10:03,Completed
Xyz7545585,Atlas,DC,09-06-2026 21:02,-NA-,Expired
Xyz7545679,Atlas,DC,09-06-2026 10:04,09-06-2026 10:04,Completed
Xyz7545758,Atlas,DC,09-06-2026 10:03,09-06-2026 10:39,Completed
Xyz7545912,Atlas,DC,09-06-2026 10:02,09-06-2026 10:03,Completed
Xyz7545934,Atlas,DC,09-06-2026 10:02,09-06-2026 10:03,Completed
Xyz7545970,Atlas,DC,09-06-2026 10:02,09-06-2026 14:35,Completed
Xyz7545972,Atlas,DC,09-06-2026 10:03,09-06-2026 10:03,Completed
Xyz7545990,Atlas,DC,09-06-2026 10:01,09-06-2026 10:08,Completed
Xyz7546042,Atlas,DC,09-06-2026 10:03,09-06-2026 10:04,Completed
Xyz7546050,Atlas,DC,09-06-2026 10:01,09-06-2026 10:02,Completed
Xyz7546149,Atlas,DC,09-06-2026 10:01,09-06-2026 10:02,Completed
Xyz7546213,Atlas,DC,09-06-2026 10:04,09-06-2026 10:41,Completed
Xyz7546374,Atlas,DC,09-06-2026 10:01,09-06-2026 10:02,Completed
Xyz7546381,Atlas,DC,09-06-2026 10:02,09-06-2026 10:03,Completed
Xyz7546436,Atlas,DC,09-06-2026 10:01,09-06-2026 10:01,Completed
Xyz7546440,Atlas,DC,09-06-2026 10:03,09-06-2026 10:03,Completed
Xyz7546455,Atlas,DC,09-06-2026 10:02,09-06-2026 10:03,Completed
Xyz7546520,Atlas,DC,09-06-2026 21:02,-NA-,Expired
Xyz7546529,Atlas,DC,09-06-2026 21:04,-NA-,Expired
Xyz7546536,Atlas,DC,09-06-2026 21:01,-NA-,Expired
Xyz7546549,Atlas,DC,09-06-2026 21:00,-NA-,Expired
Xyz7546556,Atlas,DC,09-06-2026 21:01,-NA-,Expired
Xyz7546584,Atlas,DC,09-06-2026 10:01,09-06-2026 10:02,Completed
Xyz7546687,Atlas,DC,09-06-2026 21:03,-NA-,Expired
Xyz7546731,Atlas,DC,09-06-2026 10:04,09-06-2026 10:14,Completed
Xyz7546806,Atlas,DC,09-06-2026 21:03,-NA-,Expired
Xyz7546810,Atlas,DC,09-06-2026 10:03,09-06-2026 10:32,Completed
Xyz7546861,Atlas,DC,09-06-2026 20:59,-NA-,Expired
Xyz7546869,Atlas,DC,09-06-2026 21:02,-NA-,Expired
Xyz7546876,Atlas,DC,09-06-2026 21:04,-NA-,Expired
Xyz7546878,Atlas,DC,09-06-2026 21:02,-NA-,Expired
Xyz7546893,Atlas,DC,09-06-2026 21:02,-NA-,Expired
Xyz7546894,Atlas,DC,09-06-2026 10:04,09-06-2026 12:39,Completed
Xyz7546913,Atlas,DC,09-06-2026 10:02,09-06-2026 10:02,Completed
Xyz7546953,Atlas,DC,09-06-2026 10:03,09-06-2026 11:40,Completed
Xyz7546970,Atlas,DC,09-06-2026 10:01,09-06-2026 11:37,Completed
Xyz7546982,Atlas,DC,09-06-2026 10:03,09-06-2026 10:03,Completed
Xyz7546990,Atlas,DC,09-06-2026 10:03,09-06-2026 10:13,Completed
Xyz7546995,Atlas,DC,09-06-2026 10:03,09-06-2026 10:12,Completed
Xyz7547000,Atlas,DC,09-06-2026 21:02,-NA-,Expired
Xyz7547024,Atlas,DC,09-06-2026 10:03,09-06-2026 10:21,Completed
Xyz7547060,Atlas,DC,09-06-2026 21:03,-NA-,Expired
Xyz7547071,Atlas,DC,09-06-2026 21:04,-NA-,Expired
Xyz7547125,Atlas,DC,09-06-2026 10:03,-NA-,Expired
Xyz7547134,Atlas,DC,09-06-2026 10:01,09-06-2026 10:01,Completed
Xyz7547240,Atlas,DC,09-06-2026 10:03,-NA-,Expired
Xyz7547254,Atlas,DC,09-06-2026 10:02,09-06-2026 10:03,Completed
Xyz7547329,Atlas,DC,09-06-2026 10:02,09-06-2026 10:25,Completed
Xyz7547359,Atlas,DC,09-06-2026 10:02,09-06-2026 10:02,Completed
Xyz7547360,Atlas,DC,09-06-2026 10:03,09-06-2026 10:04,Completed
Xyz7547392,Atlas,DC,09-06-2026 20:59,-NA-,Expired
Xyz7547420,Atlas,DC,09-06-2026 20:59,-NA-,Expired
Xyz7547423,Atlas,DC,09-06-2026 21:01,-NA-,Expired
Xyz7547470,Atlas,DC,09-06-2026 20:59,-NA-,Expired
Xyz7547490,Atlas,DC,09-06-2026 10:03,09-06-2026 10:04,Completed
Xyz7547558,Atlas,DC,09-06-2026 10:03,09-06-2026 10:08,Completed
Xyz7547581,Atlas,DC,09-06-2026 10:03,09-06-2026 10:04,Completed
Xyz7547612,Atlas,DC,09-06-2026 21:02,-NA-,Expired
Xyz7547667,Atlas,DC,09-06-2026 21:02,-NA-,Expired
Xyz7547669,Atlas,DC,09-06-2026 21:02,-NA-,Expired
Xyz7547689,Atlas,DC,09-06-2026 10:00,09-06-2026 10:01,Completed
Xyz7547728,Atlas,DC,09-06-2026 21:00,-NA-,Expired
Xyz7547818,Atlas,DC,09-06-2026 10:03,09-06-2026 10:04,Completed
Xyz7547823,Atlas,DC,09-06-2026 10:02,09-06-2026 10:02,Completed
Xyz7547892,Atlas,DC,09-06-2026 21:00,-NA-,Expired
Xyz7547908,Atlas,DC,09-06-2026 10:03,09-06-2026 10:05,Completed
Xyz7547943,Atlas,DC,09-06-2026 10:00,09-06-2026 10:01,Completed
Xyz7547981,Atlas,DC,09-06-2026 10:03,09-06-2026 10:06,Completed
Xyz7547982,Atlas,DC,09-06-2026 21:07,-NA-,Expired
Xyz7548011,Atlas,DC,09-06-2026 10:03,09-06-2026 11:35,Completed
Xyz7548056,Atlas,DC,09-06-2026 10:03,-NA-,Expired
Xyz7548064,Atlas,DC,09-06-2026 21:01,-NA-,Expired
Xyz7548116,Atlas,DC,09-06-2026 10:02,09-06-2026 10:03,Completed
Xyz7548126,Atlas,DC,09-06-2026 20:59,-NA-,Expired
Xyz7548140,Atlas,DC,09-06-2026 10:01,09-06-2026 10:14,Completed
Xyz7548162,Atlas,DC,09-06-2026 21:02,-NA-,Expired
Xyz7548178,Atlas,DC,09-06-2026 10:02,09-06-2026 10:03,Completed
Xyz7548191,Atlas,DC,09-06-2026 10:00,09-06-2026 10:01,Completed
Xyz7548202,Atlas,DC,09-06-2026 21:04,-NA-,Expired
Xyz7548206,Atlas,DC,09-06-2026 21:02,-NA-,Expired
Xyz7548237,Atlas,DC,09-06-2026 21:04,-NA-,Expired
Xyz7548287,Atlas,DC,09-06-2026 10:01,09-06-2026 10:01,Completed
Xyz7548315,Atlas,DC,09-06-2026 10:03,09-06-2026 11:37,Completed
Xyz7548355,Atlas,DC,09-06-2026 10:02,09-06-2026 10:03,Completed
Xyz7548369,Atlas,DC,09-06-2026 10:03,09-06-2026 10:12,Completed
Xyz7548422,Atlas,DC,09-06-2026 10:03,09-06-2026 10:04,Completed
Xyz7548513,Atlas,DC,09-06-2026 10:02,09-06-2026 10:03,Completed
Xyz7548526,Atlas,DC,09-06-2026 10:01,09-06-2026 10:01,Completed
Xyz7548575,Atlas,DC,09-06-2026 10:02,09-06-2026 10:03,Completed
Xyz7548670,Atlas,DC,09-06-2026 10:01,09-06-2026 11:43,Completed
Xyz7548882,Atlas,DC,09-06-2026 21:04,-NA-,Expired
Xyz7548901,Atlas,DC,09-06-2026 21:05,-NA-,Expired
Xyz7549030,Atlas,DC,09-06-2026 10:01,09-06-2026 11:08,Completed
Xyz7549071,Atlas,DC,09-06-2026 10:01,-NA-,Pending
Xyz7549165,Atlas,DC,09-06-2026 10:00,09-06-2026 10:30,Completed
Xyz7549255,Atlas,DC,09-06-2026 10:04,09-06-2026 10:05,Completed
Xyz7549586,Atlas,DC,09-06-2026 10:01,09-06-2026 10:02,Completed
Xyz7549644,Atlas,DC,09-06-2026 10:00,-NA-,Expired
Xyz7549679,Atlas,DC,09-06-2026 10:00,09-06-2026 11:06,Completed
Xyz7549774,Atlas,DC,09-06-2026 21:02,-NA-,Expired
Xyz7549845,Atlas,DC,09-06-2026 10:01,-NA-,Expired
Xyz7549856,Atlas,DC,09-06-2026 10:02,09-06-2026 12:25,Completed
Xyz7549857,Atlas,DC,09-06-2026 10:02,09-06-2026 10:03,Completed
Xyz7549903,Atlas,DC,09-06-2026 10:04,09-06-2026 13:03,Completed
Xyz7549942,Atlas,DC,09-06-2026 10:01,09-06-2026 10:02,Completed
Xyz7550050,Atlas,DC,09-06-2026 10:00,09-06-2026 10:07,Completed
Xyz7550052,Atlas,DC,09-06-2026 10:00,09-06-2026 10:07,Completed
Xyz7550095,Atlas,DC,09-06-2026 10:02,09-06-2026 10:04,Completed
Xyz7550165,Atlas,DC,09-06-2026 10:03,09-06-2026 10:04,Completed
Xyz7550177,Atlas,DC,09-06-2026 21:00,-NA-,Expired
Xyz7550241,Atlas,DC,09-06-2026 10:01,09-06-2026 10:04,Completed
Xyz7550386,Atlas,DC,09-06-2026 10:03,09-06-2026 10:04,Completed
Xyz7550408,Atlas,DC,09-06-2026 10:03,09-06-2026 13:00,Completed
Xyz7550420,Atlas,DC,09-06-2026 10:01,09-06-2026 10:02,Completed
Xyz7550437,Atlas,DC,09-06-2026 10:01,09-06-2026 11:07,Completed
Xyz7550530,Atlas,DC,09-06-2026 10:01,09-06-2026 10:02,Completed
Xyz7550536,Atlas,DC,09-06-2026 10:03,-NA-,Expired
Xyz7550560,Atlas,DC,09-06-2026 10:01,09-06-2026 10:01,Completed
Xyz7550600,Atlas,DC,09-06-2026 10:01,09-06-2026 10:02,Completed
Xyz7550610,Atlas,DC,09-06-2026 21:05,-NA-,Expired
Xyz7550677,Atlas,DC,09-06-2026 10:03,09-06-2026 10:03,Completed
Xyz7550729,Atlas,DC,09-06-2026 10:00,09-06-2026 10:02,Completed
Xyz7550766,Atlas,DC,09-06-2026 10:03,09-06-2026 10:03,Completed
Xyz7550773,Atlas,DC,09-06-2026 10:01,09-06-2026 10:01,Completed
Xyz7550799,Atlas,DC,09-06-2026 10:01,09-06-2026 10:01,Completed
Xyz7550810,Atlas,DC,09-06-2026 10:01,09-06-2026 10:02,Completed
Xyz7550813,Atlas,DC,09-06-2026 10:00,09-06-2026 12:06,Completed
Xyz7550830,Atlas,DC,09-06-2026 10:03,09-06-2026 10:03,Completed
Xyz7550836,Atlas,DC,09-06-2026 10:01,09-06-2026 10:02,Completed
Xyz7550990,Atlas,DC,09-06-2026 10:03,09-06-2026 10:05,Completed
Xyz7551083,Atlas,DC,09-06-2026 21:02,-NA-,Expired
Xyz7551088,Atlas,DC,09-06-2026 10:00,09-06-2026 10:01,Completed
Xyz7551097,Atlas,DC,09-06-2026 10:02,09-06-2026 10:40,Completed
Xyz7551185,Atlas,DC,09-06-2026 10:03,09-06-2026 10:03,Completed
Xyz7551211,Atlas,DC,09-06-2026 10:01,09-06-2026 10:02,Completed
Xyz7551231,Atlas,DC,09-06-2026 10:01,09-06-2026 13:03,Completed
Xyz7551238,Atlas,DC,09-06-2026 10:03,09-06-2026 10:04,Completed
Xyz7551245,Atlas,DC,09-06-2026 10:02,09-06-2026 10:02,Completed
Xyz7551304,Atlas,DC,09-06-2026 10:03,09-06-2026 10:07,Completed
Xyz7551317,Atlas,DC,09-06-2026 10:01,09-06-2026 10:04,Completed
Xyz7551347,Atlas,DC,09-06-2026 10:02,09-06-2026 10:07,Completed
Xyz7551403,Atlas,DC,09-06-2026 10:01,09-06-2026 10:02,Completed
Xyz7551408,Atlas,DC,09-06-2026 10:02,09-06-2026 10:03,Completed
Xyz7551423,Atlas,DC,09-06-2026 10:04,09-06-2026 10:04,Completed
Xyz7551480,Atlas,DC,09-06-2026 10:02,09-06-2026 10:04,Completed
Xyz7551482,Atlas,DC,09-06-2026 10:02,09-06-2026 10:03,Completed
Xyz7551516,Atlas,DC,09-06-2026 10:03,09-06-2026 10:03,Completed
Xyz7551581,Atlas,DC,09-06-2026 21:00,-NA-,Expired
Xyz7551610,Atlas,DC,09-06-2026 10:02,09-06-2026 10:03,Completed
Xyz7551662,Atlas,DC,09-06-2026 10:00,09-06-2026 10:08,Completed
Xyz7551720,Atlas,DC,09-06-2026 10:02,09-06-2026 10:02,Completed
Xyz7551780,Atlas,DC,09-06-2026 21:01,-NA-,Expired
Xyz7551922,Atlas,DC,09-06-2026 10:03,09-06-2026 10:13,Completed
Xyz7551969,Atlas,DC,09-06-2026 10:01,09-06-2026 10:08,Completed
Xyz7552001,Atlas,DC,09-06-2026 10:03,09-06-2026 10:04,Completed
Xyz7552004,Atlas,DC,09-06-2026 10:01,09-06-2026 10:01,Completed
Xyz7552058,Atlas,DC,09-06-2026 10:01,09-06-2026 10:01,Completed
Xyz7552064,Atlas,DC,09-06-2026 10:01,09-06-2026 10:02,Completed
Xyz7552076,Atlas,DC,09-06-2026 10:00,09-06-2026 10:01,Completed
Xyz7552181,Atlas,DC,09-06-2026 10:03,-NA-,Expired
Xyz7552185,Atlas,DC,09-06-2026 10:01,09-06-2026 10:02,Completed
Xyz7552188,Atlas,DC,09-06-2026 10:01,09-06-2026 10:01,Completed
Xyz7552297,Atlas,DC,09-06-2026 10:03,09-06-2026 10:04,Completed
Xyz7552482,Atlas,DC,09-06-2026 10:00,09-06-2026 10:01,Completed
Xyz7552541,Atlas,DC,09-06-2026 10:02,09-06-2026 10:02,Completed
Xyz7552551,Atlas,DC,09-06-2026 10:01,09-06-2026 10:01,Completed
Xyz7552565,Atlas,DC,09-06-2026 21:02,-NA-,Expired
Xyz7552593,Atlas,DC,09-06-2026 21:00,-NA-,Expired
Xyz7552596,Atlas,DC,09-06-2026 20:59,-NA-,Expired
Xyz7552649,Atlas,DC,09-06-2026 10:00,09-06-2026 10:56,Completed
Xyz7552703,Atlas,DC,09-06-2026 21:02,-NA-,Expired
Xyz7552792,Atlas,DC,09-06-2026 10:03,09-06-2026 10:04,Completed
Xyz7552836,Atlas,DC,09-06-2026 21:01,-NA-,Expired
Xyz7552838,Atlas,DC,09-06-2026 21:01,-NA-,Expired
Xyz7552851,Atlas,DC,09-06-2026 10:01,09-06-2026 10:02,Completed
Xyz7552857,Atlas,DC,09-06-2026 21:01,-NA-,Expired
Xyz7552899,Atlas,DC,09-06-2026 10:03,09-06-2026 10:11,Completed
Xyz7552931,Atlas,DC,09-06-2026 10:03,09-06-2026 10:17,Completed
Xyz7552963,Atlas,DC,09-06-2026 10:02,09-06-2026 10:03,Completed
Xyz7553086,Atlas,DC,09-06-2026 10:03,09-06-2026 10:09,Completed
Xyz7553111,Atlas,DC,09-06-2026 10:03,09-06-2026 10:04,Completed
Xyz7553124,Atlas,DC,09-06-2026 10:04,09-06-2026 10:14,Completed
Xyz7553138,Atlas,DC,09-06-2026 10:00,09-06-2026 10:11,Completed
Xyz7553186,Atlas,DC,09-06-2026 10:03,09-06-2026 10:12,Completed
Xyz7553188,Atlas,DC,09-06-2026 10:03,-NA-,Expired
Xyz7553189,Atlas,DC,09-06-2026 10:03,09-06-2026 10:27,Completed
Xyz7553196,Atlas,DC,09-06-2026 10:02,09-06-2026 10:03,Completed
Xyz7553197,Atlas,DC,09-06-2026 10:03,09-06-2026 10:06,Completed
Xyz7553225,Atlas,DC,09-06-2026 10:03,-NA-,Expired
Xyz7553230,Atlas,DC,09-06-2026 10:01,-NA-,Expired
Xyz7553238,Atlas,DC,09-06-2026 10:00,-NA-,Expired
Xyz7553244,Atlas,DC,09-06-2026 10:03,09-06-2026 10:14,Completed
Xyz7553274,Atlas,DC,09-06-2026 10:03,09-06-2026 11:36,Completed
Xyz7553300,Atlas,DC,09-06-2026 21:01,-NA-,Expired
Xyz7553442,Atlas,DC,09-06-2026 21:02,-NA-,Expired
Xyz7553444,Atlas,DC,09-06-2026 21:01,-NA-,Expired
Xyz7553472,Atlas,DC,09-06-2026 10:01,09-06-2026 10:04,Completed
Xyz7553478,Atlas,DC,09-06-2026 21:04,-NA-,Expired
Xyz7553517,Atlas,DC,09-06-2026 10:03,09-06-2026 10:04,Completed
Xyz7553524,Atlas,DC,09-06-2026 10:01,09-06-2026 10:01,Completed
Xyz7553752,Atlas,DC,09-06-2026 10:03,09-06-2026 10:19,Completed
Xyz7553769,Atlas,DC,09-06-2026 21:02,-NA-,Expired
Xyz7553774,Atlas,DC,09-06-2026 21:02,-NA-,Expired
Xyz7553808,Atlas,DC,09-06-2026 21:02,-NA-,Expired
Xyz7553816,Atlas,DC,09-06-2026 10:03,09-06-2026 10:04,Completed
Xyz7553895,Atlas,DC,09-06-2026 21:04,-NA-,Expired
Xyz7553939,Atlas,DC,09-06-2026 21:02,-NA-,Expired
Xyz7553941,Atlas,DC,09-06-2026 10:00,09-06-2026 11:53,Completed
Xyz7554018,Atlas,DC,09-06-2026 10:03,09-06-2026 10:38,Completed
Xyz7554026,Atlas,DC,09-06-2026 10:03,09-06-2026 10:04,Completed
Xyz7554035,Atlas,DC,09-06-2026 10:03,09-06-2026 10:04,Completed
Xyz7554054,Atlas,DC,09-06-2026 21:01,-NA-,Expired
Xyz7554077,Atlas,DC,09-06-2026 21:01,-NA-,Expired
Xyz7554218,Atlas,DC,09-06-2026 21:02,-NA-,Expired
Xyz7554253,Atlas,DC,09-06-2026 10:03,09-06-2026 10:13,Completed
Xyz7554265,Atlas,DC,09-06-2026 10:03,-NA-,Expired
Xyz7554273,Atlas,DC,09-06-2026 21:01,-NA-,Expired
Xyz7554276,Atlas,DC,09-06-2026 21:01,-NA-,Expired
Xyz7554318,Atlas,DC,09-06-2026 10:01,09-06-2026 10:01,Completed
Xyz7554465,Atlas,DC,09-06-2026 10:01,09-06-2026 10:06,Completed
Xyz7554518,Atlas,DC,09-06-2026 10:00,-NA-,Expired
Xyz7554544,Atlas,DC,09-06-2026 10:03,09-06-2026 10:04,Completed
Xyz7554592,Atlas,DC,09-06-2026 10:03,09-06-2026 10:03,Completed
Xyz7554605,Atlas,DC,09-06-2026 10:03,09-06-2026 10:04,Completed
Xyz7554618,Atlas,DC,09-06-2026 10:01,09-06-2026 10:04,Completed
Xyz7554647,Atlas,DC,09-06-2026 10:02,09-06-2026 10:02,Completed
Xyz7554705,Atlas,DC,09-06-2026 10:03,09-06-2026 10:04,Completed
Xyz7554749,Atlas,DC,09-06-2026 21:02,-NA-,Expired
Xyz7554800,Atlas,DC,09-06-2026 10:01,09-06-2026 10:02,Completed
Xyz7554836,Atlas,DC,09-06-2026 10:01,09-06-2026 10:02,Completed
Xyz7554856,Atlas,DC,09-06-2026 10:04,09-06-2026 10:04,Completed
Xyz7554863,Atlas,DC,09-06-2026 10:03,09-06-2026 10:03,Completed
Xyz7554865,Atlas,DC,09-06-2026 10:02,09-06-2026 10:02,Completed
Xyz7554889,Atlas,DC,09-06-2026 10:01,09-06-2026 10:14,Completed
Xyz7554902,Atlas,DC,09-06-2026 21:02,-NA-,Expired
Xyz7554912,Atlas,DC,09-06-2026 10:02,-NA-,Expired
Xyz7554936,Atlas,DC,09-06-2026 10:03,09-06-2026 10:03,Completed
Xyz7554958,Atlas,DC,09-06-2026 10:01,09-06-2026 10:01,Completed
Xyz7554970,Atlas,DC,09-06-2026 21:02,-NA-,Expired
Xyz7555050,Atlas,DC,09-06-2026 10:04,09-06-2026 10:04,Completed
Xyz7555067,Atlas,DC,09-06-2026 10:03,09-06-2026 10:03,Completed
Xyz7555091,Atlas,DC,09-06-2026 10:01,09-06-2026 10:02,Completed
Xyz7555208,Atlas,DC,09-06-2026 10:03,09-06-2026 12:38,Completed
Xyz7555232,Atlas,DC,09-06-2026 10:02,09-06-2026 10:03,Completed
Xyz7555241,Atlas,DC,09-06-2026 10:01,09-06-2026 10:03,Completed
Xyz7555264,Atlas,DC,09-06-2026 10:01,09-06-2026 10:02,Completed
Xyz7555302,Atlas,DC,09-06-2026 10:00,09-06-2026 10:02,Completed
Xyz7555332,Atlas,DC,09-06-2026 10:03,09-06-2026 10:14,Completed
Xyz7555343,Atlas,DC,09-06-2026 10:01,09-06-2026 10:09,Completed
Xyz7555378,Atlas,DC,09-06-2026 10:02,09-06-2026 10:02,Completed
Xyz7555387,Atlas,DC,09-06-2026 10:02,09-06-2026 10:03,Completed
Xyz7555404,Atlas,DC,09-06-2026 10:02,09-06-2026 10:02,Completed
Xyz7555412,Atlas,DC,09-06-2026 10:01,09-06-2026 10:01,Completed
Xyz7555429,Atlas,DC,09-06-2026 10:03,09-06-2026 10:06,Completed
Xyz7555445,Atlas,DC,09-06-2026 10:02,09-06-2026 10:03,Completed
Xyz7555458,Atlas,DC,09-06-2026 10:03,09-06-2026 10:04,Completed
Xyz7555509,Atlas,DC,09-06-2026 10:01,09-06-2026 10:02,Completed
Xyz7555528,Atlas,DC,09-06-2026 10:03,-NA-,Expired
Xyz7555612,Atlas,DC,09-06-2026 10:03,09-06-2026 10:04,Completed
Xyz7555765,Atlas,DC,09-06-2026 21:02,-NA-,Expired
Xyz7555788,Atlas,DC,09-06-2026 10:03,09-06-2026 10:03,Completed
Xyz7555908,Atlas,DC,09-06-2026 10:04,09-06-2026 10:04,Completed
Xyz7555949,Atlas,DC,09-06-2026 21:04,-NA-,Expired
Xyz7555992,Atlas,DC,09-06-2026 10:01,09-06-2026 10:02,Completed
Xyz7556038,Atlas,DC,09-06-2026 10:01,09-06-2026 10:05,Completed
Xyz7556069,Atlas,DC,09-06-2026 10:02,09-06-2026 10:03,Completed
Xyz7556121,Atlas,DC,09-06-2026 10:01,-NA-,Expired
Xyz7556149,Atlas,DC,09-06-2026 10:03,09-06-2026 10:03,Completed
Xyz7556165,Atlas,DC,09-06-2026 10:02,09-06-2026 10:07,Completed
Xyz7556179,Atlas,DC,09-06-2026 21:01,-NA-,Expired
Xyz7556201,Atlas,DC,09-06-2026 10:03,09-06-2026 10:34,Completed
Xyz7556243,Atlas,DC,09-06-2026 10:02,09-06-2026 10:02,Completed
Xyz7556260,Atlas,DC,09-06-2026 10:03,09-06-2026 10:04,Completed
Xyz7556275,Atlas,DC,09-06-2026 10:02,-NA-,Expired
Xyz7556284,Atlas,DC,09-06-2026 10:03,09-06-2026 11:00,Completed
Xyz7556290,Atlas,DC,09-06-2026 10:02,09-06-2026 10:03,Completed
Xyz7556311,Atlas,DC,09-06-2026 10:03,09-06-2026 10:03,Completed
Xyz7556321,Atlas,DC,09-06-2026 21:03,-NA-,Expired
Xyz7556333,Atlas,DC,09-06-2026 21:00,-NA-,Expired
Xyz7556334,Atlas,DC,09-06-2026 21:02,-NA-,Expired
Xyz7556383,Atlas,DC,09-06-2026 10:02,09-06-2026 10:02,Completed
Xyz7556386,Atlas,DC,09-06-2026 10:01,09-06-2026 10:01,Completed
Xyz7556417,Atlas,DC,09-06-2026 10:02,09-06-2026 10:03,Completed
Xyz7556443,Atlas,DC,09-06-2026 10:01,09-06-2026 10:02,Completed
Xyz7556451,Atlas,DC,09-06-2026 10:03,09-06-2026 10:04,Completed
Xyz7556697,Atlas,DC,09-06-2026 21:01,-NA-,Expired
Xyz7556759,Atlas,DC,09-06-2026 10:02,09-06-2026 10:02,Completed
Xyz7556842,Atlas,DC,09-06-2026 10:00,09-06-2026 10:01,Completed
Xyz7556865,Atlas,DC,09-06-2026 10:02,09-06-2026 10:03,Completed
Xyz7556867,Atlas,DC,09-06-2026 10:02,09-06-2026 10:03,Completed
Xyz7556891,Atlas,DC,09-06-2026 10:01,09-06-2026 10:02,Completed
Xyz7556897,Atlas,DC,09-06-2026 21:00,-NA-,Expired
Xyz7556994,Atlas,DC,09-06-2026 10:03,09-06-2026 10:03,Completed
Xyz7557066,Atlas,DC,09-06-2026 10:01,09-06-2026 10:10,Completed
Xyz7557108,Atlas,DC,09-06-2026 10:02,09-06-2026 10:08,Completed
Xyz7557151,Atlas,DC,09-06-2026 10:02,09-06-2026 10:02,Completed
Xyz7557160,Atlas,DC,09-06-2026 10:03,09-06-2026 10:04,Completed
Xyz7557179,Atlas,DC,09-06-2026 10:02,09-06-2026 10:02,Completed
Xyz7557219,Atlas,DC,09-06-2026 10:01,09-06-2026 10:02,Completed
Xyz7557222,Atlas,DC,09-06-2026 10:03,09-06-2026 10:03,Completed
Xyz7557251,Atlas,DC,09-06-2026 10:03,09-06-2026 10:04,Completed
Xyz7557299,Atlas,DC,09-06-2026 21:04,-NA-,Expired
Xyz7557321,Atlas,DC,09-06-2026 10:03,09-06-2026 10:11,Completed
Xyz7557360,Atlas,DC,09-06-2026 10:01,09-06-2026 10:02,Completed
Xyz7557373,Atlas,DC,09-06-2026 21:04,-NA-,Expired
Xyz7557376,Atlas,DC,09-06-2026 10:02,09-06-2026 10:16,Completed
Xyz7557414,Atlas,DC,09-06-2026 10:03,09-06-2026 10:13,Completed
Xyz7557455,Atlas,DC,09-06-2026 10:00,09-06-2026 10:01,Completed
Xyz7557466,Atlas,DC,09-06-2026 10:02,09-06-2026 10:03,Completed
Xyz7557477,Atlas,DC,09-06-2026 10:02,09-06-2026 10:03,Completed
Xyz7557497,Atlas,DC,09-06-2026 10:02,09-06-2026 14:45,Completed
Xyz7557499,Atlas,DC,09-06-2026 10:03,-NA-,Expired
Xyz7557509,Atlas,DC,09-06-2026 10:03,-NA-,Expired
Xyz7557526,Atlas,DC,09-06-2026 10:01,09-06-2026 10:04,Completed
Xyz7557533,Atlas,DC,09-06-2026 10:02,09-06-2026 10:03,Completed
Xyz7557554,Atlas,DC,09-06-2026 10:02,09-06-2026 10:03,Completed
Xyz7557561,Atlas,DC,09-06-2026 10:03,10-06-2026 09:01,Completed
Xyz7557593,Atlas,DC,09-06-2026 10:03,09-06-2026 10:03,Completed
Xyz7557656,Atlas,DC,09-06-2026 10:01,09-06-2026 15:09,Completed
Xyz7557686,Atlas,DC,09-06-2026 10:02,09-06-2026 10:02,Completed
Xyz7557837,Atlas,DC,09-06-2026 10:01,09-06-2026 10:01,Completed
Xyz7557869,Atlas,DC,09-06-2026 10:03,09-06-2026 10:04,Completed
Xyz7557915,Atlas,DC,09-06-2026 10:02,09-06-2026 10:03,Completed
Xyz7557951,Atlas,DC,09-06-2026 10:03,09-06-2026 10:03,Completed
Xyz7558018,Atlas,DC,09-06-2026 10:01,09-06-2026 10:30,Completed
Xyz7558074,Atlas,DC,09-06-2026 10:02,09-06-2026 10:03,Completed
Xyz7558113,Atlas,DC,09-06-2026 10:01,09-06-2026 10:12,Completed
Xyz7558116,Atlas,DC,09-06-2026 10:00,09-06-2026 10:01,Completed
Xyz7558118,Atlas,DC,09-06-2026 10:01,09-06-2026 10:01,Completed
Xyz7558163,Atlas,DC,09-06-2026 21:00,-NA-,Expired
Xyz7558165,Atlas,DC,09-06-2026 10:02,09-06-2026 10:02,Completed
Xyz7558173,Atlas,DC,09-06-2026 10:01,09-06-2026 11:24,Completed
Xyz7558220,Atlas,DC,09-06-2026 10:00,09-06-2026 10:01,Completed
Xyz7558225,Atlas,DC,09-06-2026 10:02,09-06-2026 10:02,Completed
Xyz7558237,Atlas,DC,09-06-2026 10:02,09-06-2026 10:02,Completed
Xyz7558305,Atlas,DC,09-06-2026 10:01,09-06-2026 10:02,Completed
Xyz7558507,Atlas,DC,09-06-2026 10:03,09-06-2026 10:03,Completed
Xyz7558511,Atlas,DC,09-06-2026 10:03,09-06-2026 10:03,Completed
Xyz7558562,Atlas,DC,09-06-2026 10:02,09-06-2026 13:04,Completed
Xyz7558563,Atlas,DC,09-06-2026 10:01,09-06-2026 10:23,Completed
Xyz7558569,Atlas,DC,09-06-2026 10:04,09-06-2026 10:11,Completed
Xyz7558689,Atlas,DC,09-06-2026 10:02,09-06-2026 10:02,Completed
Xyz7558712,Atlas,DC,09-06-2026 21:01,-NA-,Expired
Xyz7558751,Atlas,DC,09-06-2026 10:03,09-06-2026 10:04,Completed
Xyz7558773,Atlas,DC,09-06-2026 10:03,09-06-2026 10:05,Completed
Xyz7558788,Atlas,DC,09-06-2026 21:02,-NA-,Expired
Xyz7558828,Atlas,DC,09-06-2026 10:03,-NA-,Expired
Xyz7558841,Atlas,DC,09-06-2026 10:00,09-06-2026 10:01,Completed
Xyz7558874,Atlas,DC,09-06-2026 21:00,-NA-,Expired
Xyz7558909,Atlas,DC,09-06-2026 10:02,09-06-2026 10:06,Completed
Xyz7558912,Atlas,DC,09-06-2026 10:02,09-06-2026 10:05,Completed
Xyz7558937,Atlas,DC,09-06-2026 10:02,09-06-2026 10:03,Completed
Xyz7558997,Atlas,DC,09-06-2026 10:02,09-06-2026 10:03,Completed
Xyz7559010,Atlas,DC,09-06-2026 10:01,09-06-2026 13:33,Completed
Xyz7559049,Atlas,DC,09-06-2026 10:02,09-06-2026 10:04,Completed
Xyz7559082,Atlas,DC,09-06-2026 10:02,09-06-2026 10:02,Completed
Xyz7559108,Atlas,DC,09-06-2026 10:02,09-06-2026 10:03,Completed
Xyz7559115,Atlas,DC,09-06-2026 10:02,09-06-2026 10:03,Completed
Xyz7559169,Atlas,DC,09-06-2026 10:00,09-06-2026 10:01,Completed
Xyz7559194,Atlas,DC,09-06-2026 10:01,09-06-2026 10:02,Completed
Xyz7559223,Atlas,DC,09-06-2026 10:01,09-06-2026 10:02,Completed
Xyz7559226,Atlas,DC,09-06-2026 10:03,09-06-2026 10:04,Completed
Xyz7559246,Atlas,DC,09-06-2026 10:02,09-06-2026 10:34,Completed
Xyz7559259,Atlas,DC,09-06-2026 20:59,-NA-,Expired
Xyz7559273,Atlas,DC,09-06-2026 10:00,09-06-2026 10:01,Completed
Xyz7559311,Atlas,DC,09-06-2026 10:02,09-06-2026 10:33,Completed
Xyz7559333,Atlas,DC,09-06-2026 10:04,09-06-2026 10:05,Completed
Xyz7559345,Atlas,DC,09-06-2026 21:00,-NA-,Expired
Xyz7559348,Atlas,DC,09-06-2026 21:00,-NA-,Expired
Xyz7559394,Atlas,DC,09-06-2026 20:59,-NA-,Expired
Xyz7559435,Atlas,DC,09-06-2026 10:03,-NA-,Expired
Xyz7559438,Atlas,DC,09-06-2026 21:00,-NA-,Expired
Xyz7559447,Atlas,DC,09-06-2026 10:02,09-06-2026 10:13,Completed
Xyz7559469,Atlas,DC,09-06-2026 10:01,09-06-2026 10:02,Completed
Xyz7559492,Atlas,DC,09-06-2026 10:00,09-06-2026 10:06,Completed
Xyz7559498,Atlas,DC,09-06-2026 10:02,09-06-2026 10:02,Completed
Xyz7559510,Atlas,DC,09-06-2026 10:03,09-06-2026 10:13,Completed
Xyz7559580,Atlas,DC,09-06-2026 10:02,-NA-,Expired
Xyz7559581,Atlas,DC,09-06-2026 21:02,-NA-,Expired
Xyz7559589,Atlas,DC,09-06-2026 10:01,09-06-2026 10:02,Completed
Xyz7559620,Atlas,DC,09-06-2026 10:03,09-06-2026 10:59,Completed
Xyz7559630,Atlas,DC,09-06-2026 10:01,09-06-2026 10:02,Completed
Xyz7559681,Atlas,DC,09-06-2026 10:03,09-06-2026 10:04,Completed
Xyz7559684,Atlas,DC,09-06-2026 10:03,-NA-,Expired
Xyz7559686,Atlas,DC,09-06-2026 10:03,09-06-2026 10:05,Completed
Xyz7559755,Atlas,DC,09-06-2026 10:04,09-06-2026 10:05,Completed
Xyz7559804,Atlas,DC,09-06-2026 10:01,09-06-2026 10:02,Completed
Xyz7559826,Atlas,DC,09-06-2026 10:02,09-06-2026 10:02,Completed
Xyz7559837,Atlas,DC,09-06-2026 10:03,-NA-,Expired
Xyz7559857,Atlas,DC,09-06-2026 10:01,09-06-2026 10:03,Completed
Xyz7559891,Atlas,DC,09-06-2026 10:01,09-06-2026 10:01,Completed
Xyz7559895,Atlas,DC,09-06-2026 10:01,09-06-2026 10:02,Completed
Xyz7559913,Atlas,DC,09-06-2026 10:01,10-06-2026 09:24,Completed
Xyz7559919,Atlas,DC,09-06-2026 10:02,10-06-2026 09:21,Completed
Xyz7560077,Atlas,DC,09-06-2026 10:01,09-06-2026 10:03,Completed
Xyz7560098,Atlas,DC,09-06-2026 21:01,-NA-,Expired
Xyz7560208,Atlas,DC,09-06-2026 10:04,09-06-2026 10:06,Completed
Xyz7560209,Atlas,DC,09-06-2026 10:01,09-06-2026 10:01,Completed
Xyz7560229,Atlas,DC,09-06-2026 10:02,09-06-2026 10:02,Completed
Xyz7560234,Atlas,DC,09-06-2026 10:00,09-06-2026 10:31,Completed
Xyz7560255,Atlas,DC,09-06-2026 21:00,-NA-,Expired
Xyz7560283,Atlas,DC,09-06-2026 21:00,09-06-2026 21:14,Completed
Xyz7560301,Atlas,DC,09-06-2026 21:00,-NA-,Expired
Xyz7560330,Atlas,DC,09-06-2026 10:03,09-06-2026 10:03,Completed
Xyz7560334,Atlas,DC,09-06-2026 10:02,09-06-2026 10:03,Completed
Xyz7560380,Atlas,DC,09-06-2026 10:02,09-06-2026 10:03,Completed
Xyz7560410,Atlas,DC,09-06-2026 10:04,09-06-2026 10:04,Completed
Xyz7560434,Atlas,DC,09-06-2026 10:02,09-06-2026 10:03,Completed
Xyz7560500,Atlas,DC,09-06-2026 10:02,09-06-2026 10:02,Completed
Xyz7560539,Atlas,DC,09-06-2026 10:02,09-06-2026 10:10,Completed
Xyz7560567,Atlas,DC,09-06-2026 10:02,09-06-2026 10:03,Completed
Xyz7560612,Atlas,DC,09-06-2026 10:01,09-06-2026 10:02,Completed
Xyz7560635,Atlas,DC,09-06-2026 10:03,09-06-2026 10:08,Completed
Xyz7560734,Atlas,DC,09-06-2026 10:02,09-06-2026 10:08,Completed
Xyz7560873,Atlas,DC,09-06-2026 10:03,09-06-2026 10:26,Completed
Xyz7560879,Atlas,DC,09-06-2026 10:02,09-06-2026 11:01,Completed
Xyz7561006,Atlas,DC,09-06-2026 10:02,09-06-2026 10:02,Completed
Xyz7561050,Atlas,DC,09-06-2026 10:03,09-06-2026 12:23,Completed
Xyz7561125,Atlas,DC,09-06-2026 10:01,09-06-2026 10:04,Completed
Xyz7561139,Atlas,DC,09-06-2026 21:02,-NA-,Expired
Xyz7561276,Atlas,DC,09-06-2026 10:01,09-06-2026 10:02,Completed
Xyz7561296,Atlas,DC,09-06-2026 10:02,09-06-2026 10:02,Completed
Xyz7561297,Atlas,DC,09-06-2026 10:01,09-06-2026 10:02,Completed
Xyz7561314,Atlas,DC,09-06-2026 10:02,09-06-2026 10:02,Completed
Xyz7561382,Atlas,DC,09-06-2026 21:02,-NA-,Expired
Xyz7561432,Atlas,DC,09-06-2026 21:00,-NA-,Expired
Xyz7561437,Atlas,DC,09-06-2026 21:02,-NA-,Expired
Xyz7561446,Atlas,DC,09-06-2026 10:01,10-06-2026 09:01,Completed
Xyz7561505,Atlas,DC,09-06-2026 10:00,09-06-2026 10:01,Completed
Xyz7561582,Atlas,DC,09-06-2026 10:02,09-06-2026 10:02,Completed
Xyz7561654,Atlas,DC,09-06-2026 10:03,-NA-,Expired
Xyz7561696,Atlas,DC,09-06-2026 10:03,09-06-2026 10:42,Completed
Xyz7561704,Atlas,DC,09-06-2026 10:01,09-06-2026 10:02,Completed
Xyz7561748,Atlas,DC,09-06-2026 10:02,09-06-2026 10:03,Completed
Xyz7561823,Atlas,DC,09-06-2026 10:02,-NA-,Expired
Xyz7561882,Atlas,DC,09-06-2026 10:03,09-06-2026 10:03,Completed
Xyz7561886,Atlas,DC,09-06-2026 10:02,09-06-2026 10:03,Completed
Xyz7561895,Atlas,DC,09-06-2026 10:03,09-06-2026 10:03,Completed
Xyz7561918,Atlas,DC,09-06-2026 10:04,09-06-2026 10:05,Completed
Xyz7561921,Atlas,DC,09-06-2026 10:00,09-06-2026 10:03,Completed
Xyz7562005,Atlas,DC,09-06-2026 21:05,-NA-,Expired
Xyz7562038,Atlas,DC,09-06-2026 10:03,09-06-2026 10:03,Completed
Xyz7562056,Atlas,DC,09-06-2026 21:05,-NA-,Expired
Xyz7562076,Atlas,DC,09-06-2026 10:02,09-06-2026 10:02,Completed
Xyz7562077,Atlas,DC,09-06-2026 10:02,09-06-2026 10:03,Completed
Xyz7562173,Atlas,DC,09-06-2026 10:02,09-06-2026 10:03,Completed
Xyz7562186,Atlas,DC,09-06-2026 10:01,09-06-2026 10:01,Completed
Xyz7562192,Atlas,DC,09-06-2026 10:03,09-06-2026 10:07,Completed
Xyz7562201,Atlas,DC,09-06-2026 21:02,-NA-,Expired
Xyz7562225,Atlas,DC,09-06-2026 21:00,-NA-,Expired
Xyz7562274,Atlas,DC,09-06-2026 10:03,09-06-2026 10:03,Completed
Xyz7562283,Atlas,DC,09-06-2026 10:02,09-06-2026 10:02,Completed
Xyz7562312,Atlas,DC,09-06-2026 10:03,09-06-2026 10:04,Completed
Xyz7562401,Atlas,DC,09-06-2026 10:02,09-06-2026 14:23,Completed
Xyz7562406,Atlas,DC,09-06-2026 10:01,09-06-2026 10:01,Completed
Xyz7562453,Atlas,DC,09-06-2026 10:03,09-06-2026 10:04,Completed
Xyz7562460,Atlas,DC,09-06-2026 10:02,09-06-2026 10:02,Completed
Xyz7562529,Atlas,DC,09-06-2026 10:01,09-06-2026 10:02,Completed
Xyz7562636,Atlas,DC,09-06-2026 21:01,-NA-,Expired
Xyz7562665,Atlas,DC,09-06-2026 10:03,09-06-2026 10:05,Completed
Xyz7562692,Atlas,DC,09-06-2026 21:02,-NA-,Expired
Xyz7562695,Atlas,DC,09-06-2026 10:03,09-06-2026 13:01,Completed
Xyz7562811,Atlas,DC,09-06-2026 10:03,09-06-2026 12:22,Completed
Xyz7562875,Atlas,DC,09-06-2026 10:02,09-06-2026 10:03,Completed
Xyz7562905,Atlas,DC,09-06-2026 21:02,-NA-,Expired
Xyz7562912,Atlas,DC,09-06-2026 10:04,-NA-,Expired
Xyz7562925,Atlas,DC,09-06-2026 10:01,09-06-2026 10:02,Completed
Xyz7563042,Atlas,DC,09-06-2026 10:03,09-06-2026 10:03,Completed
Xyz7563061,Atlas,DC,09-06-2026 10:02,09-06-2026 10:02,Completed
Xyz7563107,Atlas,DC,09-06-2026 10:03,-NA-,Expired
Xyz7563108,Atlas,DC,09-06-2026 10:01,09-06-2026 10:09,Completed
Xyz7563154,Atlas,DC,09-06-2026 21:05,-NA-,Expired
Xyz7563164,Atlas,DC,09-06-2026 10:00,09-06-2026 10:01,Completed
Xyz7563168,Atlas,DC,09-06-2026 10:00,09-06-2026 10:01,Completed
Xyz7563202,Atlas,DC,09-06-2026 10:02,09-06-2026 10:03,Completed
Xyz7563234,Atlas,DC,09-06-2026 10:02,09-06-2026 10:02,Completed
Xyz7563255,Atlas,DC,09-06-2026 10:02,09-06-2026 10:03,Completed
Xyz7563271,Atlas,DC,09-06-2026 10:01,09-06-2026 10:02,Completed
Xyz7563273,Atlas,DC,09-06-2026 10:03,09-06-2026 10:04,Completed
Xyz7563309,Atlas,DC,09-06-2026 10:00,09-06-2026 10:01,Completed
Xyz7563310,Atlas,DC,09-06-2026 10:02,09-06-2026 10:03,Completed
Xyz7563331,Atlas,DC,09-06-2026 10:03,09-06-2026 10:08,Completed
Xyz7563371,Atlas,DC,09-06-2026 10:01,09-06-2026 10:01,Completed
Xyz7563411,Atlas,DC,09-06-2026 10:02,09-06-2026 10:03,Completed
Xyz7563429,Atlas,DC,09-06-2026 10:03,09-06-2026 10:03,Completed
Xyz7563433,Atlas,DC,09-06-2026 10:02,09-06-2026 15:36,Completed
Xyz7563481,Atlas,DC,09-06-2026 10:03,09-06-2026 11:37,Completed
Xyz7563606,Atlas,DC,09-06-2026 10:01,09-06-2026 13:39,Completed
Xyz7563663,Atlas,DC,09-06-2026 10:03,09-06-2026 10:04,Completed
Xyz7563756,Atlas,DC,09-06-2026 10:01,09-06-2026 10:02,Completed
Xyz7563762,Atlas,DC,09-06-2026 10:00,09-06-2026 10:03,Completed
Xyz7563823,Atlas,DC,09-06-2026 10:03,09-06-2026 10:03,Completed
Xyz7563839,Atlas,DC,09-06-2026 10:02,09-06-2026 10:02,Completed
Xyz7563882,Atlas,DC,09-06-2026 10:01,09-06-2026 10:02,Completed
Xyz7563892,Atlas,DC,09-06-2026 10:00,09-06-2026 10:01,Completed
Xyz7563949,Atlas,DC,09-06-2026 21:01,-NA-,Expired
Xyz7564009,Atlas,DC,09-06-2026 21:01,-NA-,Expired
Xyz7564010,Atlas,DC,09-06-2026 21:01,-NA-,Expired
Xyz7564047,Atlas,DC,09-06-2026 10:03,09-06-2026 10:04,Completed
Xyz7564049,Atlas,DC,09-06-2026 10:01,09-06-2026 10:03,Completed
Xyz7564051,Atlas,DC,09-06-2026 10:02,09-06-2026 10:02,Completed
Xyz7564056,Atlas,DC,09-06-2026 10:02,09-06-2026 10:02,Completed
Xyz7564073,Atlas,DC,09-06-2026 10:01,09-06-2026 10:10,Completed
Xyz7564089,Atlas,DC,09-06-2026 10:03,09-06-2026 10:04,Completed
Xyz7564114,Atlas,DC,09-06-2026 10:01,09-06-2026 10:11,Completed
Xyz7564128,Atlas,DC,09-06-2026 10:02,09-06-2026 10:07,Completed
Xyz7564215,Atlas,DC,09-06-2026 10:01,09-06-2026 10:02,Completed
Xyz7564287,Atlas,DC,09-06-2026 10:02,09-06-2026 10:03,Completed
Xyz7564299,Atlas,DC,09-06-2026 10:01,09-06-2026 12:06,Completed
Xyz7564302,Atlas,DC,09-06-2026 10:03,09-06-2026 10:03,Completed
Xyz7564304,Atlas,DC,09-06-2026 10:03,09-06-2026 12:03,Completed
Xyz7564321,Atlas,DC,09-06-2026 10:01,09-06-2026 10:02,Completed
Xyz7564386,Atlas,DC,09-06-2026 10:04,09-06-2026 10:04,Completed
Xyz7564403,Atlas,DC,09-06-2026 10:02,09-06-2026 10:02,Completed
Xyz7564429,Atlas,DC,09-06-2026 10:02,09-06-2026 10:02,Completed
Xyz7564478,Atlas,DC,09-06-2026 10:03,09-06-2026 10:03,Completed
Xyz7564480,Atlas,DC,09-06-2026 10:03,09-06-2026 10:03,Completed
Xyz7564692,Atlas,DC,09-06-2026 10:03,09-06-2026 10:04,Completed
Xyz7564704,Atlas,DC,09-06-2026 10:03,-NA-,Expired
Xyz7564722,Atlas,DC,09-06-2026 20:59,-NA-,Expired
Xyz7564792,Atlas,DC,09-06-2026 10:02,09-06-2026 12:31,Completed
Xyz7564922,Atlas,DC,09-06-2026 10:01,09-06-2026 10:02,Completed
Xyz7564926,Atlas,DC,09-06-2026 10:01,09-06-2026 10:02,Completed
Xyz7565151,Atlas,DC,09-06-2026 10:03,09-06-2026 10:03,Completed
Xyz7565162,Atlas,DC,09-06-2026 10:03,09-06-2026 10:05,Completed
Xyz7565174,Atlas,DC,09-06-2026 20:59,-NA-,Expired
Xyz7565193,Atlas,DC,09-06-2026 10:03,09-06-2026 11:00,Completed
Xyz7565395,Atlas,DC,09-06-2026 10:01,09-06-2026 10:01,Completed
Xyz7565424,Atlas,DC,09-06-2026 10:03,09-06-2026 10:04,Completed
Xyz7565564,Atlas,DC,09-06-2026 10:03,09-06-2026 10:04,Completed
Xyz7565589,Atlas,DC,09-06-2026 10:01,09-06-2026 10:18,Completed
Xyz7565777,Atlas,DC,09-06-2026 10:01,09-06-2026 10:02,Completed
Xyz7565819,Atlas,DC,09-06-2026 10:01,09-06-2026 10:02,Completed
Xyz7565845,Atlas,DC,09-06-2026 10:03,09-06-2026 10:04,Completed
Xyz7565853,Atlas,DC,09-06-2026 10:03,09-06-2026 10:04,Completed
Xyz7565871,Atlas,DC,09-06-2026 10:01,09-06-2026 10:02,Completed
Xyz7565875,Atlas,DC,09-06-2026 10:03,09-06-2026 10:04,Completed
Xyz7565995,Atlas,DC,09-06-2026 10:02,-NA-,Expired
Xyz7566016,Atlas,DC,09-06-2026 10:02,09-06-2026 10:02,Completed
Xyz7566087,Atlas,DC,09-06-2026 10:01,09-06-2026 12:51,Completed
Xyz7566088,Atlas,DC,09-06-2026 10:03,10-06-2026 09:01,Completed
Xyz7566154,Atlas,DC,09-06-2026 10:02,09-06-2026 10:03,Completed
Xyz7566155,Atlas,DC,09-06-2026 10:02,09-06-2026 10:02,Completed
Xyz7566178,Atlas,DC,09-06-2026 10:00,09-06-2026 10:01,Completed
Xyz7566207,Atlas,DC,09-06-2026 10:02,-NA-,Expired
Xyz7566266,Atlas,DC,09-06-2026 10:02,09-06-2026 10:02,Completed
Xyz7566327,Atlas,DC,09-06-2026 10:03,-NA-,Expired
Xyz7566352,Atlas,DC,09-06-2026 10:03,09-06-2026 10:05,Completed
Xyz7566373,Atlas,DC,09-06-2026 21:01,-NA-,Expired
Xyz7566440,Atlas,DC,09-06-2026 10:01,09-06-2026 10:02,Completed
Xyz7566476,Atlas,DC,09-06-2026 10:03,09-06-2026 10:04,Completed
Xyz7566485,Atlas,DC,09-06-2026 10:03,09-06-2026 10:52,Completed
Xyz7566494,Atlas,DC,09-06-2026 10:03,-NA-,Expired
Xyz7566502,Atlas,DC,09-06-2026 10:02,09-06-2026 10:15,Completed
Xyz7566585,Atlas,DC,09-06-2026 21:02,-NA-,Expired
Xyz7566619,Atlas,DC,09-06-2026 21:01,-NA-,Expired
Xyz7566756,Atlas,DC,09-06-2026 21:02,-NA-,Expired
Xyz7566765,Atlas,DC,09-06-2026 10:03,09-06-2026 10:16,Completed
Xyz7566878,Atlas,DC,09-06-2026 21:06,-NA-,Expired
Xyz7566897,Atlas,DC,09-06-2026 21:04,-NA-,Expired
Xyz7566939,Atlas,DC,09-06-2026 10:03,09-06-2026 12:24,Completed
Xyz7567021,Atlas,DC,09-06-2026 10:01,09-06-2026 10:08,Completed
Xyz7567023,Atlas,DC,09-06-2026 21:04,-NA-,Expired
Xyz7567097,Atlas,DC,09-06-2026 10:03,09-06-2026 12:26,Completed
Xyz7567128,Atlas,DC,09-06-2026 10:03,09-06-2026 14:05,Completed
Xyz7567164,Atlas,DC,09-06-2026 10:01,09-06-2026 10:01,Completed
Xyz7567202,Atlas,DC,09-06-2026 10:02,09-06-2026 10:10,Completed
Xyz7567223,Atlas,DC,09-06-2026 21:01,-NA-,Expired
Xyz7567241,Atlas,DC,09-06-2026 21:00,-NA-,Expired
Xyz7567250,Atlas,DC,09-06-2026 10:03,09-06-2026 10:03,Completed
Xyz7567253,Atlas,DC,09-06-2026 10:03,09-06-2026 10:04,Completed
Xyz7567309,Atlas,DC,09-06-2026 10:03,-NA-,Expired
Xyz7567317,Atlas,DC,09-06-2026 10:00,09-06-2026 10:16,Completed
Xyz7567370,Atlas,DC,09-06-2026 10:03,09-06-2026 10:12,Completed
Xyz7567429,Atlas,DC,09-06-2026 10:03,09-06-2026 15:26,Completed
Xyz7567600,Atlas,DC,09-06-2026 10:03,09-06-2026 10:03,Completed
Xyz7567713,Atlas,DC,09-06-2026 10:03,09-06-2026 11:02,Completed
Xyz7567724,Atlas,DC,09-06-2026 21:04,-NA-,Expired
Xyz7567744,Atlas,DC,09-06-2026 21:01,-NA-,Expired
Xyz7567755,Atlas,DC,09-06-2026 10:03,09-06-2026 10:06,Completed
Xyz7567798,Atlas,DC,09-06-2026 10:00,09-06-2026 10:01,Completed
Xyz7567809,Atlas,DC,09-06-2026 10:03,09-06-2026 10:12,Completed
Xyz7567828,Atlas,DC,09-06-2026 20:59,-NA-,Expired
Xyz7567840,Atlas,DC,09-06-2026 20:59,-NA-,Expired
Xyz7567904,Atlas,DC,09-06-2026 10:03,09-06-2026 10:04,Completed
Xyz7567922,Atlas,DC,09-06-2026 10:03,09-06-2026 10:03,Completed
Xyz7567937,Atlas,DC,09-06-2026 20:59,-NA-,Expired
Xyz7567959,Atlas,DC,09-06-2026 10:03,09-06-2026 10:06,Completed
Xyz7568000,Atlas,DC,09-06-2026 10:03,09-06-2026 10:04,Completed
Xyz7568009,Atlas,DC,09-06-2026 10:01,09-06-2026 10:02,Completed
Xyz7568019,Atlas,DC,09-06-2026 21:01,-NA-,Expired
Xyz7568062,Atlas,DC,09-06-2026 21:04,-NA-,Expired
Xyz7568064,Atlas,DC,09-06-2026 21:02,-NA-,Expired
Xyz7568128,Atlas,DC,09-06-2026 10:03,09-06-2026 10:04,Completed
Xyz7568245,Atlas,DC,09-06-2026 21:07,-NA-,Expired
Xyz7568298,Atlas,DC,09-06-2026 21:04,-NA-,Expired
Xyz7568330,Atlas,DC,09-06-2026 21:02,-NA-,Expired
Xyz7568347,Atlas,DC,09-06-2026 21:02,-NA-,Expired
Xyz7568352,Atlas,DC,09-06-2026 21:02,-NA-,Expired
Xyz7568360,Atlas,DC,09-06-2026 10:03,09-06-2026 10:13,Completed
Xyz7568424,Atlas,DC,09-06-2026 10:04,09-06-2026 16:34,Completed
Xyz7568445,Atlas,DC,09-06-2026 10:03,09-06-2026 10:13,Completed
Xyz7568483,Atlas,DC,09-06-2026 21:01,-NA-,Expired
Xyz7568517,Atlas,DC,09-06-2026 10:02,09-06-2026 10:11,Completed
Xyz7568541,Atlas,DC,09-06-2026 10:02,09-06-2026 10:03,Completed
Xyz7568567,Atlas,DC,09-06-2026 21:01,-NA-,Expired
Xyz7568690,Atlas,DC,09-06-2026 21:03,-NA-,Expired
Xyz7568694,Atlas,DC,09-06-2026 21:03,-NA-,Expired
Xyz7568900,Atlas,DC,09-06-2026 10:00,10-06-2026 09:01,Completed
Xyz7568933,Atlas,DC,09-06-2026 21:06,-NA-,Expired
Xyz7568940,Atlas,DC,09-06-2026 21:03,-NA-,Expired
Xyz7568989,Atlas,DC,09-06-2026 10:00,09-06-2026 10:01,Completed
Xyz7569056,Atlas,DC,09-06-2026 21:04,-NA-,Expired
Xyz7569104,Atlas,DC,09-06-2026 10:04,-NA-,Expired
Xyz7569137,Atlas,DC,09-06-2026 21:01,-NA-,Expired
Xyz7569141,Atlas,DC,09-06-2026 10:01,09-06-2026 10:10,Completed
Xyz7569156,Atlas,DC,09-06-2026 10:03,09-06-2026 10:13,Completed
Xyz7569157,Atlas,DC,09-06-2026 10:04,09-06-2026 10:14,Completed
Xyz7569189,Atlas,DC,09-06-2026 21:02,-NA-,Expired
Xyz7569206,Atlas,DC,09-06-2026 10:01,09-06-2026 10:02,Completed
Xyz7569208,Atlas,DC,09-06-2026 10:03,-NA-,Expired
Xyz7569242,Atlas,DC,09-06-2026 21:01,-NA-,Expired
Xyz7569249,Atlas,DC,09-06-2026 21:05,-NA-,Expired
Xyz7569338,Atlas,DC,09-06-2026 10:02,09-06-2026 10:03,Completed
Xyz7569347,Atlas,DC,09-06-2026 21:07,-NA-,Expired
Xyz7569433,Atlas,DC,09-06-2026 21:03,-NA-,Expired
Xyz7569581,Atlas,DC,09-06-2026 21:01,-NA-,Expired
Xyz7569614,Atlas,DC,09-06-2026 21:01,-NA-,Expired
Xyz7569615,Atlas,DC,09-06-2026 21:00,-NA-,Expired
Xyz7569628,Atlas,DC,09-06-2026 10:02,09-06-2026 10:03,Completed
Xyz7569704,Atlas,DC,09-06-2026 10:02,09-06-2026 10:02,Completed
Xyz7569788,Atlas,DC,09-06-2026 10:03,09-06-2026 10:04,Completed
Xyz7569796,Atlas,DC,09-06-2026 10:02,09-06-2026 10:25,Completed
Xyz7569803,Atlas,DC,09-06-2026 10:03,09-06-2026 10:04,Completed
Xyz7569812,Atlas,DC,09-06-2026 10:04,09-06-2026 10:11,Completed
Xyz7569902,Atlas,DC,09-06-2026 10:03,09-06-2026 10:04,Completed
Xyz7569914,Atlas,DC,09-06-2026 10:03,09-06-2026 10:04,Completed
Xyz7569958,Atlas,DC,09-06-2026 10:00,-NA-,Expired
Xyz7569960,Atlas,DC,09-06-2026 10:02,09-06-2026 10:02,Completed
Xyz7570017,Atlas,DC,09-06-2026 10:02,09-06-2026 10:02,Completed
Xyz7570019,Atlas,DC,09-06-2026 10:03,09-06-2026 10:03,Completed
Xyz7570021,Atlas,DC,09-06-2026 10:02,09-06-2026 10:02,Completed
Xyz7570046,Atlas,DC,09-06-2026 10:03,-NA-,Expired
Xyz7570057,Atlas,DC,09-06-2026 10:01,09-06-2026 10:03,Completed
Xyz7570156,Atlas,DC,09-06-2026 21:05,-NA-,Expired
Xyz7570250,Atlas,DC,09-06-2026 21:01,-NA-,Expired
Xyz7570269,Atlas,DC,09-06-2026 10:00,09-06-2026 10:01,Completed
Xyz7570271,Atlas,DC,09-06-2026 10:03,09-06-2026 10:04,Completed
Xyz7570329,Atlas,DC,09-06-2026 10:00,-NA-,Expired
Xyz7570340,Atlas,DC,09-06-2026 10:00,09-06-2026 10:01,Completed
Xyz7570341,Atlas,DC,09-06-2026 10:03,09-06-2026 10:03,Completed
Xyz7570417,Atlas,DC,09-06-2026 10:02,09-06-2026 10:04,Completed
Xyz7570452,Atlas,DC,09-06-2026 10:02,09-06-2026 10:02,Completed
Xyz7570509,Atlas,DC,09-06-2026 21:00,-NA-,Expired
Xyz7570512,Atlas,DC,09-06-2026 10:03,09-06-2026 10:03,Completed
Xyz7570530,Atlas,DC,09-06-2026 10:03,09-06-2026 10:04,Completed
Xyz7570540,Atlas,DC,09-06-2026 10:04,09-06-2026 10:06,Completed
Xyz7570598,Atlas,DC,09-06-2026 10:00,09-06-2026 10:01,Completed
Xyz7570621,Atlas,DC,09-06-2026 10:04,09-06-2026 10:39,Completed
Xyz7570724,Atlas,DC,09-06-2026 10:02,09-06-2026 10:02,Completed
Xyz7570837,Atlas,DC,09-06-2026 10:02,09-06-2026 10:12,Completed
Xyz7570872,Atlas,DC,09-06-2026 10:01,09-06-2026 14:24,Completed
Xyz7570874,Atlas,DC,09-06-2026 10:03,09-06-2026 10:04,Completed
Xyz7571000,Atlas,DC,09-06-2026 10:03,09-06-2026 10:04,Completed
Xyz7571035,Atlas,DC,09-06-2026 10:03,09-06-2026 10:04,Completed
Xyz7571063,Atlas,DC,09-06-2026 10:00,09-06-2026 13:52,Completed
Xyz7571112,Atlas,DC,09-06-2026 10:01,09-06-2026 10:39,Completed
Xyz7571130,Atlas,DC,09-06-2026 10:01,09-06-2026 10:01,Completed
Xyz7571149,Atlas,DC,09-06-2026 10:02,09-06-2026 10:03,Completed
Xyz7571244,Atlas,DC,09-06-2026 21:01,-NA-,Expired
Xyz7571285,Atlas,DC,09-06-2026 10:01,09-06-2026 10:01,Completed
Xyz7571375,Atlas,DC,09-06-2026 10:02,09-06-2026 10:02,Completed
Xyz7571376,Atlas,DC,09-06-2026 10:01,09-06-2026 10:02,Completed
Xyz7571382,Atlas,DC,09-06-2026 10:02,09-06-2026 10:06,Completed
Xyz7571435,Atlas,DC,09-06-2026 10:03,09-06-2026 10:05,Completed
Xyz7571490,Atlas,DC,09-06-2026 10:02,09-06-2026 10:05,Completed
Xyz7571530,Atlas,DC,09-06-2026 10:01,09-06-2026 10:02,Completed
Xyz7571541,Atlas,DC,09-06-2026 10:01,09-06-2026 10:02,Completed
Xyz7571563,Atlas,DC,09-06-2026 10:02,09-06-2026 10:05,Completed
Xyz7571583,Atlas,DC,09-06-2026 10:00,09-06-2026 10:11,Completed
Xyz7571596,Atlas,DC,09-06-2026 21:01,-NA-,Expired
Xyz7571607,Atlas,DC,09-06-2026 10:02,09-06-2026 10:02,Completed
Xyz7571609,Atlas,DC,09-06-2026 21:01,-NA-,Expired
Xyz7571613,Atlas,DC,09-06-2026 21:03,-NA-,Expired
Xyz7571653,Atlas,DC,09-06-2026 10:03,09-06-2026 10:04,Completed
Xyz7571664,Atlas,DC,09-06-2026 21:02,-NA-,Expired
Xyz7571687,Atlas,DC,09-06-2026 10:03,-NA-,Expired
Xyz7571709,Atlas,DC,09-06-2026 10:04,09-06-2026 10:44,Completed
Xyz7571763,Atlas,DC,09-06-2026 10:02,-NA-,Expired
Xyz7571849,Atlas,DC,09-06-2026 10:03,09-06-2026 10:05,Completed
Xyz7571873,Atlas,DC,09-06-2026 10:02,09-06-2026 10:05,Completed
Xyz7572077,Atlas,DC,09-06-2026 10:00,09-06-2026 10:01,Completed
Xyz7572091,Atlas,DC,09-06-2026 10:03,09-06-2026 10:32,Completed
Xyz7572140,Atlas,DC,09-06-2026 10:01,09-06-2026 10:02,Completed
Xyz7572198,Atlas,DC,09-06-2026 10:01,09-06-2026 10:04,Completed
Xyz7572306,Atlas,DC,09-06-2026 10:03,09-06-2026 10:04,Completed
Xyz7572318,Atlas,DC,09-06-2026 10:03,09-06-2026 10:40,Completed
Xyz7572441,Atlas,DC,09-06-2026 10:01,09-06-2026 11:08,Completed
Xyz7572472,Atlas,DC,09-06-2026 10:03,09-06-2026 10:03,Completed
Xyz7572543,Atlas,DC,09-06-2026 10:01,09-06-2026 10:05,Completed
Xyz7572774,Atlas,DC,09-06-2026 10:02,-NA-,Expired
Xyz7572798,Atlas,DC,09-06-2026 10:00,09-06-2026 10:01,Completed
Xyz7572818,Atlas,DC,09-06-2026 10:03,09-06-2026 10:04,Completed
Xyz7572861,Atlas,DC,09-06-2026 21:01,-NA-,Expired
Xyz7572905,Atlas,DC,09-06-2026 10:03,-NA-,Expired
Xyz7572907,Atlas,DC,09-06-2026 10:03,09-06-2026 10:04,Completed
Xyz7573006,Atlas,DC,09-06-2026 10:00,09-06-2026 10:01,Completed
Xyz7573085,Atlas,DC,09-06-2026 10:03,09-06-2026 11:09,Completed
Xyz7573173,Atlas,DC,09-06-2026 10:03,09-06-2026 10:04,Completed
Xyz7573180,Atlas,DC,09-06-2026 10:00,09-06-2026 10:01,Completed
Xyz7573190,Atlas,DC,09-06-2026 10:01,09-06-2026 10:01,Completed
Xyz7573216,Atlas,DC,09-06-2026 10:03,09-06-2026 10:03,Completed
Xyz7573356,Atlas,DC,09-06-2026 10:03,09-06-2026 10:04,Completed
Xyz7573358,Atlas,DC,09-06-2026 10:03,-NA-,Expired
Xyz7573364,Atlas,DC,09-06-2026 10:03,09-06-2026 10:03,Completed
Xyz7573371,Atlas,DC,09-06-2026 10:03,09-06-2026 10:38,Completed
Xyz7573485,Atlas,DC,09-06-2026 10:04,09-06-2026 10:08,Completed
Xyz7573560,Atlas,DC,09-06-2026 10:02,09-06-2026 10:03,Completed
Xyz7573635,Atlas,DC,09-06-2026 10:03,09-06-2026 10:03,Completed
Xyz7573704,Atlas,DC,09-06-2026 10:01,09-06-2026 10:16,Completed
Xyz7573733,Atlas,DC,09-06-2026 10:02,09-06-2026 10:03,Completed
Xyz7573761,Atlas,DC,09-06-2026 10:03,09-06-2026 11:12,Completed
Xyz7573785,Atlas,DC,09-06-2026 10:03,09-06-2026 10:04,Completed
Xyz7573835,Atlas,DC,09-06-2026 10:00,09-06-2026 10:01,Completed
Xyz7573837,Atlas,DC,09-06-2026 10:03,09-06-2026 10:03,Completed
Xyz7573856,Atlas,DC,09-06-2026 10:00,09-06-2026 10:02,Completed
Xyz7573931,Atlas,DC,09-06-2026 10:03,09-06-2026 12:50,Completed
Xyz7573992,Atlas,DC,09-06-2026 21:02,-NA-,Expired
Xyz7574005,Atlas,DC,09-06-2026 21:01,-NA-,Expired
Xyz7574015,Atlas,DC,09-06-2026 10:00,09-06-2026 10:01,Completed
Xyz7574166,Atlas,DC,09-06-2026 10:01,09-06-2026 10:01,Completed
Xyz7574239,Atlas,DC,09-06-2026 10:01,09-06-2026 10:13,Completed
Xyz7574262,Atlas,DC,09-06-2026 10:03,09-06-2026 10:04,Completed
Xyz7574289,Atlas,DC,09-06-2026 10:02,09-06-2026 10:05,Completed
Xyz7574310,Atlas,DC,09-06-2026 10:00,09-06-2026 10:02,Completed
Xyz7574333,Atlas,DC,09-06-2026 10:02,09-06-2026 10:02,Completed
Xyz7574401,Atlas,DC,09-06-2026 10:03,09-06-2026 10:04,Completed
Xyz7574418,Atlas,DC,09-06-2026 10:02,-NA-,Expired
Xyz7574428,Atlas,DC,09-06-2026 21:01,-NA-,Expired
Xyz7574440,Atlas,DC,09-06-2026 10:04,09-06-2026 10:14,Completed
Xyz7574541,Atlas,DC,09-06-2026 10:03,09-06-2026 10:06,Completed
Xyz7574557,Atlas,DC,09-06-2026 10:01,09-06-2026 10:02,Completed
Xyz7574578,Atlas,DC,09-06-2026 21:01,-NA-,Expired
Xyz7574693,Atlas,DC,09-06-2026 10:03,09-06-2026 10:04,Completed
Xyz7574703,Atlas,DC,09-06-2026 10:03,09-06-2026 10:06,Completed
Xyz7574713,Atlas,DC,09-06-2026 10:02,09-06-2026 10:03,Completed
Xyz7574776,Atlas,DC,09-06-2026 10:00,09-06-2026 10:02,Completed
Xyz7574863,Atlas,DC,09-06-2026 10:01,09-06-2026 10:03,Completed
Xyz7574908,Atlas,DC,09-06-2026 10:02,09-06-2026 10:03,Completed
Xyz7574968,Atlas,DC,09-06-2026 10:01,09-06-2026 10:07,Completed
Xyz7575060,Atlas,DC,09-06-2026 10:02,09-06-2026 10:03,Completed
Xyz7575335,Atlas,DC,09-06-2026 10:03,09-06-2026 10:03,Completed
Xyz7575408,Atlas,DC,09-06-2026 10:03,09-06-2026 10:06,Completed
Xyz7575410,Atlas,DC,09-06-2026 10:01,09-06-2026 12:19,Completed
Xyz7575507,Atlas,DC,09-06-2026 10:01,09-06-2026 10:42,Completed
Xyz7575532,Atlas,DC,09-06-2026 10:00,09-06-2026 10:06,Completed
Xyz7575575,Atlas,DC,09-06-2026 10:03,09-06-2026 10:03,Completed
Xyz7575634,Atlas,DC,09-06-2026 10:01,09-06-2026 10:03,Completed
Xyz7575639,Atlas,DC,09-06-2026 10:00,09-06-2026 10:02,Completed
Xyz7575682,Atlas,DC,09-06-2026 10:01,09-06-2026 10:02,Completed
Xyz7575735,Atlas,DC,09-06-2026 10:02,09-06-2026 10:09,Completed
Xyz7575816,Atlas,DC,09-06-2026 10:02,09-06-2026 10:02,Completed
Xyz7575834,Atlas,DC,09-06-2026 10:01,09-06-2026 10:02,Completed
Xyz7576018,Atlas,DC,09-06-2026 10:02,09-06-2026 10:02,Completed
Xyz7576098,Atlas,DC,09-06-2026 10:02,09-06-2026 10:04,Completed
Xyz7576126,Atlas,DC,09-06-2026 10:02,09-06-2026 10:02,Completed
Xyz7576189,Atlas,DC,09-06-2026 10:03,-NA-,Expired
Xyz7576212,Atlas,DC,09-06-2026 10:02,-NA-,Expired
Xyz7576269,Atlas,DC,09-06-2026 10:01,-NA-,Expired
Xyz7576293,Atlas,DC,09-06-2026 10:04,09-06-2026 10:05,Completed
Xyz7576406,Atlas,DC,09-06-2026 10:03,09-06-2026 10:05,Completed
Xyz7576422,Atlas,DC,09-06-2026 10:01,09-06-2026 10:34,Completed
Xyz7576641,Atlas,DC,09-06-2026 10:01,09-06-2026 10:02,Completed
Xyz7576785,Atlas,DC,09-06-2026 10:03,09-06-2026 10:04,Completed
Xyz7576909,Atlas,DC,09-06-2026 21:03,-NA-,Expired
Xyz7576915,Atlas,DC,09-06-2026 10:03,09-06-2026 10:03,Completed
Xyz7576924,Atlas,DC,09-06-2026 21:03,-NA-,Expired
Xyz7576978,Atlas,DC,09-06-2026 10:02,09-06-2026 10:03,Completed
Xyz7576980,Atlas,DC,09-06-2026 10:00,09-06-2026 10:07,Completed
Xyz7577063,Atlas,DC,09-06-2026 10:03,09-06-2026 10:10,Completed
Xyz7577092,Atlas,DC,09-06-2026 10:02,09-06-2026 10:03,Completed
Xyz7577127,Atlas,DC,09-06-2026 21:02,-NA-,Expired
Xyz7577140,Atlas,DC,09-06-2026 10:02,09-06-2026 10:02,Completed
Xyz7577371,Atlas,DC,09-06-2026 10:02,09-06-2026 10:13,Completed
Xyz7577421,Atlas,DC,09-06-2026 10:03,09-06-2026 10:07,Completed
Xyz7577423,Atlas,DC,09-06-2026 10:03,09-06-2026 10:04,Completed
Xyz7577441,Atlas,DC,09-06-2026 10:03,09-06-2026 10:04,Completed
Xyz7577468,Atlas,DC,09-06-2026 10:01,09-06-2026 10:02,Completed
Xyz7577498,Atlas,DC,09-06-2026 10:02,09-06-2026 10:05,Completed
Xyz7577615,Atlas,DC,09-06-2026 10:00,09-06-2026 10:11,Completed
Xyz7577723,Atlas,DC,09-06-2026 10:02,09-06-2026 10:11,Completed
Xyz7577770,Atlas,DC,09-06-2026 10:01,09-06-2026 10:02,Completed
Xyz7577822,Atlas,DC,09-06-2026 21:01,-NA-,Expired
Xyz7577834,Atlas,DC,09-06-2026 20:59,-NA-,Expired
Xyz7578014,Atlas,DC,09-06-2026 10:02,09-06-2026 10:02,Completed
Xyz7578048,Atlas,DC,09-06-2026 10:00,09-06-2026 10:02,Completed
Xyz7578085,Atlas,DC,09-06-2026 10:00,09-06-2026 10:01,Completed
Xyz7578094,Atlas,DC,09-06-2026 10:01,09-06-2026 10:10,Completed
Xyz7578100,Atlas,DC,09-06-2026 10:00,09-06-2026 10:01,Completed
Xyz7578137,Atlas,DC,09-06-2026 21:05,-NA-,Expired
Xyz7578186,Atlas,DC,09-06-2026 10:02,09-06-2026 10:03,Completed
Xyz7578244,Atlas,DC,09-06-2026 10:03,09-06-2026 10:21,Completed
Xyz7578359,Atlas,DC,09-06-2026 10:02,-NA-,Expired
Xyz7578618,Atlas,DC,09-06-2026 10:00,09-06-2026 10:01,Completed
Xyz7578673,Atlas,DC,09-06-2026 10:01,09-06-2026 10:02,Completed
Xyz7578852,Atlas,DC,09-06-2026 10:01,09-06-2026 10:01,Completed
Xyz7578986,Atlas,DC,09-06-2026 10:01,09-06-2026 10:04,Completed
Xyz7579107,Atlas,DC,09-06-2026 10:01,09-06-2026 10:02,Completed
Xyz7579171,Atlas,DC,09-06-2026 21:00,-NA-,Expired
Xyz7579176,Atlas,DC,09-06-2026 10:01,09-06-2026 10:08,Completed
Xyz7579179,Atlas,DC,09-06-2026 10:00,09-06-2026 10:51,Completed
Xyz7579245,Atlas,DC,09-06-2026 10:02,09-06-2026 10:03,Completed
Xyz7579250,Atlas,DC,09-06-2026 10:03,09-06-2026 10:03,Completed
Xyz7579408,Atlas,DC,09-06-2026 21:03,-NA-,Expired
Xyz7579516,Atlas,DC,09-06-2026 10:03,09-06-2026 10:04,Completed
Xyz7579521,Atlas,DC,09-06-2026 10:02,09-06-2026 10:02,Completed
Xyz7579547,Atlas,DC,09-06-2026 10:04,09-06-2026 10:06,Completed
Xyz7579637,Atlas,DC,09-06-2026 10:00,09-06-2026 10:01,Completed
Xyz7579701,Atlas,DC,09-06-2026 10:03,09-06-2026 10:04,Completed
Xyz7579719,Atlas,DC,09-06-2026 21:02,-NA-,Expired
Xyz7579752,Atlas,DC,09-06-2026 10:02,09-06-2026 10:02,Completed
Xyz7579898,Atlas,DC,09-06-2026 10:03,09-06-2026 10:03,Completed
Xyz7579929,Atlas,DC,09-06-2026 10:01,09-06-2026 10:02,Completed
Xyz7579935,Atlas,DC,09-06-2026 10:01,09-06-2026 11:20,Completed
Xyz7579949,Atlas,DC,09-06-2026 10:03,09-06-2026 10:05,Completed
Xyz7580011,Atlas,DC,09-06-2026 10:03,09-06-2026 12:19,Completed
Xyz7580059,Atlas,DC,09-06-2026 10:04,09-06-2026 10:06,Completed
Xyz7580110,Atlas,DC,09-06-2026 10:03,09-06-2026 10:03,Completed
Xyz7580128,Atlas,DC,09-06-2026 10:04,09-06-2026 11:06,Completed
Xyz7580131,Atlas,DC,09-06-2026 10:01,09-06-2026 10:04,Completed
Xyz7580187,Atlas,DC,09-06-2026 10:02,09-06-2026 10:03,Completed
Xyz7580201,Atlas,DC,09-06-2026 10:02,09-06-2026 14:23,Completed
Xyz7580212,Atlas,DC,09-06-2026 10:03,09-06-2026 10:06,Completed
Xyz7580223,Atlas,DC,09-06-2026 10:01,09-06-2026 10:02,Completed
Xyz7580269,Atlas,DC,09-06-2026 10:02,09-06-2026 10:02,Completed
Xyz7580292,Atlas,DC,09-06-2026 10:03,-NA-,Expired
Xyz7580373,Atlas,DC,09-06-2026 10:01,09-06-2026 10:01,Completed
Xyz7580436,Atlas,DC,09-06-2026 10:02,09-06-2026 10:03,Completed
Xyz7580441,Atlas,DC,09-06-2026 10:02,09-06-2026 10:03,Completed
Xyz7580479,Atlas,DC,09-06-2026 10:02,09-06-2026 10:03,Completed
Xyz7580483,Atlas,DC,09-06-2026 21:04,-NA-,Expired
Xyz7580501,Atlas,DC,09-06-2026 10:03,09-06-2026 10:03,Completed
Xyz7580664,Atlas,DC,09-06-2026 10:02,09-06-2026 10:03,Completed
Xyz7580675,Atlas,DC,09-06-2026 20:59,-NA-,Expired
Xyz7580685,Atlas,DC,09-06-2026 10:03,09-06-2026 10:04,Completed
Xyz7580749,Atlas,DC,09-06-2026 10:03,-NA-,Expired
Xyz7580750,Atlas,DC,09-06-2026 20:59,-NA-,Expired
Xyz7580765,Atlas,DC,09-06-2026 21:04,-NA-,Expired
Xyz7580811,Atlas,DC,09-06-2026 10:03,09-06-2026 10:03,Completed
Xyz7580869,Atlas,DC,09-06-2026 10:01,09-06-2026 10:02,Completed
Xyz7580904,Atlas,DC,09-06-2026 10:02,09-06-2026 10:04,Completed
Xyz7580942,Atlas,DC,09-06-2026 10:02,09-06-2026 10:03,Completed
Xyz7581000,Atlas,DC,09-06-2026 10:04,09-06-2026 10:04,Completed
Xyz7581020,Atlas,DC,09-06-2026 21:03,-NA-,Expired
Xyz7581104,Atlas,DC,09-06-2026 10:03,09-06-2026 10:04,Completed
Xyz7581195,Atlas,DC,09-06-2026 10:03,09-06-2026 10:03,Completed
Xyz7581197,Atlas,DC,09-06-2026 10:03,09-06-2026 10:03,Completed
Xyz7581275,Atlas,DC,09-06-2026 10:03,09-06-2026 10:03,Completed
Xyz7581301,Atlas,DC,09-06-2026 10:03,09-06-2026 10:03,Completed
Xyz7581312,Atlas,DC,09-06-2026 10:02,09-06-2026 10:02,Completed
Xyz7581331,Atlas,DC,09-06-2026 10:02,09-06-2026 10:02,Completed
Xyz7581361,Atlas,DC,09-06-2026 20:59,-NA-,Expired
Xyz7581365,Atlas,DC,09-06-2026 10:03,-NA-,Expired
Xyz7581415,Atlas,DC,09-06-2026 10:03,09-06-2026 10:03,Completed
Xyz7581519,Atlas,DC,09-06-2026 10:03,09-06-2026 10:05,Completed
Xyz7581528,Atlas,DC,09-06-2026 10:02,09-06-2026 11:29,Completed
Xyz7581561,Atlas,DC,09-06-2026 21:04,-NA-,Expired
Xyz7581573,Atlas,DC,09-06-2026 10:01,09-06-2026 10:02,Completed
Xyz7581633,Atlas,DC,09-06-2026 10:01,09-06-2026 10:02,Completed
Xyz7581701,Atlas,DC,09-06-2026 10:02,-NA-,Expired
Xyz7581819,Atlas,DC,09-06-2026 10:01,09-06-2026 10:02,Completed
Xyz7581986,Atlas,DC,09-06-2026 10:03,09-06-2026 10:04,Completed
Xyz7582016,Atlas,DC,09-06-2026 10:00,09-06-2026 10:01,Completed
Xyz7582018,Atlas,DC,09-06-2026 10:01,09-06-2026 10:02,Completed
Xyz7582080,Atlas,DC,09-06-2026 10:01,09-06-2026 10:03,Completed
Xyz7582084,Atlas,DC,09-06-2026 10:02,09-06-2026 10:03,Completed
Xyz7582183,Atlas,DC,09-06-2026 10:02,09-06-2026 10:03,Completed
Xyz7582196,Atlas,DC,09-06-2026 10:02,09-06-2026 10:03,Completed
Xyz7582227,Atlas,DC,09-06-2026 10:00,09-06-2026 10:01,Completed
Xyz7582252,Atlas,DC,09-06-2026 10:03,09-06-2026 10:03,Completed
Xyz7582352,Atlas,DC,09-06-2026 10:01,09-06-2026 10:04,Completed
Xyz7582388,Atlas,DC,09-06-2026 10:03,09-06-2026 10:03,Completed
Xyz7582390,Atlas,DC,09-06-2026 10:03,09-06-2026 10:03,Completed
Xyz7582417,Atlas,DC,09-06-2026 10:03,09-06-2026 10:03,Completed
Xyz7582429,Atlas,DC,09-06-2026 10:03,09-06-2026 10:04,Completed
Xyz7582433,Atlas,DC,09-06-2026 10:03,09-06-2026 11:23,Completed
Xyz7582523,Atlas,DC,09-06-2026 10:03,09-06-2026 10:05,Completed
Xyz7582603,Atlas,DC,09-06-2026 10:02,09-06-2026 10:02,Completed
Xyz7582616,Atlas,DC,09-06-2026 10:02,09-06-2026 10:04,Completed
Xyz7582732,Atlas,DC,09-06-2026 10:02,09-06-2026 11:02,Completed
Xyz7582746,Atlas,DC,09-06-2026 10:02,09-06-2026 10:03,Completed
Xyz7582755,Atlas,DC,09-06-2026 10:02,09-06-2026 10:03,Completed
Xyz7582771,Atlas,DC,09-06-2026 10:01,09-06-2026 10:02,Completed
Xyz7582793,Atlas,DC,09-06-2026 10:04,09-06-2026 10:10,Completed
Xyz7582803,Atlas,DC,09-06-2026 10:03,09-06-2026 10:03,Completed
Xyz7582806,Atlas,DC,09-06-2026 10:02,-NA-,Expired
Xyz7582831,Atlas,DC,09-06-2026 10:02,09-06-2026 10:02,Completed
Xyz7582850,Atlas,DC,09-06-2026 10:03,09-06-2026 11:37,Completed
Xyz7582864,Atlas,DC,09-06-2026 10:02,09-06-2026 11:10,Completed
Xyz7582938,Atlas,DC,09-06-2026 10:02,-NA-,Expired
Xyz7582940,Atlas,DC,09-06-2026 10:01,-NA-,Expired
Xyz7583047,Atlas,DC,09-06-2026 21:04,-NA-,Expired
Xyz7583072,Atlas,DC,09-06-2026 10:03,09-06-2026 10:04,Completed
Xyz7583079,Atlas,DC,09-06-2026 10:01,09-06-2026 10:01,Completed
Xyz7583085,Atlas,DC,09-06-2026 10:00,09-06-2026 10:03,Completed
Xyz7583256,Atlas,DC,09-06-2026 10:03,09-06-2026 10:04,Completed
Xyz7583266,Atlas,DC,09-06-2026 10:01,09-06-2026 10:02,Completed
Xyz7583284,Atlas,DC,09-06-2026 10:02,09-06-2026 10:03,Completed
Xyz7583331,Atlas,DC,09-06-2026 10:01,09-06-2026 10:02,Completed
Xyz7583332,Atlas,DC,09-06-2026 10:03,09-06-2026 10:07,Completed
Xyz7583375,Atlas,DC,09-06-2026 10:02,09-06-2026 10:02,Completed
Xyz7583418,Atlas,DC,09-06-2026 10:03,09-06-2026 10:03,Completed
Xyz7583487,Atlas,DC,09-06-2026 10:04,09-06-2026 10:05,Completed
Xyz7583526,Atlas,DC,09-06-2026 10:03,09-06-2026 10:05,Completed
Xyz7583634,Atlas,DC,09-06-2026 10:03,09-06-2026 10:03,Completed
Xyz7583679,Atlas,DC,09-06-2026 10:03,09-06-2026 10:04,Completed
Xyz7583696,Atlas,DC,09-06-2026 10:02,09-06-2026 10:02,Completed
Xyz7583734,Atlas,DC,09-06-2026 10:02,09-06-2026 10:02,Completed
Xyz7583771,Atlas,DC,09-06-2026 10:02,09-06-2026 10:03,Completed
Xyz7583998,Atlas,DC,09-06-2026 10:03,09-06-2026 10:04,Completed
Xyz7584089,Atlas,DC,09-06-2026 10:03,09-06-2026 10:03,Completed
Xyz7584105,Atlas,DC,09-06-2026 10:03,09-06-2026 11:24,Completed
Xyz7584275,Atlas,DC,09-06-2026 10:01,09-06-2026 10:03,Completed
Xyz7584290,Atlas,DC,09-06-2026 10:00,09-06-2026 10:02,Completed
Xyz7584358,Atlas,DC,09-06-2026 10:03,09-06-2026 10:04,Completed
Xyz7584409,Atlas,DC,09-06-2026 21:01,-NA-,Expired
Xyz7584470,Atlas,DC,09-06-2026 21:04,-NA-,Expired
Xyz7584483,Atlas,DC,09-06-2026 10:02,09-06-2026 11:31,Completed
Xyz7584492,Atlas,DC,09-06-2026 10:02,09-06-2026 10:02,Completed
Xyz7584500,Atlas,DC,09-06-2026 10:02,09-06-2026 10:03,Completed
Xyz7584522,Atlas,DC,09-06-2026 10:02,09-06-2026 10:02,Completed
Xyz7584572,Atlas,DC,09-06-2026 10:02,09-06-2026 10:03,Completed
Xyz7584590,Atlas,DC,09-06-2026 10:01,09-06-2026 10:02,Completed
Xyz7584600,Atlas,DC,09-06-2026 10:03,09-06-2026 10:04,Completed
Xyz7584635,Atlas,DC,09-06-2026 10:03,09-06-2026 11:31,Completed
Xyz7584673,Atlas,DC,09-06-2026 10:03,09-06-2026 10:07,Completed
Xyz7584709,Atlas,DC,09-06-2026 10:03,09-06-2026 10:04,Completed
Xyz7584720,Atlas,DC,09-06-2026 10:03,09-06-2026 10:18,Completed
Xyz7584730,Atlas,DC,09-06-2026 10:03,09-06-2026 12:19,Completed
Xyz7584742,Atlas,DC,09-06-2026 10:03,09-06-2026 10:04,Completed
Xyz7584901,Atlas,DC,09-06-2026 10:01,09-06-2026 10:04,Completed
Xyz7584907,Atlas,DC,09-06-2026 10:03,09-06-2026 10:04,Completed
Xyz7584910,Atlas,DC,09-06-2026 10:03,09-06-2026 10:04,Completed
Xyz7584913,Atlas,DC,09-06-2026 10:01,09-06-2026 10:02,Completed
Xyz7584973,Atlas,DC,09-06-2026 10:03,09-06-2026 10:05,Completed
Xyz7585021,Atlas,DC,09-06-2026 21:01,-NA-,Expired
Xyz7585043,Atlas,DC,09-06-2026 21:01,-NA-,Expired
Xyz7585055,Atlas,DC,09-06-2026 21:01,-NA-,Expired
Xyz7585060,Atlas,DC,09-06-2026 10:03,09-06-2026 10:04,Completed
Xyz7585067,Atlas,DC,09-06-2026 10:02,09-06-2026 10:02,Completed
Xyz7585087,Atlas,DC,09-06-2026 21:01,-NA-,Expired
Xyz7585098,Atlas,DC,09-06-2026 21:01,-NA-,Expired
Xyz7585192,Atlas,DC,09-06-2026 10:00,09-06-2026 10:02,Completed
Xyz7585201,Atlas,DC,09-06-2026 10:02,09-06-2026 10:02,Completed
Xyz7585344,Atlas,DC,09-06-2026 10:02,09-06-2026 10:02,Completed
Xyz7585376,Atlas,DC,09-06-2026 10:03,09-06-2026 10:03,Completed
Xyz7585423,Atlas,DC,09-06-2026 10:03,09-06-2026 10:04,Completed
Xyz7585554,Atlas,DC,09-06-2026 10:02,09-06-2026 10:09,Completed
Xyz7585557,Atlas,DC,09-06-2026 10:02,09-06-2026 10:03,Completed
Xyz7585567,Atlas,DC,09-06-2026 10:03,09-06-2026 10:14,Completed
Xyz7585632,Atlas,DC,09-06-2026 10:00,09-06-2026 10:03,Completed
Xyz7585656,Atlas,DC,09-06-2026 10:02,09-06-2026 10:02,Completed
Xyz7585664,Atlas,DC,09-06-2026 10:01,09-06-2026 10:02,Completed
Xyz7585681,Atlas,DC,09-06-2026 10:03,09-06-2026 10:04,Completed
Xyz7585693,Atlas,DC,09-06-2026 10:03,09-06-2026 10:04,Completed
Xyz7585696,Atlas,DC,09-06-2026 10:01,09-06-2026 10:04,Completed
Xyz7585701,Atlas,DC,09-06-2026 10:03,09-06-2026 10:06,Completed
Xyz7585731,Atlas,DC,09-06-2026 10:03,09-06-2026 10:03,Completed
Xyz7585776,Atlas,DC,09-06-2026 10:01,09-06-2026 10:02,Completed
Xyz7585828,Atlas,DC,09-06-2026 10:00,-NA-,Expired
Xyz7585868,Atlas,DC,09-06-2026 10:02,09-06-2026 10:03,Completed
Xyz7585944,Atlas,DC,09-06-2026 10:04,09-06-2026 15:51,Completed
Xyz7586004,Atlas,DC,09-06-2026 10:03,09-06-2026 10:05,Completed
Xyz7586101,Atlas,DC,09-06-2026 10:02,09-06-2026 10:04,Completed
Xyz7586153,Atlas,DC,09-06-2026 21:04,-NA-,Expired
Xyz7586307,Atlas,DC,09-06-2026 10:03,09-06-2026 10:03,Completed
Xyz7586516,Atlas,DC,09-06-2026 10:04,09-06-2026 10:04,Completed
Xyz7586596,Atlas,DC,09-06-2026 10:04,09-06-2026 10:13,Completed
Xyz7586597,Atlas,DC,09-06-2026 10:02,09-06-2026 12:51,Completed
Xyz7586604,Atlas,DC,09-06-2026 10:03,09-06-2026 14:14,Completed
Xyz7586607,Atlas,DC,09-06-2026 21:03,09-06-2026 21:03,Completed
Xyz7586620,Atlas,DC,09-06-2026 10:03,09-06-2026 11:39,Completed
Xyz7586653,Atlas,DC,09-06-2026 21:04,-NA-,Expired
Xyz7586667,Atlas,DC,09-06-2026 21:05,-NA-,Expired
Xyz7586716,Atlas,DC,09-06-2026 10:04,09-06-2026 10:08,Completed
Xyz7586756,Atlas,DC,09-06-2026 21:02,09-06-2026 21:03,Completed
Xyz7586769,Atlas,DC,09-06-2026 21:05,09-06-2026 21:10,Completed
Xyz7586878,Atlas,DC,09-06-2026 21:00,-NA-,Expired
Xyz7586891,Atlas,DC,09-06-2026 21:01,-NA-,Expired
Xyz7586896,Atlas,DC,09-06-2026 10:01,09-06-2026 11:58,Completed
Xyz7586916,Atlas,DC,09-06-2026 10:03,09-06-2026 10:05,Completed
Xyz7586936,Atlas,DC,09-06-2026 10:02,09-06-2026 10:02,Completed
Xyz7586943,Atlas,DC,09-06-2026 10:03,09-06-2026 10:04,Completed
Xyz7586955,Atlas,DC,09-06-2026 10:03,-NA-,Expired
Xyz7587132,Atlas,DC,09-06-2026 10:02,09-06-2026 10:03,Completed
Xyz7587166,Atlas,DC,09-06-2026 10:02,09-06-2026 10:02,Completed
Xyz7587246,Atlas,DC,09-06-2026 10:04,09-06-2026 10:05,Completed
Xyz7587314,Atlas,DC,09-06-2026 10:03,09-06-2026 10:04,Completed
Xyz7587382,Atlas,DC,09-06-2026 10:02,09-06-2026 10:03,Completed
Xyz7587408,Atlas,DC,09-06-2026 10:00,09-06-2026 10:03,Completed
Xyz7587561,Atlas,DC,09-06-2026 10:02,09-06-2026 10:03,Completed
Xyz7587653,Atlas,DC,09-06-2026 10:02,09-06-2026 10:04,Completed
Xyz7587663,Atlas,DC,09-06-2026 21:00,-NA-,Expired
Xyz7587665,Atlas,DC,09-06-2026 10:03,09-06-2026 10:04,Completed
Xyz7587694,Atlas,DC,09-06-2026 10:00,09-06-2026 10:01,Completed
Xyz7587712,Atlas,DC,09-06-2026 10:02,-NA-,Expired
Xyz7587727,Atlas,DC,09-06-2026 10:01,09-06-2026 10:39,Completed
Xyz7587798,Atlas,DC,09-06-2026 10:00,09-06-2026 10:01,Completed
Xyz7587822,Atlas,DC,09-06-2026 10:02,09-06-2026 10:02,Completed
Xyz7587982,Atlas,DC,09-06-2026 10:02,09-06-2026 10:02,Completed
Xyz7587998,Atlas,DC,09-06-2026 10:03,09-06-2026 10:04,Completed
Xyz7587999,Atlas,DC,09-06-2026 10:01,09-06-2026 10:33,Completed
Xyz7588012,Atlas,DC,09-06-2026 10:03,09-06-2026 10:04,Completed
Xyz7588068,Atlas,DC,09-06-2026 10:02,09-06-2026 10:02,Completed
Xyz7588091,Atlas,DC,09-06-2026 10:00,09-06-2026 10:01,Completed
Xyz7588136,Atlas,DC,09-06-2026 10:02,09-06-2026 10:02,Completed
Xyz7588412,Atlas,DC,09-06-2026 10:03,09-06-2026 10:04,Completed
Xyz7588440,Atlas,DC,09-06-2026 10:02,09-06-2026 10:06,Completed
Xyz7588496,Atlas,DC,09-06-2026 10:03,09-06-2026 10:45,Completed
Xyz7588498,Atlas,DC,09-06-2026 10:03,09-06-2026 10:04,Completed
Xyz7588562,Atlas,DC,09-06-2026 10:03,09-06-2026 10:03,Completed
Xyz7588612,Atlas,DC,09-06-2026 10:03,09-06-2026 10:03,Completed
Xyz7588670,Atlas,DC,09-06-2026 10:00,09-06-2026 10:01,Completed
Xyz7588697,Atlas,DC,09-06-2026 21:02,-NA-,Expired
Xyz7588703,Atlas,DC,09-06-2026 10:01,-NA-,Expired
Xyz7588815,Atlas,DC,09-06-2026 10:03,09-06-2026 10:04,Completed
Xyz7588833,Atlas,DC,09-06-2026 10:01,09-06-2026 10:01,Completed
Xyz7588849,Atlas,DC,09-06-2026 10:02,09-06-2026 10:03,Completed
Xyz7588864,Atlas,DC,09-06-2026 10:03,09-06-2026 10:03,Completed
Xyz7588913,Atlas,DC,09-06-2026 21:01,-NA-,Expired
Xyz7588931,Atlas,DC,09-06-2026 10:03,-NA-,Expired
Xyz7588950,Atlas,DC,09-06-2026 21:03,-NA-,Expired
Xyz7588987,Atlas,DC,09-06-2026 10:03,09-06-2026 16:42,Completed
Xyz7589072,Atlas,DC,09-06-2026 10:03,09-06-2026 10:04,Completed
Xyz7589109,Atlas,DC,09-06-2026 10:03,09-06-2026 11:22,Completed
Xyz7589133,Atlas,DC,09-06-2026 10:03,09-06-2026 10:04,Completed
Xyz7589188,Atlas,DC,09-06-2026 10:01,09-06-2026 10:11,Completed
Xyz7589198,Atlas,DC,09-06-2026 21:01,-NA-,Expired
Xyz7589255,Atlas,DC,09-06-2026 10:03,09-06-2026 10:04,Completed
Xyz7589294,Atlas,DC,09-06-2026 10:03,09-06-2026 10:07,Completed
Xyz7589300,Atlas,DC,09-06-2026 10:03,09-06-2026 10:15,Completed
Xyz7589310,Atlas,DC,09-06-2026 21:04,-NA-,Expired
Xyz7589374,Atlas,DC,09-06-2026 10:03,-NA-,Expired
Xyz7589415,Atlas,DC,09-06-2026 10:01,09-06-2026 10:02,Completed
Xyz7589421,Atlas,DC,09-06-2026 10:03,09-06-2026 10:03,Completed
Xyz7589474,Atlas,DC,09-06-2026 10:03,09-06-2026 10:13,Completed
Xyz7589541,Atlas,DC,09-06-2026 10:03,09-06-2026 10:04,Completed
Xyz7589549,Atlas,DC,09-06-2026 10:03,09-06-2026 10:03,Completed
Xyz7589573,Atlas,DC,09-06-2026 21:02,-NA-,Expired
Xyz7589601,Atlas,DC,09-06-2026 10:02,09-06-2026 10:02,Completed
Xyz7589626,Atlas,DC,09-06-2026 10:02,-NA-,Expired
Xyz7589671,Atlas,DC,09-06-2026 10:03,09-06-2026 10:04,Completed
Xyz7589709,Atlas,DC,09-06-2026 10:02,09-06-2026 10:10,Completed
Xyz7589771,Atlas,DC,09-06-2026 10:03,09-06-2026 10:05,Completed
Xyz7589783,Atlas,DC,09-06-2026 10:03,09-06-2026 10:04,Completed
Xyz7589790,Atlas,DC,09-06-2026 10:03,09-06-2026 10:09,Completed
Xyz7589799,Atlas,DC,09-06-2026 21:03,-NA-,Expired
Xyz7589803,Atlas,DC,09-06-2026 10:03,09-06-2026 10:06,Completed
Xyz7589804,Atlas,DC,09-06-2026 10:03,09-06-2026 10:04,Completed
Xyz7589811,Atlas,DC,09-06-2026 10:02,09-06-2026 10:03,Completed
Xyz7589861,Atlas,DC,09-06-2026 10:03,09-06-2026 10:04,Completed
Xyz7589864,Atlas,DC,09-06-2026 10:03,09-06-2026 10:03,Completed
Xyz7589983,Atlas,DC,09-06-2026 10:03,09-06-2026 10:08,Completed
Xyz7590007,Atlas,DC,09-06-2026 21:02,-NA-,Expired
Xyz7590018,Atlas,DC,09-06-2026 10:03,09-06-2026 10:04,Completed
Xyz7590053,Atlas,DC,09-06-2026 10:03,09-06-2026 10:03,Completed
Xyz7590092,Atlas,DC,09-06-2026 10:02,-NA-,Expired
Xyz7590120,Atlas,DC,09-06-2026 10:03,09-06-2026 10:04,Completed
Xyz7590187,Atlas,DC,09-06-2026 10:02,09-06-2026 10:49,Completed
Xyz7590231,Atlas,DC,09-06-2026 10:03,09-06-2026 10:04,Completed
Xyz7590243,Atlas,DC,09-06-2026 10:02,09-06-2026 10:05,Completed
Xyz7590289,Atlas,DC,09-06-2026 21:00,-NA-,Expired
Xyz7590295,Atlas,DC,09-06-2026 21:07,-NA-,Expired
Xyz7590299,Atlas,DC,09-06-2026 10:03,09-06-2026 10:04,Completed
Xyz7590323,Atlas,DC,09-06-2026 10:02,09-06-2026 10:03,Completed
Xyz7590374,Atlas,DC,09-06-2026 21:01,-NA-,Expired
Xyz7590434,Atlas,DC,09-06-2026 21:05,-NA-,Expired
Xyz7590563,Atlas,DC,09-06-2026 20:59,-NA-,Expired
Xyz7590570,Atlas,DC,09-06-2026 10:01,09-06-2026 10:25,Completed
Xyz7590620,Atlas,DC,09-06-2026 10:03,09-06-2026 10:12,Completed
Xyz7590712,Atlas,DC,09-06-2026 10:03,09-06-2026 10:08,Completed
Xyz7590726,Atlas,DC,09-06-2026 10:03,09-06-2026 10:32,Completed
Xyz7590733,Atlas,DC,09-06-2026 10:00,09-06-2026 12:03,Completed
Xyz7590791,Atlas,DC,09-06-2026 10:03,09-06-2026 11:35,Completed
Xyz7590819,Atlas,DC,09-06-2026 10:03,09-06-2026 10:04,Completed
Xyz7590874,Atlas,DC,09-06-2026 10:02,09-06-2026 10:03,Completed
Xyz7590876,Atlas,DC,09-06-2026 10:03,09-06-2026 10:04,Completed
Xyz7590877,Atlas,DC,09-06-2026 10:03,09-06-2026 10:04,Completed
Xyz7590925,Atlas,DC,09-06-2026 10:03,09-06-2026 10:05,Completed
Xyz7591024,Atlas,DC,09-06-2026 10:00,09-06-2026 10:01,Completed
Xyz7591042,Atlas,DC,09-06-2026 10:02,09-06-2026 10:03,Completed
Xyz7591067,Atlas,DC,09-06-2026 10:03,09-06-2026 10:21,Completed
Xyz7591069,Atlas,DC,09-06-2026 10:02,09-06-2026 10:19,Completed
Xyz7591078,Atlas,DC,09-06-2026 10:03,09-06-2026 10:44,Completed
Xyz7591088,Atlas,DC,09-06-2026 10:02,09-06-2026 10:03,Completed
Xyz7591123,Atlas,DC,09-06-2026 10:03,09-06-2026 10:03,Completed
Xyz7591126,Atlas,DC,09-06-2026 21:03,-NA-,Expired
Xyz7591128,Atlas,DC,09-06-2026 21:01,-NA-,Expired
Xyz7591148,Atlas,DC,09-06-2026 10:03,09-06-2026 10:04,Completed
Xyz7591166,Atlas,DC,09-06-2026 10:03,09-06-2026 10:46,Completed
Xyz7591173,Atlas,DC,09-06-2026 10:03,09-06-2026 12:03,Completed
Xyz7591198,Atlas,DC,09-06-2026 21:04,-NA-,Expired
Xyz7591248,Atlas,DC,09-06-2026 21:06,-NA-,Expired
Xyz7591343,Atlas,DC,09-06-2026 10:03,09-06-2026 10:09,Completed
Xyz7591347,Atlas,DC,09-06-2026 10:03,09-06-2026 10:31,Completed
Xyz7591349,Atlas,DC,09-06-2026 21:01,-NA-,Expired
Xyz7591379,Atlas,DC,09-06-2026 10:01,09-06-2026 10:02,Completed
Xyz7591454,Atlas,DC,09-06-2026 10:02,09-06-2026 10:59,Completed
Xyz7591517,Atlas,DC,09-06-2026 10:03,09-06-2026 10:04,Completed
Xyz7591527,Atlas,DC,09-06-2026 10:03,09-06-2026 10:59,Completed
Xyz7591534,Atlas,DC,09-06-2026 10:02,09-06-2026 10:02,Completed
Xyz7591544,Atlas,DC,09-06-2026 10:02,09-06-2026 10:03,Completed
Xyz7591563,Atlas,DC,09-06-2026 10:03,-NA-,Pending
Xyz7591593,Atlas,DC,09-06-2026 10:01,09-06-2026 10:04,Completed
Xyz7591634,Atlas,DC,09-06-2026 10:03,09-06-2026 10:08,Completed
Xyz7591647,Atlas,DC,09-06-2026 10:03,09-06-2026 10:21,Completed
Xyz7591649,Atlas,DC,09-06-2026 10:01,09-06-2026 10:02,Completed
Xyz7591716,Atlas,DC,09-06-2026 10:00,09-06-2026 10:01,Completed
Xyz7591722,Atlas,DC,09-06-2026 10:03,09-06-2026 10:04,Completed
Xyz7591728,Atlas,DC,09-06-2026 10:00,09-06-2026 10:03,Completed
Xyz7591782,Atlas,DC,09-06-2026 10:03,09-06-2026 11:37,Completed
Xyz7591792,Atlas,DC,09-06-2026 10:02,09-06-2026 10:03,Completed
Xyz7591832,Atlas,DC,09-06-2026 10:01,09-06-2026 10:02,Completed
Xyz7591884,Atlas,DC,09-06-2026 10:03,09-06-2026 10:04,Completed
Xyz7591922,Atlas,DC,09-06-2026 10:01,09-06-2026 10:03,Completed
Xyz7591948,Atlas,DC,09-06-2026 21:00,-NA-,Expired
Xyz7592026,Atlas,DC,09-06-2026 10:03,09-06-2026 13:12,Completed
Xyz7592034,Atlas,DC,09-06-2026 10:03,09-06-2026 10:04,Completed
Xyz7592047,Atlas,DC,09-06-2026 10:02,09-06-2026 10:03,Completed
Xyz7592069,Atlas,DC,09-06-2026 10:01,09-06-2026 10:09,Completed
Xyz7592106,Atlas,DC,09-06-2026 10:04,09-06-2026 10:04,Completed
Xyz7592196,Atlas,DC,09-06-2026 21:00,-NA-,Expired
Xyz7592218,Atlas,DC,09-06-2026 10:03,09-06-2026 10:04,Completed
Xyz7592225,Atlas,DC,09-06-2026 10:00,09-06-2026 10:01,Completed
Xyz7592248,Atlas,DC,09-06-2026 21:03,-NA-,Expired
Xyz7592256,Atlas,DC,09-06-2026 10:02,09-06-2026 10:12,Completed
Xyz7592262,Atlas,DC,09-06-2026 21:01,-NA-,Expired
Xyz7592274,Atlas,DC,09-06-2026 10:03,09-06-2026 10:03,Completed
Xyz7592301,Atlas,DC,09-06-2026 21:05,-NA-,Expired
Xyz7592315,Atlas,DC,09-06-2026 10:02,09-06-2026 10:51,Completed
Xyz7592352,Atlas,DC,09-06-2026 10:03,09-06-2026 10:06,Completed
Xyz7592375,Atlas,DC,09-06-2026 10:00,09-06-2026 10:03,Completed
Xyz7592395,Atlas,DC,09-06-2026 10:02,09-06-2026 10:02,Completed
Xyz7592409,Atlas,DC,09-06-2026 10:03,09-06-2026 10:04,Completed
Xyz7592502,Atlas,DC,09-06-2026 21:01,-NA-,Expired
Xyz7592584,Atlas,DC,09-06-2026 10:00,09-06-2026 11:14,Completed
Xyz7592586,Atlas,DC,09-06-2026 10:03,09-06-2026 10:04,Completed
Xyz7592624,Atlas,DC,09-06-2026 10:01,09-06-2026 10:03,Completed
Xyz7592689,Atlas,DC,09-06-2026 10:02,-NA-,Expired
Xyz7592690,Atlas,DC,09-06-2026 10:00,09-06-2026 10:01,Completed
Xyz7592691,Atlas,DC,09-06-2026 10:02,09-06-2026 10:03,Completed
Xyz7592695,Atlas,DC,09-06-2026 10:02,09-06-2026 10:02,Completed
Xyz7592732,Atlas,DC,09-06-2026 10:03,09-06-2026 11:22,Completed
Xyz7592734,Atlas,DC,09-06-2026 10:03,09-06-2026 10:23,Completed
Xyz7592752,Atlas,DC,09-06-2026 10:02,09-06-2026 10:10,Completed
Xyz7592773,Atlas,DC,09-06-2026 10:03,09-06-2026 10:03,Completed
Xyz7592795,Atlas,DC,09-06-2026 10:03,09-06-2026 10:08,Completed
Xyz7592837,Atlas,DC,09-06-2026 10:03,09-06-2026 10:03,Completed
Xyz7592856,Atlas,DC,09-06-2026 10:03,09-06-2026 10:04,Completed
Xyz7592857,Atlas,DC,09-06-2026 20:59,-NA-,Expired
Xyz7592865,Atlas,DC,09-06-2026 10:03,09-06-2026 10:04,Completed
Xyz7592890,Atlas,DC,09-06-2026 10:01,09-06-2026 11:32,Completed
Xyz7592913,Atlas,DC,09-06-2026 10:02,09-06-2026 10:03,Completed
Xyz7592942,Atlas,DC,09-06-2026 10:02,09-06-2026 10:04,Completed
Xyz7592943,Atlas,DC,09-06-2026 10:02,09-06-2026 10:03,Completed
Xyz7593039,Atlas,DC,09-06-2026 10:02,09-06-2026 10:02,Completed
Xyz7593040,Atlas,DC,09-06-2026 10:02,09-06-2026 10:03,Completed
Xyz7593045,Atlas,DC,09-06-2026 21:04,-NA-,Expired
Xyz7593107,Atlas,DC,09-06-2026 10:03,09-06-2026 10:04,Completed
Xyz7593200,Atlas,DC,09-06-2026 10:01,09-06-2026 10:01,Completed
Xyz7593220,Atlas,DC,09-06-2026 10:03,09-06-2026 10:04,Completed
Xyz7593243,Atlas,DC,09-06-2026 10:00,09-06-2026 10:01,Completed
Xyz7593280,Atlas,DC,09-06-2026 10:02,09-06-2026 10:03,Completed
Xyz7593283,Atlas,DC,09-06-2026 10:01,09-06-2026 10:01,Completed
Xyz7593288,Atlas,DC,09-06-2026 10:00,09-06-2026 10:01,Completed
Xyz7593305,Atlas,DC,09-06-2026 10:02,09-06-2026 10:02,Completed
Xyz7593307,Atlas,DC,09-06-2026 10:02,09-06-2026 10:02,Completed
Xyz7593343,Atlas,DC,09-06-2026 10:02,09-06-2026 12:03,Completed
Xyz7593351,Atlas,DC,09-06-2026 10:03,09-06-2026 10:03,Completed
Xyz7593432,Atlas,DC,09-06-2026 21:02,-NA-,Expired
Xyz7593439,Atlas,DC,09-06-2026 10:03,09-06-2026 10:03,Completed
Xyz7593444,Atlas,DC,09-06-2026 10:02,09-06-2026 10:09,Completed
Xyz7593458,Atlas,DC,09-06-2026 20:59,-NA-,Expired
Xyz7593481,Atlas,DC,09-06-2026 10:01,09-06-2026 10:02,Completed
Xyz7593554,Atlas,DC,09-06-2026 10:02,09-06-2026 10:12,Completed
Xyz7593571,Atlas,DC,09-06-2026 10:01,09-06-2026 11:02,Completed
Xyz7593645,Atlas,DC,09-06-2026 21:01,-NA-,Expired
Xyz7593692,Atlas,DC,09-06-2026 20:59,-NA-,Expired
Xyz7593732,Atlas,DC,09-06-2026 21:04,-NA-,Expired
Xyz7593764,Atlas,DC,09-06-2026 10:01,09-06-2026 10:10,Completed
Xyz7593798,Atlas,DC,09-06-2026 20:59,-NA-,Expired
Xyz7593809,Atlas,DC,09-06-2026 10:03,09-06-2026 12:30,Completed
Xyz7593873,Atlas,DC,09-06-2026 10:03,09-06-2026 10:04,Completed
Xyz7593876,Atlas,DC,09-06-2026 10:03,09-06-2026 10:04,Completed
Xyz7593878,Atlas,DC,09-06-2026 10:01,09-06-2026 10:02,Completed
Xyz7593914,Atlas,DC,09-06-2026 10:01,09-06-2026 10:03,Completed
Xyz7593998,Atlas,DC,09-06-2026 10:03,09-06-2026 12:32,Completed
Xyz7594018,Atlas,DC,09-06-2026 10:03,09-06-2026 10:04,Completed
Xyz7594069,Atlas,DC,09-06-2026 10:03,09-06-2026 10:06,Completed
Xyz7594081,Atlas,DC,09-06-2026 10:03,09-06-2026 10:16,Completed
Xyz7594085,Atlas,DC,09-06-2026 10:03,09-06-2026 10:42,Completed
Xyz7594096,Atlas,DC,09-06-2026 10:03,09-06-2026 10:04,Completed
Xyz7594131,Atlas,DC,09-06-2026 10:03,09-06-2026 10:04,Completed
Xyz7594162,Atlas,DC,09-06-2026 21:03,-NA-,Expired
Xyz7594210,Atlas,DC,09-06-2026 10:03,09-06-2026 10:06,Completed
Xyz7594277,Atlas,DC,09-06-2026 10:03,09-06-2026 10:04,Completed
Xyz7594278,Atlas,DC,09-06-2026 10:01,09-06-2026 10:02,Completed
Xyz7594361,Atlas,DC,09-06-2026 10:03,-NA-,Expired
Xyz7594373,Atlas,DC,09-06-2026 10:00,09-06-2026 10:01,Completed
Xyz7594403,Atlas,DC,09-06-2026 10:02,09-06-2026 10:04,Completed
Xyz7594411,Atlas,DC,09-06-2026 10:02,09-06-2026 10:03,Completed
Xyz7594413,Atlas,DC,09-06-2026 10:03,09-06-2026 10:04,Completed
Xyz7594415,Atlas,DC,09-06-2026 10:00,09-06-2026 10:01,Completed
Xyz7594512,Atlas,DC,09-06-2026 21:02,-NA-,Expired
Xyz7594513,Atlas,DC,09-06-2026 10:02,09-06-2026 10:02,Completed
Xyz7594520,Atlas,DC,09-06-2026 10:03,09-06-2026 10:04,Completed
Xyz7594528,Atlas,DC,09-06-2026 21:04,-NA-,Expired
Xyz7594559,Atlas,DC,09-06-2026 10:03,09-06-2026 10:31,Completed
Xyz7594561,Atlas,DC,09-06-2026 21:02,-NA-,Expired
Xyz7594564,Atlas,DC,09-06-2026 10:04,09-06-2026 10:14,Completed
Xyz7594608,Atlas,DC,09-06-2026 10:02,09-06-2026 10:14,Completed
Xyz7594614,Atlas,DC,09-06-2026 21:02,-NA-,Expired
Xyz7594615,Atlas,DC,09-06-2026 21:03,-NA-,Expired
Xyz7594620,Atlas,DC,09-06-2026 10:02,09-06-2026 14:11,Completed
Xyz7594705,Atlas,DC,09-06-2026 21:04,-NA-,Expired
Xyz7594715,Atlas,DC,09-06-2026 21:03,-NA-,Expired
Xyz7594808,Atlas,DC,09-06-2026 10:01,09-06-2026 10:02,Completed
Xyz7594821,Atlas,DC,09-06-2026 10:02,09-06-2026 10:11,Completed
Xyz7594878,Atlas,DC,09-06-2026 10:03,09-06-2026 10:04,Completed
Xyz7594923,Atlas,DC,09-06-2026 10:03,09-06-2026 10:04,Completed
Xyz7594927,Atlas,DC,09-06-2026 10:02,09-06-2026 10:03,Completed
Xyz7594962,Atlas,DC,09-06-2026 10:01,09-06-2026 10:02,Completed
Xyz7594985,Atlas,DC,09-06-2026 10:01,09-06-2026 10:08,Completed
Xyz7595067,Atlas,DC,09-06-2026 10:03,09-06-2026 10:06,Completed
Xyz7595081,Atlas,DC,09-06-2026 21:01,-NA-,Expired
Xyz7595140,Atlas,DC,09-06-2026 10:01,09-06-2026 10:02,Completed
Xyz7595156,Atlas,DC,09-06-2026 10:03,09-06-2026 10:23,Completed
Xyz7595268,Atlas,DC,09-06-2026 10:02,09-06-2026 10:04,Completed
Xyz7595311,Atlas,DC,09-06-2026 10:02,09-06-2026 10:02,Completed
Xyz7595335,Atlas,DC,09-06-2026 21:01,-NA-,Expired
Xyz7595556,Atlas,DC,09-06-2026 10:02,09-06-2026 10:04,Completed
Xyz7595578,Atlas,DC,09-06-2026 10:03,09-06-2026 10:04,Completed
Xyz7595615,Atlas,DC,09-06-2026 10:00,09-06-2026 10:01,Completed
Xyz7595734,Atlas,DC,09-06-2026 10:03,09-06-2026 10:03,Completed
Xyz7595834,Atlas,DC,09-06-2026 10:02,09-06-2026 10:07,Completed
Xyz7595867,Atlas,DC,09-06-2026 10:03,09-06-2026 10:04,Completed
Xyz7595987,Atlas,DC,09-06-2026 10:03,09-06-2026 10:03,Completed
Xyz7596014,Atlas,DC,09-06-2026 10:02,09-06-2026 10:54,Completed
Xyz7596056,Atlas,DC,09-06-2026 10:02,09-06-2026 10:03,Completed
Xyz7596058,Atlas,DC,09-06-2026 10:03,09-06-2026 10:04,Completed
Xyz7596076,Atlas,DC,09-06-2026 10:03,09-06-2026 10:03,Completed
Xyz7596206,Atlas,DC,09-06-2026 10:02,09-06-2026 10:03,Completed
Xyz7596263,Atlas,DC,09-06-2026 10:02,09-06-2026 10:03,Completed
Xyz7596287,Atlas,DC,09-06-2026 10:04,09-06-2026 10:04,Completed
Xyz7596401,Atlas,DC,09-06-2026 10:01,09-06-2026 11:04,Completed
Xyz7596414,Atlas,DC,09-06-2026 10:03,09-06-2026 10:03,Completed
Xyz7596424,Atlas,DC,09-06-2026 10:02,09-06-2026 10:03,Completed
Xyz7596439,Atlas,DC,09-06-2026 10:03,09-06-2026 10:04,Completed
Xyz7596472,Atlas,DC,09-06-2026 10:00,09-06-2026 10:01,Completed
Xyz7596532,Atlas,DC,09-06-2026 10:02,09-06-2026 10:03,Completed
Xyz7596594,Atlas,DC,09-06-2026 10:00,09-06-2026 10:01,Completed
Xyz7596657,Atlas,DC,09-06-2026 10:03,09-06-2026 10:04,Completed
Xyz7596683,Atlas,DC,09-06-2026 10:03,09-06-2026 10:07,Completed
Xyz7596698,Atlas,DC,09-06-2026 10:02,09-06-2026 10:02,Completed
Xyz7596799,Atlas,DC,09-06-2026 10:00,09-06-2026 10:34,Completed
Xyz7596825,Atlas,DC,09-06-2026 21:02,-NA-,Expired
Xyz7596826,Atlas,DC,09-06-2026 10:02,-NA-,Expired
Xyz7596846,Atlas,DC,09-06-2026 10:03,09-06-2026 10:07,Completed
Xyz7596982,Atlas,DC,09-06-2026 10:03,09-06-2026 10:04,Completed
Xyz7597002,Atlas,DC,09-06-2026 21:00,-NA-,Expired
Xyz7597005,Atlas,DC,09-06-2026 10:01,09-06-2026 10:14,Completed
Xyz7597007,Atlas,DC,09-06-2026 21:01,-NA-,Expired
Xyz7597042,Atlas,DC,09-06-2026 10:02,09-06-2026 10:03,Completed
Xyz7597053,Atlas,DC,09-06-2026 10:02,09-06-2026 10:02,Completed
Xyz7597165,Atlas,DC,09-06-2026 20:59,-NA-,Expired
Xyz7597182,Atlas,DC,09-06-2026 10:02,09-06-2026 10:02,Completed
Xyz7597200,Atlas,DC,09-06-2026 10:03,09-06-2026 10:54,Completed
Xyz7597201,Atlas,DC,09-06-2026 10:03,09-06-2026 10:04,Completed
Xyz7597294,Atlas,DC,09-06-2026 10:03,09-06-2026 10:22,Completed
Xyz7597360,Atlas,DC,09-06-2026 10:01,09-06-2026 10:05,Completed
Xyz7597383,Atlas,DC,09-06-2026 10:03,09-06-2026 10:03,Completed
Xyz7597437,Atlas,DC,09-06-2026 10:03,09-06-2026 10:03,Completed
Xyz7597468,Atlas,DC,09-06-2026 10:02,-NA-,Expired
Xyz7597476,Atlas,DC,09-06-2026 10:04,09-06-2026 10:13,Completed
Xyz7597560,Atlas,DC,09-06-2026 21:01,-NA-,Expired
Xyz7597563,Atlas,DC,09-06-2026 10:02,09-06-2026 10:03,Completed
Xyz7597720,Atlas,DC,09-06-2026 10:03,09-06-2026 10:13,Completed
Xyz7597731,Atlas,DC,09-06-2026 10:02,09-06-2026 10:02,Completed
Xyz7597736,Atlas,DC,09-06-2026 21:02,-NA-,Expired
Xyz7597747,Atlas,DC,09-06-2026 10:02,09-06-2026 10:02,Completed
Xyz7597789,Atlas,DC,09-06-2026 10:03,09-06-2026 12:20,Completed
Xyz7597909,Atlas,DC,09-06-2026 10:03,-NA-,Expired
Xyz7597970,Atlas,DC,09-06-2026 10:01,09-06-2026 10:14,Completed
Xyz7598006,Atlas,DC,09-06-2026 10:03,09-06-2026 10:03,Completed
Xyz7598013,Atlas,DC,09-06-2026 21:02,-NA-,Expired
Xyz7598029,Atlas,DC,09-06-2026 10:03,09-06-2026 10:04,Completed
Xyz7598040,Atlas,DC,09-06-2026 10:03,09-06-2026 10:04,Completed
Xyz7598203,Atlas,DC,09-06-2026 10:01,09-06-2026 10:09,Completed
Xyz7598244,Atlas,DC,09-06-2026 10:02,09-06-2026 10:03,Completed
Xyz7598279,Atlas,DC,09-06-2026 21:00,-NA-,Expired
Xyz7598320,Atlas,DC,09-06-2026 10:02,09-06-2026 10:08,Completed
Xyz7598329,Atlas,DC,09-06-2026 10:02,09-06-2026 10:03,Completed
Xyz7598499,Atlas,DC,09-06-2026 10:02,09-06-2026 10:03,Completed
Xyz7598504,Atlas,DC,09-06-2026 10:03,09-06-2026 10:05,Completed
Xyz7598521,Atlas,DC,09-06-2026 10:01,09-06-2026 10:01,Completed
Xyz7598535,Atlas,DC,09-06-2026 10:03,09-06-2026 10:13,Completed
Xyz7598621,Atlas,DC,09-06-2026 10:02,-NA-,Expired
Xyz7598659,Atlas,DC,09-06-2026 10:02,09-06-2026 10:03,Completed
Xyz7598772,Atlas,DC,09-06-2026 10:03,09-06-2026 10:04,Completed
Xyz7598798,Atlas,DC,09-06-2026 10:03,09-06-2026 10:05,Completed
Xyz7598838,Atlas,DC,09-06-2026 10:04,09-06-2026 10:05,Completed
Xyz7598863,Atlas,DC,09-06-2026 10:02,09-06-2026 10:02,Completed
Xyz7598879,Atlas,DC,09-06-2026 10:03,09-06-2026 10:03,Completed
Xyz7598930,Atlas,DC,09-06-2026 21:04,-NA-,Expired
Xyz7599055,Atlas,DC,09-06-2026 10:02,09-06-2026 10:03,Completed
Xyz7599089,Atlas,DC,09-06-2026 10:03,09-06-2026 10:03,Completed
Xyz7599108,Atlas,DC,09-06-2026 10:01,09-06-2026 10:05,Completed
Xyz7599113,Atlas,DC,09-06-2026 21:00,-NA-,Expired
Xyz7599115,Atlas,DC,09-06-2026 21:01,-NA-,Expired
Xyz7599134,Atlas,DC,09-06-2026 10:02,09-06-2026 10:03,Completed
Xyz7599161,Atlas,DC,09-06-2026 10:02,09-06-2026 10:02,Completed
Xyz7599165,Atlas,DC,09-06-2026 10:01,09-06-2026 10:02,Completed
Xyz7599184,Atlas,DC,09-06-2026 10:00,09-06-2026 10:07,Completed
Xyz7599190,Atlas,DC,09-06-2026 10:02,09-06-2026 10:02,Completed
Xyz7599237,Atlas,DC,09-06-2026 10:02,09-06-2026 10:03,Completed
Xyz7599307,Atlas,DC,09-06-2026 10:03,-NA-,Expired
Xyz7599379,Atlas,DC,09-06-2026 10:04,09-06-2026 14:54,Completed
Xyz7599467,Atlas,DC,09-06-2026 21:01,-NA-,Expired
Xyz7599468,Atlas,DC,09-06-2026 20:59,-NA-,Expired
Xyz7599469,Atlas,DC,09-06-2026 21:01,-NA-,Expired
Xyz7599484,Atlas,DC,09-06-2026 10:04,09-06-2026 10:13,Completed
Xyz7599549,Atlas,DC,09-06-2026 10:03,09-06-2026 10:04,Completed
Xyz7599573,Atlas,DC,09-06-2026 10:02,09-06-2026 10:03,Completed
Xyz7599655,Atlas,DC,09-06-2026 10:04,09-06-2026 10:04,Completed
Xyz7599761,Atlas,DC,09-06-2026 10:02,09-06-2026 10:02,Completed
Xyz7599849,Atlas,DC,09-06-2026 10:03,09-06-2026 10:04,Completed
Xyz7599909,Atlas,DC,09-06-2026 10:00,-NA-,Expired
Xyz7600073,Atlas,DC,09-06-2026 10:02,09-06-2026 10:24,Completed
Xyz7600090,Atlas,DC,09-06-2026 10:03,09-06-2026 10:04,Completed
Xyz7600125,Atlas,DC,09-06-2026 10:02,09-06-2026 10:03,Completed
Xyz7600130,Atlas,DC,09-06-2026 10:02,09-06-2026 10:02,Completed
Xyz7600193,Atlas,DC,09-06-2026 10:04,09-06-2026 10:07,Completed
Xyz7600238,Atlas,DC,09-06-2026 10:00,09-06-2026 10:04,Completed
Xyz7600307,Atlas,DC,09-06-2026 10:02,09-06-2026 14:26,Completed
Xyz7600364,Atlas,DC,09-06-2026 10:03,09-06-2026 10:04,Completed
Xyz7600386,Atlas,DC,09-06-2026 10:03,09-06-2026 10:06,Completed
Xyz7600405,Atlas,DC,09-06-2026 10:03,09-06-2026 10:03,Completed
Xyz7600428,Atlas,DC,09-06-2026 21:02,-NA-,Expired
Xyz7600454,Atlas,DC,09-06-2026 10:03,09-06-2026 10:04,Completed
Xyz7600505,Atlas,DC,09-06-2026 10:03,09-06-2026 10:04,Completed
Xyz7600528,Atlas,DC,09-06-2026 10:02,09-06-2026 10:02,Completed
Xyz7600554,Atlas,DC,09-06-2026 10:03,09-06-2026 10:04,Completed
Xyz7600595,Atlas,DC,09-06-2026 10:02,09-06-2026 10:03,Completed
Xyz7600626,Atlas,DC,09-06-2026 21:01,-NA-,Expired
Xyz7600697,Atlas,DC,09-06-2026 10:01,09-06-2026 12:03,Completed
Xyz7600768,Atlas,DC,09-06-2026 10:02,09-06-2026 10:02,Completed
Xyz7600806,Atlas,DC,09-06-2026 10:01,09-06-2026 10:02,Completed
Xyz7600826,Atlas,DC,09-06-2026 10:02,09-06-2026 10:02,Completed
Xyz7600899,Atlas,DC,09-06-2026 10:03,09-06-2026 10:04,Completed
Xyz7600952,Atlas,DC,09-06-2026 21:02,-NA-,Expired
Xyz7601045,Atlas,DC,09-06-2026 10:03,09-06-2026 10:04,Completed
Xyz7601076,Atlas,DC,09-06-2026 10:03,09-06-2026 11:44,Completed
Xyz7601081,Atlas,DC,09-06-2026 10:02,09-06-2026 14:40,Completed
Xyz7601088,Atlas,DC,09-06-2026 21:00,-NA-,Expired
Xyz7601090,Atlas,DC,09-06-2026 10:03,09-06-2026 10:04,Completed
Xyz7601111,Atlas,DC,09-06-2026 21:00,-NA-,Expired
Xyz7601261,Atlas,DC,09-06-2026 10:02,09-06-2026 10:02,Completed
Xyz7601288,Atlas,DC,09-06-2026 10:03,09-06-2026 10:03,Completed
Xyz7601324,Atlas,DC,09-06-2026 10:02,09-06-2026 11:01,Completed
Xyz7601365,Atlas,DC,09-06-2026 21:02,-NA-,Expired
Xyz7601368,Atlas,DC,09-06-2026 10:03,09-06-2026 10:04,Completed
Xyz7601398,Atlas,DC,09-06-2026 10:03,09-06-2026 10:03,Completed
Xyz7601405,Atlas,DC,09-06-2026 21:00,-NA-,Expired
Xyz7601587,Atlas,DC,09-06-2026 10:02,09-06-2026 10:08,Completed
Xyz7601668,Atlas,DC,09-06-2026 10:03,09-06-2026 10:04,Completed
Xyz7601687,Atlas,DC,09-06-2026 10:02,09-06-2026 10:03,Completed
Xyz7601745,Atlas,DC,09-06-2026 10:02,09-06-2026 10:02,Completed
Xyz7601779,Atlas,DC,09-06-2026 10:00,09-06-2026 10:02,Completed
Xyz7601785,Atlas,DC,09-06-2026 10:01,09-06-2026 10:01,Completed
Xyz7601790,Atlas,DC,09-06-2026 10:02,09-06-2026 10:03,Completed
Xyz7601881,Atlas,DC,09-06-2026 21:01,-NA-,Expired
Xyz7601902,Atlas,DC,09-06-2026 10:03,-NA-,Expired
Xyz7601937,Atlas,DC,09-06-2026 10:01,09-06-2026 12:23,Completed
Xyz7601990,Atlas,DC,09-06-2026 20:59,-NA-,Expired
Xyz7602026,Atlas,DC,09-06-2026 10:01,09-06-2026 10:02,Completed
Xyz7602049,Atlas,DC,09-06-2026 10:03,09-06-2026 10:03,Completed
Xyz7602073,Atlas,DC,09-06-2026 10:03,09-06-2026 10:03,Completed
Xyz7602077,Atlas,DC,09-06-2026 10:01,09-06-2026 10:04,Completed
Xyz7602098,Atlas,DC,09-06-2026 10:02,09-06-2026 10:02,Completed
Xyz7602113,Atlas,DC,09-06-2026 10:02,09-06-2026 10:02,Completed
Xyz7602129,Atlas,DC,09-06-2026 10:03,09-06-2026 10:03,Completed
Xyz7602177,Atlas,DC,09-06-2026 10:02,09-06-2026 10:16,Completed
Xyz7602205,Atlas,DC,09-06-2026 10:02,09-06-2026 10:03,Completed
Xyz7602216,Atlas,DC,09-06-2026 10:02,09-06-2026 10:02,Completed
Xyz7602289,Atlas,DC,09-06-2026 21:00,-NA-,Expired
Xyz7602308,Atlas,DC,09-06-2026 10:02,09-06-2026 10:02,Completed
Xyz7602336,Atlas,DC,09-06-2026 10:01,09-06-2026 10:01,Completed
Xyz7602359,Atlas,DC,09-06-2026 10:03,09-06-2026 10:03,Completed
Xyz7602363,Atlas,DC,09-06-2026 21:01,-NA-,Expired
Xyz7602368,Atlas,DC,09-06-2026 10:03,09-06-2026 10:03,Completed
Xyz7602480,Atlas,DC,09-06-2026 21:00,-NA-,Expired
Xyz7602495,Atlas,DC,09-06-2026 10:03,09-06-2026 10:03,Completed
Xyz7602524,Atlas,DC,09-06-2026 10:03,09-06-2026 10:03,Completed
Xyz7602527,Atlas,DC,09-06-2026 10:02,09-06-2026 10:02,Completed
Xyz7602542,Atlas,DC,09-06-2026 10:02,09-06-2026 10:03,Completed
Xyz7602586,Atlas,DC,09-06-2026 10:02,09-06-2026 10:02,Completed
Xyz7602610,Atlas,DC,09-06-2026 21:02,-NA-,Expired
Xyz7602634,Atlas,DC,09-06-2026 10:04,09-06-2026 10:05,Completed
Xyz7602641,Atlas,DC,09-06-2026 10:01,09-06-2026 10:02,Completed
Xyz7602658,Atlas,DC,09-06-2026 10:02,09-06-2026 10:03,Completed
Xyz7602666,Atlas,DC,09-06-2026 10:03,09-06-2026 10:03,Completed
Xyz7602669,Atlas,DC,09-06-2026 10:03,09-06-2026 10:04,Completed
Xyz7602685,Atlas,DC,09-06-2026 10:02,09-06-2026 10:03,Completed
Xyz7602687,Atlas,DC,09-06-2026 10:01,09-06-2026 10:02,Completed
Xyz7602703,Atlas,DC,09-06-2026 10:03,09-06-2026 10:03,Completed
Xyz7602705,Atlas,DC,09-06-2026 10:01,09-06-2026 10:04,Completed
Xyz7602780,Atlas,DC,09-06-2026 10:02,09-06-2026 10:03,Completed
Xyz7602795,Atlas,DC,09-06-2026 10:03,-NA-,Expired
Xyz7602833,Atlas,DC,09-06-2026 10:01,09-06-2026 10:44,Completed
Xyz7602846,Atlas,DC,09-06-2026 10:03,09-06-2026 10:03,Completed
Xyz7602933,Atlas,DC,09-06-2026 10:02,09-06-2026 10:13,Completed
Xyz7603024,Atlas,DC,09-06-2026 10:02,09-06-2026 10:02,Completed
Xyz7603105,Atlas,DC,09-06-2026 10:01,09-06-2026 10:01,Completed
Xyz7603144,Atlas,DC,09-06-2026 10:01,09-06-2026 10:05,Completed
Xyz7603175,Atlas,DC,09-06-2026 10:03,09-06-2026 10:04,Completed
Xyz7603181,Atlas,DC,09-06-2026 10:01,09-06-2026 10:23,Completed
Xyz7603185,Atlas,DC,09-06-2026 10:02,09-06-2026 10:03,Completed
Xyz7603206,Atlas,DC,09-06-2026 10:04,09-06-2026 10:05,Completed
Xyz7603305,Atlas,DC,09-06-2026 10:03,09-06-2026 14:32,Completed
Xyz7603311,Atlas,DC,09-06-2026 10:03,-NA-,Expired
Xyz7603314,Atlas,DC,09-06-2026 20:59,-NA-,Expired
Xyz7603343,Atlas,DC,09-06-2026 10:03,09-06-2026 10:03,Completed
Xyz7603349,Atlas,DC,09-06-2026 10:00,09-06-2026 10:01,Completed
Xyz7603366,Atlas,DC,09-06-2026 10:03,09-06-2026 10:03,Completed
Xyz7603408,Atlas,DC,09-06-2026 21:00,-NA-,Expired
Xyz7603421,Atlas,DC,09-06-2026 10:02,09-06-2026 10:02,Completed
Xyz7603525,Atlas,DC,09-06-2026 21:00,-NA-,Expired
Xyz7603528,Atlas,DC,09-06-2026 21:00,-NA-,Expired
Xyz7603537,Atlas,DC,09-06-2026 10:02,09-06-2026 10:03,Completed
Xyz7603546,Atlas,DC,09-06-2026 10:03,09-06-2026 10:06,Completed
Xyz7603550,Atlas,DC,09-06-2026 10:03,09-06-2026 10:09,Completed
Xyz7603551,Atlas,DC,09-06-2026 10:02,09-06-2026 10:10,Completed
Xyz7603700,Atlas,DC,09-06-2026 10:03,09-06-2026 10:03,Completed
Xyz7603733,Atlas,DC,09-06-2026 10:01,09-06-2026 10:02,Completed
Xyz7603742,Atlas,DC,09-06-2026 10:03,09-06-2026 10:03,Completed
Xyz7603755,Atlas,DC,09-06-2026 10:03,09-06-2026 10:03,Completed
Xyz7603817,Atlas,DC,09-06-2026 10:03,09-06-2026 11:42,Completed
Xyz7603831,Atlas,DC,09-06-2026 10:00,09-06-2026 10:01,Completed
Xyz7603928,Atlas,DC,09-06-2026 10:03,09-06-2026 10:04,Completed
Xyz7604006,Atlas,DC,09-06-2026 10:02,09-06-2026 10:02,Completed
Xyz7604039,Atlas,DC,09-06-2026 10:02,09-06-2026 10:03,Completed
Xyz7604097,Atlas,DC,09-06-2026 10:03,09-06-2026 10:04,Completed
Xyz7604118,Atlas,DC,09-06-2026 10:03,09-06-2026 11:58,Completed
Xyz7604146,Atlas,DC,09-06-2026 21:02,-NA-,Expired
Xyz7604167,Atlas,DC,09-06-2026 10:03,09-06-2026 10:04,Completed
Xyz7604200,Atlas,DC,09-06-2026 10:03,09-06-2026 10:04,Completed
Xyz7604214,Atlas,DC,09-06-2026 10:02,09-06-2026 10:02,Completed
Xyz7604235,Atlas,DC,09-06-2026 10:01,09-06-2026 10:03,Completed
Xyz7604263,Atlas,DC,09-06-2026 10:03,09-06-2026 10:04,Completed
Xyz7604277,Atlas,DC,09-06-2026 10:03,09-06-2026 10:03,Completed
Xyz7604289,Atlas,DC,09-06-2026 10:02,09-06-2026 10:05,Completed
Xyz7604290,Atlas,DC,09-06-2026 10:03,09-06-2026 10:04,Completed
Xyz7604292,Atlas,DC,09-06-2026 10:03,09-06-2026 10:21,Completed
Xyz7604298,Atlas,DC,09-06-2026 10:01,09-06-2026 10:01,Completed
Xyz7604336,Atlas,DC,09-06-2026 10:03,09-06-2026 10:04,Completed
Xyz7604348,Atlas,DC,09-06-2026 10:03,09-06-2026 10:03,Completed
Xyz7604365,Atlas,DC,09-06-2026 10:03,09-06-2026 10:05,Completed
Xyz7604449,Atlas,DC,09-06-2026 10:02,09-06-2026 11:20,Completed
Xyz7604461,Atlas,DC,09-06-2026 10:02,09-06-2026 10:02,Completed
Xyz7604482,Atlas,DC,09-06-2026 10:02,09-06-2026 10:05,Completed
Xyz7604501,Atlas,DC,09-06-2026 10:02,09-06-2026 10:03,Completed
Xyz7604507,Atlas,DC,09-06-2026 10:00,09-06-2026 10:01,Completed
Xyz7604513,Atlas,DC,09-06-2026 10:00,09-06-2026 10:11,Completed
Xyz7604528,Atlas,DC,09-06-2026 10:03,09-06-2026 10:04,Completed
Xyz7604535,Atlas,DC,09-06-2026 10:03,09-06-2026 10:03,Completed
Xyz7604560,Atlas,DC,09-06-2026 10:03,09-06-2026 10:04,Completed
Xyz7604561,Atlas,DC,09-06-2026 10:04,09-06-2026 10:06,Completed
Xyz7604627,Atlas,DC,09-06-2026 10:02,09-06-2026 10:04,Completed
Xyz7604648,Atlas,DC,09-06-2026 10:03,09-06-2026 10:03,Completed
Xyz7604678,Atlas,DC,09-06-2026 10:01,-NA-,Expired
Xyz7604708,Atlas,DC,09-06-2026 10:01,09-06-2026 10:02,Completed
Xyz7604710,Atlas,DC,09-06-2026 10:01,09-06-2026 10:02,Completed
Xyz7604739,Atlas,DC,09-06-2026 10:03,09-06-2026 10:03,Completed
Xyz7604789,Atlas,DC,09-06-2026 10:03,09-06-2026 10:04,Completed
Xyz7604793,Atlas,DC,09-06-2026 10:01,09-06-2026 10:04,Completed
Xyz7604830,Atlas,DC,09-06-2026 10:03,09-06-2026 10:03,Completed
Xyz7604901,Atlas,DC,09-06-2026 10:03,09-06-2026 10:03,Completed
Xyz7604991,Atlas,DC,09-06-2026 10:03,09-06-2026 10:12,Completed
Xyz7604993,Atlas,DC,09-06-2026 10:03,09-06-2026 10:06,Completed
Xyz7605010,Atlas,DC,09-06-2026 10:02,09-06-2026 10:08,Completed
Xyz7605122,Atlas,DC,09-06-2026 21:03,-NA-,Expired
Xyz7605124,Atlas,DC,09-06-2026 20:59,-NA-,Expired
Xyz7605146,Atlas,DC,09-06-2026 10:04,09-06-2026 10:04,Completed
Xyz7605213,Atlas,DC,09-06-2026 10:01,09-06-2026 10:35,Completed
Xyz7605229,Atlas,DC,09-06-2026 10:01,-NA-,Expired
Xyz7605290,Atlas,DC,09-06-2026 10:01,09-06-2026 16:47,Completed
Xyz7605300,Atlas,DC,09-06-2026 10:03,09-06-2026 10:03,Completed
Xyz7605493,Atlas,DC,09-06-2026 10:01,09-06-2026 10:04,Completed
Xyz7605536,Atlas,DC,09-06-2026 21:02,-NA-,Expired
Xyz7605562,Atlas,DC,09-06-2026 10:02,09-06-2026 10:02,Completed
Xyz7605596,Atlas,DC,09-06-2026 10:03,09-06-2026 10:04,Completed
Xyz7605605,Atlas,DC,09-06-2026 10:03,09-06-2026 10:05,Completed
Xyz7605638,Atlas,DC,09-06-2026 10:03,09-06-2026 10:03,Completed
Xyz7605663,Atlas,DC,09-06-2026 10:01,09-06-2026 10:02,Completed
Xyz7605674,Atlas,DC,09-06-2026 10:02,09-06-2026 10:05,Completed
Xyz7605689,Atlas,DC,09-06-2026 20:59,-NA-,Expired
Xyz7605696,Atlas,DC,09-06-2026 10:01,-NA-,Expired
Xyz7605728,Atlas,DC,09-06-2026 10:03,09-06-2026 10:15,Completed
Xyz7605785,Atlas,DC,09-06-2026 10:03,09-06-2026 10:03,Completed
Xyz7605801,Atlas,DC,09-06-2026 10:02,09-06-2026 10:03,Completed
Xyz7605871,Atlas,DC,09-06-2026 10:02,09-06-2026 10:03,Completed
Xyz7605898,Atlas,DC,09-06-2026 10:03,09-06-2026 14:22,Completed
Xyz7605933,Atlas,DC,09-06-2026 10:03,09-06-2026 10:03,Completed
Xyz7605973,Atlas,DC,09-06-2026 10:02,09-06-2026 11:24,Completed
Xyz7606026,Atlas,DC,09-06-2026 10:01,09-06-2026 10:02,Completed
Xyz7606033,Atlas,DC,09-06-2026 10:03,09-06-2026 10:04,Completed
Xyz7606159,Atlas,DC,09-06-2026 10:02,09-06-2026 10:02,Completed
Xyz7606163,Atlas,DC,09-06-2026 10:03,09-06-2026 10:04,Completed
Xyz7606169,Atlas,DC,09-06-2026 10:03,09-06-2026 10:04,Completed
Xyz7606201,Atlas,DC,09-06-2026 21:04,-NA-,Expired
Xyz7606206,Atlas,DC,09-06-2026 10:03,09-06-2026 10:04,Completed
Xyz7606284,Atlas,DC,09-06-2026 10:02,09-06-2026 10:02,Completed
Xyz7606321,Atlas,DC,09-06-2026 10:03,09-06-2026 10:04,Completed
Xyz7606421,Atlas,DC,09-06-2026 10:03,09-06-2026 10:03,Completed
Xyz7606425,Atlas,DC,09-06-2026 10:01,09-06-2026 10:01,Completed
Xyz7606428,Atlas,DC,09-06-2026 10:01,09-06-2026 10:02,Completed
Xyz7606432,Atlas,DC,09-06-2026 10:00,09-06-2026 10:01,Completed
Xyz7606433,Atlas,DC,09-06-2026 10:03,09-06-2026 10:04,Completed
Xyz7606555,Atlas,DC,09-06-2026 10:01,09-06-2026 10:34,Completed
Xyz7606559,Atlas,DC,09-06-2026 10:03,09-06-2026 10:31,Completed
Xyz7606566,Atlas,DC,09-06-2026 20:59,-NA-,Expired
Xyz7606597,Atlas,DC,09-06-2026 21:02,-NA-,Expired
Xyz7606639,Atlas,DC,09-06-2026 21:02,-NA-,Expired
Xyz7606657,Atlas,DC,09-06-2026 10:01,09-06-2026 11:58,Completed
Xyz7606658,Atlas,DC,09-06-2026 10:01,09-06-2026 12:11,Completed
Xyz7606709,Atlas,DC,09-06-2026 10:02,09-06-2026 10:03,Completed
Xyz7606722,Atlas,DC,09-06-2026 10:02,09-06-2026 10:03,Completed
Xyz7606733,Atlas,DC,09-06-2026 10:01,09-06-2026 10:02,Completed
Xyz7606746,Atlas,DC,09-06-2026 10:03,09-06-2026 10:03,Completed
Xyz7606871,Atlas,DC,09-06-2026 10:01,09-06-2026 10:15,Completed
Xyz7606937,Atlas,DC,09-06-2026 10:03,09-06-2026 10:05,Completed
Xyz7606940,Atlas,DC,09-06-2026 10:04,09-06-2026 10:05,Completed
Xyz7606943,Atlas,DC,09-06-2026 10:02,09-06-2026 10:03,Completed
Xyz7606944,Atlas,DC,09-06-2026 10:02,09-06-2026 10:02,Completed
Xyz7606961,Atlas,DC,09-06-2026 10:02,09-06-2026 10:02,Completed
Xyz7607065,Atlas,DC,09-06-2026 10:02,09-06-2026 10:03,Completed
Xyz7607125,Atlas,DC,09-06-2026 10:03,09-06-2026 10:06,Completed
Xyz7607171,Atlas,DC,09-06-2026 10:02,09-06-2026 10:03,Completed
Xyz7607203,Atlas,DC,09-06-2026 10:03,09-06-2026 10:31,Completed
Xyz7607246,Atlas,DC,09-06-2026 10:04,09-06-2026 10:04,Completed
Xyz7607248,Atlas,DC,09-06-2026 10:02,09-06-2026 10:03,Completed
Xyz7607253,Atlas,DC,09-06-2026 10:00,09-06-2026 10:02,Completed
Xyz7607254,Atlas,DC,09-06-2026 10:00,09-06-2026 10:02,Completed
Xyz7607316,Atlas,DC,09-06-2026 10:01,09-06-2026 10:02,Completed
Xyz7607342,Atlas,DC,09-06-2026 10:00,09-06-2026 10:01,Completed
Xyz7607505,Atlas,DC,09-06-2026 10:01,09-06-2026 10:01,Completed
Xyz7607512,Atlas,DC,09-06-2026 10:01,09-06-2026 10:02,Completed
Xyz7607587,Atlas,DC,09-06-2026 10:00,09-06-2026 10:02,Completed
Xyz7607613,Atlas,DC,09-06-2026 10:03,09-06-2026 10:03,Completed
Xyz7607620,Atlas,DC,09-06-2026 10:03,09-06-2026 10:04,Completed
Xyz7607621,Atlas,DC,09-06-2026 10:01,09-06-2026 10:02,Completed
Xyz7607623,Atlas,DC,09-06-2026 10:02,09-06-2026 10:03,Completed
Xyz7607654,Atlas,DC,09-06-2026 10:03,-NA-,Expired
Xyz7607669,Atlas,DC,09-06-2026 10:04,09-06-2026 10:05,Completed
Xyz7607683,Atlas,DC,09-06-2026 21:01,-NA-,Expired
Xyz7607684,Atlas,DC,09-06-2026 20:59,-NA-,Expired
Xyz7607699,Atlas,DC,09-06-2026 10:02,09-06-2026 10:03,Completed
Xyz7607748,Atlas,DC,09-06-2026 10:00,09-06-2026 10:01,Completed
Xyz7607757,Atlas,DC,09-06-2026 21:00,-NA-,Expired
Xyz7607759,Atlas,DC,09-06-2026 10:00,09-06-2026 10:01,Completed
Xyz7607760,Atlas,DC,09-06-2026 10:02,09-06-2026 10:03,Completed
Xyz7607806,Atlas,DC,09-06-2026 10:04,09-06-2026 10:04,Completed
Xyz7607814,Atlas,DC,09-06-2026 21:01,-NA-,Expired
Xyz7607856,Atlas,DC,09-06-2026 10:00,09-06-2026 10:05,Completed
Xyz7607913,Atlas,DC,09-06-2026 10:00,09-06-2026 10:01,Completed
Xyz7607938,Atlas,DC,09-06-2026 10:03,09-06-2026 10:04,Completed
Xyz7607941,Atlas,DC,09-06-2026 10:02,09-06-2026 10:03,Completed
Xyz7607954,Atlas,DC,09-06-2026 10:01,09-06-2026 10:02,Completed
Xyz7607975,Atlas,DC,09-06-2026 10:02,09-06-2026 10:03,Completed
Xyz7608023,Atlas,DC,09-06-2026 10:03,09-06-2026 10:03,Completed
Xyz7608034,Atlas,DC,09-06-2026 10:02,09-06-2026 10:03,Completed
Xyz7608069,Atlas,DC,09-06-2026 10:03,09-06-2026 10:05,Completed
Xyz7608072,Atlas,DC,09-06-2026 10:03,09-06-2026 10:04,Completed
Xyz7608075,Atlas,DC,09-06-2026 10:03,09-06-2026 10:04,Completed
Xyz7608131,Atlas,DC,09-06-2026 10:02,09-06-2026 10:03,Completed
Xyz7608146,Atlas,DC,09-06-2026 21:01,-NA-,Expired
Xyz7608150,Atlas,DC,09-06-2026 10:02,09-06-2026 10:05,Completed
Xyz7608187,Atlas,DC,09-06-2026 10:02,09-06-2026 10:02,Completed
Xyz7608218,Atlas,DC,09-06-2026 10:04,09-06-2026 10:04,Completed
Xyz7608230,Atlas,DC,09-06-2026 10:00,09-06-2026 10:01,Completed
Xyz7608239,Atlas,DC,09-06-2026 10:01,09-06-2026 10:01,Completed
Xyz7608248,Atlas,DC,09-06-2026 10:03,10-06-2026 09:01,Completed
Xyz7608250,Atlas,DC,09-06-2026 10:00,09-06-2026 10:01,Completed
Xyz7608285,Atlas,DC,09-06-2026 10:01,09-06-2026 10:09,Completed
Xyz7608304,Atlas,DC,09-06-2026 10:00,09-06-2026 10:01,Completed
Xyz7608321,Atlas,DC,09-06-2026 10:00,09-06-2026 10:03,Completed
Xyz7608345,Atlas,DC,09-06-2026 10:00,09-06-2026 10:01,Completed
Xyz7608348,Atlas,DC,09-06-2026 10:00,09-06-2026 10:01,Completed
Xyz7608416,Atlas,DC,09-06-2026 10:03,09-06-2026 10:04,Completed
Xyz7608429,Atlas,DC,09-06-2026 10:03,09-06-2026 10:04,Completed
Xyz7608469,Atlas,DC,09-06-2026 10:00,-NA-,Expired
Xyz7608478,Atlas,DC,09-06-2026 21:07,-NA-,Expired
Xyz7608490,Atlas,DC,09-06-2026 10:04,09-06-2026 10:09,Completed
Xyz7608539,Atlas,DC,09-06-2026 10:00,09-06-2026 10:01,Completed
Xyz7608572,Atlas,DC,09-06-2026 10:01,09-06-2026 10:02,Completed
Xyz7608577,Atlas,DC,09-06-2026 10:00,09-06-2026 10:09,Completed
Xyz7608597,Atlas,DC,09-06-2026 10:02,09-06-2026 10:03,Completed
Xyz7608598,Atlas,DC,09-06-2026 10:00,09-06-2026 10:01,Completed
Xyz7608624,Atlas,DC,09-06-2026 10:03,09-06-2026 10:04,Completed
Xyz7608638,Atlas,DC,09-06-2026 10:03,09-06-2026 10:04,Completed
Xyz7608653,Atlas,DC,09-06-2026 10:00,09-06-2026 10:02,Completed
Xyz7608699,Atlas,DC,09-06-2026 10:03,09-06-2026 10:04,Completed
Xyz7608705,Atlas,DC,09-06-2026 10:01,09-06-2026 10:01,Completed
Xyz7608710,Atlas,DC,09-06-2026 10:02,09-06-2026 10:03,Completed
Xyz7608730,Atlas,DC,09-06-2026 10:01,09-06-2026 10:02,Completed
Xyz7608746,Atlas,DC,09-06-2026 10:01,09-06-2026 10:02,Completed
Xyz7608758,Atlas,DC,09-06-2026 10:02,09-06-2026 10:03,Completed
Xyz7608831,Atlas,DC,09-06-2026 10:02,09-06-2026 10:03,Completed
Xyz7608849,Atlas,DC,09-06-2026 10:02,09-06-2026 10:02,Completed
Xyz7608856,Atlas,DC,09-06-2026 10:00,09-06-2026 10:03,Completed
Xyz7608892,Atlas,DC,09-06-2026 10:01,-NA-,Expired
Xyz7608908,Atlas,DC,09-06-2026 10:03,09-06-2026 10:03,Completed
Xyz7608918,Atlas,DC,09-06-2026 10:02,09-06-2026 10:03,Completed
Xyz7608920,Atlas,DC,09-06-2026 10:00,09-06-2026 10:01,Completed
Xyz7608921,Atlas,DC,09-06-2026 10:04,09-06-2026 10:05,Completed
Xyz7608939,Atlas,DC,09-06-2026 10:03,09-06-2026 10:04,Completed
Xyz7608964,Atlas,DC,09-06-2026 10:01,09-06-2026 10:02,Completed
Xyz7608967,Atlas,DC,09-06-2026 10:01,09-06-2026 10:01,Completed
Xyz7608986,Atlas,DC,09-06-2026 10:04,09-06-2026 10:05,Completed
Xyz7608991,Atlas,DC,09-06-2026 10:03,09-06-2026 10:04,Completed
Xyz7608992,Atlas,DC,09-06-2026 10:01,09-06-2026 10:09,Completed
Xyz7608996,Atlas,DC,09-06-2026 10:01,09-06-2026 10:01,Completed
Xyz7608999,Atlas,DC,09-06-2026 10:00,09-06-2026 10:02,Completed
Xyz7609019,Atlas,DC,09-06-2026 10:03,09-06-2026 10:17,Completed
Xyz7609040,Atlas,DC,09-06-2026 10:02,09-06-2026 10:03,Completed
Xyz7609049,Atlas,DC,09-06-2026 10:03,-NA-,Expired
Xyz7609115,Atlas,DC,09-06-2026 21:04,-NA-,Expired
Xyz7609164,Atlas,DC,09-06-2026 10:01,09-06-2026 10:13,Completed
Xyz7609175,Atlas,DC,09-06-2026 10:02,09-06-2026 10:02,Completed
Xyz7609244,Atlas,DC,09-06-2026 10:01,09-06-2026 11:16,Completed
Xyz7609349,Atlas,DC,09-06-2026 10:00,09-06-2026 10:01,Completed
Xyz7609356,Atlas,DC,09-06-2026 10:01,09-06-2026 10:02,Completed
Xyz7609379,Atlas,DC,09-06-2026 10:03,09-06-2026 10:04,Completed
Xyz7609391,Atlas,DC,09-06-2026 10:02,09-06-2026 10:02,Completed
Xyz7609414,Atlas,DC,09-06-2026 10:03,09-06-2026 10:03,Completed
Xyz7609418,Atlas,DC,09-06-2026 10:02,09-06-2026 10:03,Completed
Xyz7609423,Atlas,DC,09-06-2026 10:00,09-06-2026 10:01,Completed
Xyz7609476,Atlas,DC,09-06-2026 10:02,09-06-2026 10:03,Completed
Xyz7609477,Atlas,DC,09-06-2026 10:03,09-06-2026 10:04,Completed
Xyz7609500,Atlas,DC,09-06-2026 10:04,09-06-2026 12:36,Completed
Xyz7609508,Atlas,DC,09-06-2026 10:01,09-06-2026 10:13,Completed
Xyz7609509,Atlas,DC,09-06-2026 10:04,09-06-2026 10:13,Completed
Xyz7609532,Atlas,DC,09-06-2026 10:02,09-06-2026 10:02,Completed
Xyz7609572,Atlas,DC,09-06-2026 10:03,09-06-2026 10:15,Completed
Xyz7609589,Atlas,DC,09-06-2026 21:04,-NA-,Expired
Xyz7609667,Atlas,DC,09-06-2026 10:01,09-06-2026 10:05,Completed
Xyz7609694,Atlas,DC,09-06-2026 10:01,09-06-2026 10:13,Completed
Xyz7609713,Atlas,DC,09-06-2026 10:02,09-06-2026 10:13,Completed
Xyz7609734,Atlas,DC,09-06-2026 10:01,09-06-2026 10:02,Completed
Xyz7609765,Atlas,DC,09-06-2026 10:04,-NA-,Expired
Xyz7609772,Atlas,DC,09-06-2026 21:02,-NA-,Expired
Xyz7609777,Atlas,DC,09-06-2026 10:02,09-06-2026 10:02,Completed
Xyz7609780,Atlas,DC,09-06-2026 10:03,09-06-2026 10:04,Completed
Xyz7609845,Atlas,DC,09-06-2026 10:03,09-06-2026 10:04,Completed
Xyz7609867,Atlas,DC,09-06-2026 10:02,09-06-2026 11:23,Completed
Xyz7609875,Atlas,DC,09-06-2026 10:02,09-06-2026 10:02,Completed
Xyz7609876,Atlas,DC,09-06-2026 10:01,09-06-2026 10:02,Completed
Xyz7609879,Atlas,DC,09-06-2026 10:03,09-06-2026 10:36,Completed
Xyz7609880,Atlas,DC,09-06-2026 10:02,09-06-2026 10:10,Completed
Xyz7609906,Atlas,DC,09-06-2026 10:01,09-06-2026 10:02,Completed
Xyz7609907,Atlas,DC,09-06-2026 10:01,09-06-2026 10:01,Completed
Xyz7609917,Atlas,DC,09-06-2026 21:03,-NA-,Expired
Xyz7609959,Atlas,DC,09-06-2026 10:03,09-06-2026 10:03,Completed
Xyz7610012,Atlas,DC,09-06-2026 10:03,09-06-2026 10:05,Completed
Xyz7610020,Atlas,DC,09-06-2026 10:03,09-06-2026 10:03,Completed
Xyz7610021,Atlas,DC,09-06-2026 10:03,09-06-2026 10:04,Completed
Xyz7610025,Atlas,DC,09-06-2026 10:03,09-06-2026 10:03,Completed
Xyz7610026,Atlas,DC,09-06-2026 20:59,-NA-,Expired
Xyz7610029,Atlas,DC,09-06-2026 10:03,09-06-2026 10:13,Completed
Xyz7610045,Atlas,DC,09-06-2026 10:01,09-06-2026 10:02,Completed
Xyz7610074,Atlas,DC,09-06-2026 10:02,09-06-2026 10:02,Completed
Xyz7610118,Atlas,DC,09-06-2026 10:00,09-06-2026 10:01,Completed
Xyz7610122,Atlas,DC,09-06-2026 10:02,09-06-2026 10:02,Completed
Xyz7610133,Atlas,DC,09-06-2026 10:00,09-06-2026 10:02,Completed
Xyz7610143,Atlas,DC,09-06-2026 10:03,09-06-2026 10:04,Completed
Xyz7610144,Atlas,DC,09-06-2026 10:03,09-06-2026 10:37,Completed
Xyz7610157,Atlas,DC,09-06-2026 10:02,09-06-2026 10:03,Completed
Xyz7610172,Atlas,DC,09-06-2026 10:02,09-06-2026 10:03,Completed
Xyz7610176,Atlas,DC,09-06-2026 10:04,09-06-2026 10:04,Completed
Xyz7610182,Atlas,DC,09-06-2026 10:03,09-06-2026 10:04,Completed
Xyz7610193,Atlas,DC,09-06-2026 10:03,09-06-2026 10:11,Completed
Xyz7610227,Atlas,DC,09-06-2026 10:00,09-06-2026 10:01,Completed
Xyz7610251,Atlas,DC,09-06-2026 10:03,09-06-2026 10:04,Completed
Xyz7610254,Atlas,DC,09-06-2026 10:02,09-06-2026 10:02,Completed
Xyz7610288,Atlas,DC,09-06-2026 10:03,09-06-2026 10:08,Completed
Xyz7610312,Atlas,DC,09-06-2026 10:03,09-06-2026 10:06,Completed
Xyz7610326,Atlas,DC,09-06-2026 10:03,09-06-2026 10:03,Completed
Xyz7610341,Atlas,DC,09-06-2026 10:03,09-06-2026 10:04,Completed
Xyz7610367,Atlas,DC,09-06-2026 10:02,09-06-2026 10:03,Completed
Xyz7610392,Atlas,DC,09-06-2026 10:04,09-06-2026 10:17,Completed
Xyz7610406,Atlas,DC,09-06-2026 10:01,09-06-2026 10:11,Completed
Xyz7610408,Atlas,DC,09-06-2026 10:03,09-06-2026 10:03,Completed
Xyz7610450,Atlas,DC,09-06-2026 10:02,09-06-2026 10:03,Completed
Xyz7610451,Atlas,DC,09-06-2026 10:02,09-06-2026 10:03,Completed
Xyz7610452,Atlas,DC,09-06-2026 10:02,09-06-2026 10:03,Completed
Xyz7610454,Atlas,DC,09-06-2026 21:01,-NA-,Expired
Xyz7610456,Atlas,DC,09-06-2026 10:02,09-06-2026 10:07,Completed
Xyz7610458,Atlas,DC,09-06-2026 10:02,09-06-2026 10:03,Completed
Xyz7610459,Atlas,DC,09-06-2026 10:01,09-06-2026 10:03,Completed
Xyz7610468,Atlas,DC,09-06-2026 10:00,09-06-2026 10:01,Completed
Xyz7610469,Atlas,DC,09-06-2026 10:02,09-06-2026 10:03,Completed
Xyz7610473,Atlas,DC,09-06-2026 10:00,09-06-2026 10:01,Completed
Xyz7610486,Atlas,DC,09-06-2026 10:03,09-06-2026 10:03,Completed
Xyz7610498,Atlas,DC,09-06-2026 10:02,09-06-2026 10:03,Completed
Xyz7610505,Atlas,DC,09-06-2026 10:03,09-06-2026 10:04,Completed
Xyz7610523,Atlas,DC,09-06-2026 10:03,-NA-,Expired
Xyz7610531,Atlas,DC,09-06-2026 14:53,-NA-,Expired
Xyz7610574,Atlas,DC,09-06-2026 10:00,09-06-2026 10:01,Completed
Xyz7610604,Atlas,DC,09-06-2026 10:01,09-06-2026 10:01,Completed
Xyz7610611,Atlas,DC,09-06-2026 10:02,09-06-2026 10:02,Completed
Xyz7610658,Atlas,DC,09-06-2026 10:01,09-06-2026 10:03,Completed
Xyz7610660,Atlas,DC,09-06-2026 21:01,-NA-,Expired
Xyz7610670,Atlas,DC,09-06-2026 10:03,09-06-2026 10:10,Completed
Xyz7610688,Atlas,DC,09-06-2026 10:03,09-06-2026 10:04,Completed
Xyz7610728,Atlas,DC,09-06-2026 10:02,09-06-2026 10:03,Completed
Xyz7610744,Atlas,DC,09-06-2026 10:00,09-06-2026 10:18,Completed
Xyz7610746,Atlas,DC,09-06-2026 10:03,09-06-2026 10:03,Completed
Xyz7610757,Atlas,DC,09-06-2026 10:01,09-06-2026 10:02,Completed
Xyz7610760,Atlas,DC,09-06-2026 10:00,09-06-2026 10:01,Completed
Xyz7610771,Atlas,DC,09-06-2026 10:01,09-06-2026 10:12,Completed
Xyz7610830,Atlas,DC,09-06-2026 10:03,09-06-2026 11:19,Completed
Xyz7610838,Atlas,DC,09-06-2026 10:01,09-06-2026 10:02,Completed
Xyz7610896,Atlas,DC,09-06-2026 10:01,-NA-,Expired
Xyz7610932,Atlas,DC,09-06-2026 10:02,09-06-2026 10:09,Completed
Xyz7611005,Atlas,DC,09-06-2026 10:00,09-06-2026 10:36,Completed
Xyz7611142,Atlas,DC,09-06-2026 10:01,09-06-2026 10:02,Completed
Xyz7611162,Atlas,DC,09-06-2026 10:03,09-06-2026 10:04,Completed
Xyz7611239,Atlas,DC,09-06-2026 21:04,-NA-,Expired
Xyz7611276,Atlas,DC,09-06-2026 10:02,09-06-2026 10:03,Completed
Xyz7611341,Atlas,DC,09-06-2026 10:02,09-06-2026 10:02,Completed
Xyz7611389,Atlas,DC,09-06-2026 10:00,09-06-2026 10:01,Completed
Xyz7611458,Atlas,DC,09-06-2026 10:02,09-06-2026 10:06,Completed
Xyz7611480,Atlas,DC,09-06-2026 10:00,09-06-2026 10:01,Completed
Xyz7611488,Atlas,DC,09-06-2026 10:01,09-06-2026 10:03,Completed
Xyz7611580,Atlas,DC,09-06-2026 10:01,09-06-2026 10:02,Completed
Xyz7611635,Atlas,DC,09-06-2026 10:03,09-06-2026 10:04,Completed
Xyz7611823,Atlas,DC,09-06-2026 21:02,-NA-,Expired
Xyz7611987,Atlas,DC,09-06-2026 10:03,09-06-2026 10:03,Completed
Xyz7612005,Atlas,DC,09-06-2026 21:04,09-06-2026 21:04,Completed
Xyz7612017,Atlas,DC,09-06-2026 10:03,09-06-2026 10:51,Completed
Xyz7612094,Atlas,DC,09-06-2026 10:03,09-06-2026 10:07,Completed
Xyz7612096,Atlas,DC,09-06-2026 10:02,09-06-2026 10:02,Completed
Xyz7612108,Atlas,DC,09-06-2026 10:02,09-06-2026 10:03,Completed
Xyz7612112,Atlas,DC,09-06-2026 10:02,09-06-2026 10:03,Completed
Xyz7612113,Atlas,DC,09-06-2026 10:03,09-06-2026 10:03,Completed
Xyz7612154,Atlas,DC,09-06-2026 10:02,09-06-2026 10:02,Completed
Xyz7612233,Atlas,DC,09-06-2026 10:03,09-06-2026 10:03,Completed
Xyz7612258,Atlas,DC,09-06-2026 10:03,09-06-2026 10:04,Completed
Xyz7612310,Atlas,DC,09-06-2026 10:02,09-06-2026 10:02,Completed
Xyz7612398,Atlas,DC,09-06-2026 10:03,09-06-2026 10:04,Completed
Xyz7612477,Atlas,DC,09-06-2026 10:03,09-06-2026 10:03,Completed
Xyz7612495,Atlas,DC,09-06-2026 10:00,09-06-2026 10:01,Completed
Xyz7612517,Atlas,DC,09-06-2026 10:03,09-06-2026 10:15,Completed
Xyz7612531,Atlas,DC,09-06-2026 20:59,-NA-,Expired
Xyz7612558,Atlas,DC,09-06-2026 10:02,09-06-2026 10:02,Completed
Xyz7612668,Atlas,DC,09-06-2026 10:02,09-06-2026 10:09,Completed
Xyz7612749,Atlas,DC,09-06-2026 10:02,09-06-2026 10:05,Completed
Xyz7612796,Atlas,DC,09-06-2026 10:03,09-06-2026 10:03,Completed
Xyz7612837,Atlas,DC,09-06-2026 10:03,09-06-2026 10:08,Completed
Xyz7612841,Atlas,DC,09-06-2026 10:03,09-06-2026 10:08,Completed
Xyz7612857,Atlas,DC,09-06-2026 21:02,-NA-,Expired
Xyz7612900,Atlas,DC,09-06-2026 10:00,09-06-2026 10:01,Completed
Xyz7612902,Atlas,DC,09-06-2026 10:01,09-06-2026 10:01,Completed
Xyz7612912,Atlas,DC,09-06-2026 10:02,09-06-2026 10:02,Completed
Xyz7612937,Atlas,DC,09-06-2026 10:03,09-06-2026 10:04,Completed
Xyz7612963,Atlas,DC,09-06-2026 10:02,09-06-2026 10:04,Completed
Xyz7613065,Atlas,DC,09-06-2026 10:02,09-06-2026 10:08,Completed
Xyz7613120,Atlas,DC,09-06-2026 10:03,09-06-2026 10:03,Completed
Xyz7613130,Atlas,DC,09-06-2026 10:03,09-06-2026 10:12,Completed
Xyz7613189,Atlas,DC,09-06-2026 10:03,09-06-2026 10:08,Completed
Xyz7613409,Atlas,DC,09-06-2026 10:02,09-06-2026 10:36,Completed
Xyz7613464,Atlas,DC,09-06-2026 10:03,09-06-2026 10:03,Completed
Xyz7613508,Atlas,DC,09-06-2026 10:02,09-06-2026 10:02,Completed
Xyz7613527,Atlas,DC,09-06-2026 10:03,09-06-2026 10:03,Completed
Xyz7613572,Atlas,DC,09-06-2026 10:04,09-06-2026 10:04,Completed
Xyz7613615,Atlas,DC,09-06-2026 10:02,09-06-2026 16:53,Completed
Xyz7613752,Atlas,DC,09-06-2026 10:02,09-06-2026 10:03,Completed
Xyz7613759,Atlas,DC,09-06-2026 10:03,09-06-2026 10:04,Completed
Xyz7613841,Atlas,DC,09-06-2026 21:00,-NA-,Expired
Xyz7613885,Atlas,DC,09-06-2026 10:01,09-06-2026 10:02,Completed
Xyz7613898,Atlas,DC,09-06-2026 10:03,09-06-2026 10:04,Completed
Xyz7613907,Atlas,DC,09-06-2026 10:01,09-06-2026 10:01,Completed
Xyz7613961,Atlas,DC,09-06-2026 10:03,09-06-2026 10:03,Completed
Xyz7613969,Atlas,DC,09-06-2026 20:59,-NA-,Expired
Xyz7614045,Atlas,DC,09-06-2026 10:03,09-06-2026 10:03,Completed
Xyz7614050,Atlas,DC,09-06-2026 10:03,09-06-2026 10:03,Completed
Xyz7614078,Atlas,DC,09-06-2026 10:03,09-06-2026 10:03,Completed
Xyz7614084,Atlas,DC,09-06-2026 10:03,09-06-2026 10:04,Completed
Xyz7614301,Atlas,DC,09-06-2026 10:02,09-06-2026 10:03,Completed
Xyz7614304,Atlas,DC,09-06-2026 21:01,-NA-,Expired
Xyz7614349,Atlas,DC,09-06-2026 10:03,09-06-2026 10:04,Completed
Xyz7614358,Atlas,DC,09-06-2026 21:02,-NA-,Expired
Xyz7614419,Atlas,DC,09-06-2026 10:03,09-06-2026 10:04,Completed
Xyz7614433,Atlas,DC,09-06-2026 10:03,09-06-2026 10:03,Completed
Xyz7614455,Atlas,DC,09-06-2026 10:01,09-06-2026 10:02,Completed
Xyz7614510,Atlas,DC,09-06-2026 10:03,09-06-2026 10:06,Completed
Xyz7614524,Atlas,DC,09-06-2026 10:03,09-06-2026 10:03,Completed
Xyz7614562,Atlas,DC,09-06-2026 10:03,09-06-2026 10:05,Completed
Xyz7614599,Atlas,DC,09-06-2026 10:03,09-06-2026 10:05,Completed
Xyz7614613,Atlas,DC,09-06-2026 10:03,09-06-2026 10:03,Completed
Xyz7614617,Atlas,DC,09-06-2026 10:03,09-06-2026 10:04,Completed
Xyz7614622,Atlas,DC,09-06-2026 21:00,-NA-,Expired
Xyz7614623,Atlas,DC,09-06-2026 10:01,09-06-2026 10:02,Completed
Xyz7614690,Atlas,DC,09-06-2026 10:03,09-06-2026 10:04,Completed
Xyz7614745,Atlas,DC,09-06-2026 10:03,09-06-2026 10:04,Completed
Xyz7614782,Atlas,DC,09-06-2026 10:01,09-06-2026 10:02,Completed
Xyz7614786,Atlas,DC,09-06-2026 10:02,09-06-2026 10:03,Completed
Xyz7614796,Atlas,DC,09-06-2026 10:00,09-06-2026 10:01,Completed
Xyz7614805,Atlas,DC,09-06-2026 10:02,09-06-2026 10:02,Completed
Xyz7614810,Atlas,DC,09-06-2026 10:03,09-06-2026 10:03,Completed
Xyz7614817,Atlas,DC,09-06-2026 10:03,09-06-2026 10:03,Completed
Xyz7614890,Atlas,DC,09-06-2026 20:59,-NA-,Expired
Xyz7614915,Atlas,DC,09-06-2026 10:04,09-06-2026 10:04,Completed
Xyz7614937,Atlas,DC,09-06-2026 10:03,09-06-2026 10:05,Completed
Xyz7614986,Atlas,DC,09-06-2026 10:03,09-06-2026 10:04,Completed
Xyz7614991,Atlas,DC,09-06-2026 10:03,09-06-2026 10:04,Completed
Xyz7615004,Atlas,DC,09-06-2026 10:01,09-06-2026 10:03,Completed
Xyz7615037,Atlas,DC,09-06-2026 10:03,09-06-2026 10:03,Completed
Xyz7615077,Atlas,DC,09-06-2026 10:02,09-06-2026 10:02,Completed
Xyz7615090,Atlas,DC,09-06-2026 10:03,09-06-2026 10:04,Completed
Xyz7615091,Atlas,DC,09-06-2026 10:03,09-06-2026 10:04,Completed
Xyz7615148,Atlas,DC,09-06-2026 10:03,09-06-2026 10:05,Completed
Xyz7615149,Atlas,DC,09-06-2026 10:03,09-06-2026 10:05,Completed
Xyz7615191,Atlas,DC,09-06-2026 10:01,09-06-2026 10:02,Completed
Xyz7615220,Atlas,DC,09-06-2026 21:02,-NA-,Expired
Xyz7615225,Atlas,DC,09-06-2026 10:03,09-06-2026 10:07,Completed
Xyz7615230,Atlas,DC,09-06-2026 10:03,09-06-2026 10:03,Completed
Xyz7615244,Atlas,DC,09-06-2026 10:03,09-06-2026 10:04,Completed
Xyz7615245,Atlas,DC,09-06-2026 10:00,09-06-2026 10:01,Completed
Xyz7615304,Atlas,DC,09-06-2026 10:03,-NA-,Expired
Xyz7615323,Atlas,DC,09-06-2026 10:03,09-06-2026 10:04,Completed
Xyz7615362,Atlas,DC,09-06-2026 10:01,09-06-2026 10:02,Completed
Xyz7615413,Atlas,DC,09-06-2026 10:03,09-06-2026 11:02,Completed
Xyz7615437,Atlas,DC,09-06-2026 10:02,09-06-2026 10:02,Completed
Xyz7615446,Atlas,DC,09-06-2026 10:03,09-06-2026 10:04,Completed
Xyz7615466,Atlas,DC,09-06-2026 10:01,09-06-2026 10:02,Completed
Xyz7615523,Atlas,DC,09-06-2026 10:02,09-06-2026 10:02,Completed
Xyz7615539,Atlas,DC,09-06-2026 10:03,09-06-2026 10:07,Completed
Xyz7615540,Atlas,DC,09-06-2026 10:01,09-06-2026 10:01,Completed
Xyz7615609,Atlas,DC,09-06-2026 10:01,09-06-2026 10:03,Completed
Xyz7615651,Atlas,DC,09-06-2026 10:02,09-06-2026 10:04,Completed
Xyz7615700,Atlas,DC,09-06-2026 10:02,09-06-2026 10:02,Completed
Xyz7615734,Atlas,DC,09-06-2026 10:01,09-06-2026 10:01,Completed
Xyz7615859,Atlas,DC,09-06-2026 10:01,09-06-2026 10:02,Completed
Xyz7615863,Atlas,DC,09-06-2026 10:01,09-06-2026 10:02,Completed
Xyz7615890,Atlas,DC,09-06-2026 10:01,09-06-2026 10:02,Completed
Xyz7615957,Atlas,DC,09-06-2026 21:02,-NA-,Expired
Xyz7616012,Atlas,DC,09-06-2026 10:01,09-06-2026 10:02,Completed
Xyz7616018,Atlas,DC,09-06-2026 21:00,-NA-,Expired
Xyz7616028,Atlas,DC,09-06-2026 10:00,09-06-2026 10:04,Completed
Xyz7616092,Atlas,DC,09-06-2026 10:03,09-06-2026 10:06,Completed
Xyz7616101,Atlas,DC,09-06-2026 10:01,09-06-2026 10:02,Completed
Xyz7616125,Atlas,DC,09-06-2026 10:02,09-06-2026 10:02,Completed
Xyz7616198,Atlas,DC,09-06-2026 10:03,09-06-2026 10:03,Completed
Xyz7616211,Atlas,DC,09-06-2026 10:03,09-06-2026 10:06,Completed
Xyz7616273,Atlas,DC,09-06-2026 10:01,09-06-2026 10:02,Completed
Xyz7616288,Atlas,DC,09-06-2026 10:02,09-06-2026 10:03,Completed
Xyz7616393,Atlas,DC,09-06-2026 10:00,09-06-2026 10:01,Completed
Xyz7616479,Atlas,DC,09-06-2026 10:02,09-06-2026 10:02,Completed
Xyz7616521,Atlas,DC,09-06-2026 21:02,-NA-,Expired
Xyz7616570,Atlas,DC,09-06-2026 10:03,09-06-2026 10:06,Completed
Xyz7616606,Atlas,DC,09-06-2026 10:02,09-06-2026 10:03,Completed
Xyz7616622,Atlas,DC,09-06-2026 10:03,09-06-2026 10:05,Completed
Xyz7616640,Atlas,DC,09-06-2026 21:01,-NA-,Expired
Xyz7616660,Atlas,DC,09-06-2026 10:02,09-06-2026 10:03,Completed
Xyz7616740,Atlas,DC,09-06-2026 10:02,09-06-2026 10:02,Completed
Xyz7616748,Atlas,DC,09-06-2026 10:02,09-06-2026 10:07,Completed
Xyz7616766,Atlas,DC,09-06-2026 10:01,-NA-,Expired
Xyz7616772,Atlas,DC,09-06-2026 10:02,09-06-2026 10:22,Completed
Xyz7616820,Atlas,DC,09-06-2026 10:03,09-06-2026 10:03,Completed
Xyz7616826,Atlas,DC,09-06-2026 10:02,09-06-2026 10:02,Completed
Xyz7616832,Atlas,DC,09-06-2026 10:02,09-06-2026 10:02,Completed
Xyz7616910,Atlas,DC,09-06-2026 10:02,09-06-2026 10:03,Completed
Xyz7616926,Atlas,DC,09-06-2026 10:01,09-06-2026 10:01,Completed
Xyz7617000,Atlas,DC,09-06-2026 21:04,-NA-,Expired
Xyz7617032,Atlas,DC,09-06-2026 10:02,09-06-2026 10:03,Completed
Xyz7617056,Atlas,DC,09-06-2026 10:03,09-06-2026 10:06,Completed
Xyz7617134,Atlas,DC,09-06-2026 10:03,09-06-2026 10:08,Completed
Xyz7617173,Atlas,DC,09-06-2026 10:03,09-06-2026 10:04,Completed
Xyz7617308,Atlas,DC,09-06-2026 10:04,09-06-2026 10:04,Completed
Xyz7617343,Atlas,DC,09-06-2026 10:03,09-06-2026 11:35,Completed
Xyz7617415,Atlas,DC,09-06-2026 10:01,09-06-2026 10:30,Completed
Xyz7617441,Atlas,DC,09-06-2026 10:02,09-06-2026 10:02,Completed
Xyz7617458,Atlas,DC,09-06-2026 10:03,09-06-2026 10:04,Completed
Xyz7617534,Atlas,DC,09-06-2026 21:02,-NA-,Expired
Xyz7617555,Atlas,DC,09-06-2026 10:03,09-06-2026 11:23,Completed
Xyz7617596,Atlas,DC,09-06-2026 10:02,09-06-2026 10:03,Completed
Xyz7617670,Atlas,DC,09-06-2026 10:00,09-06-2026 10:01,Completed
Xyz7617704,Atlas,DC,09-06-2026 10:02,09-06-2026 10:03,Completed
Xyz7617725,Atlas,DC,09-06-2026 10:01,09-06-2026 10:02,Completed
Xyz7617782,Atlas,DC,09-06-2026 10:01,09-06-2026 10:01,Completed
Xyz7617884,Atlas,DC,09-06-2026 21:01,-NA-,Expired
Xyz7617937,Atlas,DC,09-06-2026 21:04,-NA-,Expired
Xyz7617938,Atlas,DC,09-06-2026 10:03,09-06-2026 10:05,Completed
Xyz7617941,Atlas,DC,09-06-2026 21:01,-NA-,Expired
Xyz7617969,Atlas,DC,09-06-2026 10:02,09-06-2026 10:03,Completed
Xyz7617974,Atlas,DC,09-06-2026 10:04,09-06-2026 10:05,Completed
Xyz7617976,Atlas,DC,09-06-2026 10:00,09-06-2026 10:01,Completed
Xyz7618071,Atlas,DC,09-06-2026 10:03,09-06-2026 10:04,Completed
Xyz7618117,Atlas,DC,09-06-2026 10:02,09-06-2026 10:03,Completed
Xyz7618126,Atlas,DC,09-06-2026 10:02,09-06-2026 10:03,Completed
Xyz7618155,Atlas,DC,09-06-2026 21:01,-NA-,Expired
Xyz7618232,Atlas,DC,09-06-2026 21:02,-NA-,Expired
Xyz7618332,Atlas,DC,09-06-2026 10:03,09-06-2026 10:04,Completed
Xyz7618374,Atlas,DC,09-06-2026 10:04,-NA-,Expired
Xyz7618456,Atlas,DC,09-06-2026 10:03,09-06-2026 10:04,Completed
Xyz7618459,Atlas,DC,09-06-2026 10:03,09-06-2026 10:06,Completed
Xyz7618491,Atlas,DC,09-06-2026 10:04,09-06-2026 10:51,Completed
Xyz7618505,Atlas,DC,09-06-2026 10:03,09-06-2026 10:03,Completed
Xyz7618576,Atlas,DC,09-06-2026 10:02,09-06-2026 10:03,Completed
Xyz7618578,Atlas,DC,09-06-2026 10:01,09-06-2026 11:12,Completed
Xyz7618580,Atlas,DC,09-06-2026 10:00,09-06-2026 11:12,Completed
Xyz7618583,Atlas,DC,09-06-2026 10:00,09-06-2026 11:11,Completed
Xyz7618589,Atlas,DC,09-06-2026 10:03,09-06-2026 10:04,Completed
Xyz7618594,Atlas,DC,09-06-2026 21:01,-NA-,Expired
Xyz7618597,Atlas,DC,09-06-2026 21:01,-NA-,Expired
Xyz7618599,Atlas,DC,09-06-2026 21:01,-NA-,Expired
Xyz7618607,Atlas,DC,09-06-2026 10:00,09-06-2026 10:01,Completed
Xyz7618644,Atlas,DC,09-06-2026 21:01,-NA-,Expired
Xyz7618647,Atlas,DC,09-06-2026 21:00,-NA-,Expired
Xyz7618658,Atlas,DC,09-06-2026 10:02,09-06-2026 10:06,Completed
Xyz7618659,Atlas,DC,09-06-2026 10:00,09-06-2026 10:03,Completed
Xyz7618677,Atlas,DC,09-06-2026 10:02,09-06-2026 10:03,Completed
Xyz7618702,Atlas,DC,09-06-2026 10:02,09-06-2026 10:03,Completed
Xyz7618713,Atlas,DC,09-06-2026 10:01,09-06-2026 10:03,Completed
Xyz7618718,Atlas,DC,09-06-2026 20:59,-NA-,Expired
Xyz7618774,Atlas,DC,09-06-2026 21:01,-NA-,Expired
Xyz7618832,Atlas,DC,09-06-2026 10:01,09-06-2026 10:02,Completed
Xyz7618843,Atlas,DC,09-06-2026 10:01,09-06-2026 10:08,Completed
Xyz7618903,Atlas,DC,09-06-2026 10:02,09-06-2026 10:03,Completed
Xyz7618904,Atlas,DC,09-06-2026 10:02,09-06-2026 10:03,Completed
Xyz7618929,Atlas,DC,09-06-2026 10:02,09-06-2026 10:02,Completed
Xyz7618950,Atlas,DC,09-06-2026 21:01,-NA-,Expired
Xyz7618971,Atlas,DC,09-06-2026 10:04,09-06-2026 10:44,Completed
Xyz7618973,Atlas,DC,09-06-2026 10:03,09-06-2026 10:15,Completed
Xyz7619007,Atlas,DC,09-06-2026 10:03,09-06-2026 10:04,Completed
Xyz7619043,Atlas,DC,09-06-2026 10:03,09-06-2026 10:23,Completed
Xyz7619073,Atlas,DC,09-06-2026 10:01,09-06-2026 10:02,Completed
Xyz7619121,Atlas,DC,09-06-2026 10:02,09-06-2026 10:02,Completed
Xyz7619190,Atlas,DC,09-06-2026 10:02,09-06-2026 10:03,Completed
Xyz7619289,Atlas,DC,09-06-2026 10:01,09-06-2026 10:02,Completed
Xyz7619296,Atlas,DC,09-06-2026 10:03,09-06-2026 10:04,Completed
Xyz7619324,Atlas,DC,09-06-2026 10:03,09-06-2026 10:04,Completed
Xyz7619334,Atlas,DC,09-06-2026 20:59,-NA-,Expired
Xyz7619404,Atlas,DC,09-06-2026 10:00,09-06-2026 10:01,Completed
Xyz7619410,Atlas,DC,09-06-2026 10:04,09-06-2026 11:02,Completed
Xyz7619411,Atlas,DC,09-06-2026 10:02,09-06-2026 10:02,Completed
Xyz7619451,Atlas,DC,09-06-2026 21:01,-NA-,Expired
Xyz7619455,Atlas,DC,09-06-2026 10:00,09-06-2026 10:03,Completed
Xyz7619515,Atlas,DC,09-06-2026 21:01,-NA-,Expired
Xyz7619525,Atlas,DC,09-06-2026 10:03,09-06-2026 10:44,Completed
Xyz7619527,Atlas,DC,09-06-2026 10:02,09-06-2026 10:03,Completed
Xyz7619528,Atlas,DC,09-06-2026 10:03,09-06-2026 10:40,Completed
Xyz7619630,Atlas,DC,09-06-2026 10:01,09-06-2026 11:28,Completed
Xyz7619649,Atlas,DC,09-06-2026 20:59,-NA-,Expired
Xyz7619708,Atlas,DC,09-06-2026 10:03,09-06-2026 10:19,Completed
Xyz7619717,Atlas,DC,09-06-2026 10:03,09-06-2026 10:09,Completed
Xyz7619718,Atlas,DC,09-06-2026 10:03,09-06-2026 10:08,Completed
Xyz7619793,Atlas,DC,09-06-2026 10:02,09-06-2026 10:03,Completed
Xyz7619805,Atlas,DC,09-06-2026 10:01,09-06-2026 10:01,Completed
Xyz7619823,Atlas,DC,09-06-2026 10:01,09-06-2026 10:04,Completed
Xyz7619869,Atlas,DC,09-06-2026 10:00,09-06-2026 10:01,Completed
Xyz7619944,Atlas,DC,09-06-2026 10:03,09-06-2026 10:04,Completed
Xyz7619978,Atlas,DC,09-06-2026 10:02,09-06-2026 10:03,Completed
Xyz7619979,Atlas,DC,09-06-2026 10:03,09-06-2026 10:03,Completed
Xyz7620095,Atlas,DC,09-06-2026 21:01,-NA-,Expired
Xyz7620157,Atlas,DC,09-06-2026 10:03,09-06-2026 10:10,Completed
Xyz7620161,Atlas,DC,09-06-2026 10:00,09-06-2026 10:01,Completed
Xyz7620165,Atlas,DC,09-06-2026 10:01,09-06-2026 10:02,Completed
Xyz7620188,Atlas,DC,09-06-2026 10:03,09-06-2026 13:12,Completed
Xyz7620290,Atlas,DC,09-06-2026 10:00,09-06-2026 10:02,Completed
Xyz7620293,Atlas,DC,09-06-2026 10:02,09-06-2026 10:03,Completed
Xyz7620310,Atlas,DC,09-06-2026 10:02,09-06-2026 10:03,Completed
Xyz7620321,Atlas,DC,09-06-2026 10:01,09-06-2026 10:01,Completed
Xyz7620324,Atlas,DC,09-06-2026 21:00,-NA-,Expired
Xyz7620340,Atlas,DC,09-06-2026 10:00,09-06-2026 10:01,Completed
Xyz7620359,Atlas,DC,09-06-2026 10:00,09-06-2026 10:01,Completed
Xyz7620531,Atlas,DC,09-06-2026 10:02,-NA-,Expired
Xyz7620673,Atlas,DC,09-06-2026 10:03,09-06-2026 10:03,Completed
Xyz7620768,Atlas,DC,09-06-2026 10:03,09-06-2026 10:04,Completed
Xyz7620774,Atlas,DC,09-06-2026 10:03,09-06-2026 10:03,Completed
Xyz7620877,Atlas,DC,09-06-2026 10:00,09-06-2026 10:04,Completed
Xyz7620886,Atlas,DC,09-06-2026 10:03,09-06-2026 10:03,Completed
Xyz7620943,Atlas,DC,09-06-2026 10:03,09-06-2026 10:03,Completed
Xyz7620958,Atlas,DC,09-06-2026 10:03,09-06-2026 10:03,Completed
Xyz7620959,Atlas,DC,09-06-2026 10:03,09-06-2026 10:04,Completed
Xyz7620993,Atlas,DC,09-06-2026 10:03,09-06-2026 10:03,Completed
Xyz7621021,Atlas,DC,09-06-2026 10:03,09-06-2026 11:10,Completed
Xyz7621098,Atlas,DC,09-06-2026 10:03,09-06-2026 10:04,Completed
Xyz7621114,Atlas,DC,09-06-2026 21:02,-NA-,Expired
Xyz7621291,Atlas,DC,09-06-2026 10:03,-NA-,Expired
Xyz7621307,Atlas,DC,09-06-2026 10:01,09-06-2026 10:02,Completed
Xyz7621327,Atlas,DC,09-06-2026 10:03,09-06-2026 10:05,Completed
Xyz7621572,Atlas,DC,09-06-2026 10:04,-NA-,Expired
Xyz7621585,Atlas,DC,09-06-2026 10:02,09-06-2026 10:10,Completed
Xyz7621611,Atlas,DC,09-06-2026 10:03,09-06-2026 10:11,Completed
Xyz7621614,Atlas,DC,09-06-2026 10:00,09-06-2026 10:01,Completed
Xyz7621621,Atlas,DC,09-06-2026 10:01,09-06-2026 10:01,Completed
Xyz7621641,Atlas,DC,09-06-2026 21:02,-NA-,Expired
Xyz7621663,Atlas,DC,09-06-2026 10:03,09-06-2026 10:04,Completed
Xyz7621680,Atlas,DC,09-06-2026 10:02,09-06-2026 10:10,Completed
Xyz7621693,Atlas,DC,09-06-2026 10:03,09-06-2026 11:09,Completed
Xyz7621713,Atlas,DC,09-06-2026 10:03,-NA-,Expired
Xyz7621728,Atlas,DC,09-06-2026 10:03,09-06-2026 11:09,Completed
Xyz7621736,Atlas,DC,09-06-2026 10:03,09-06-2026 10:03,Completed
Xyz7621748,Atlas,DC,09-06-2026 10:03,09-06-2026 10:05,Completed
Xyz7621758,Atlas,DC,09-06-2026 10:03,09-06-2026 10:07,Completed
Xyz7621771,Atlas,DC,09-06-2026 10:01,09-06-2026 10:02,Completed
Xyz7621781,Atlas,DC,09-06-2026 10:02,09-06-2026 10:09,Completed
Xyz7621846,Atlas,DC,09-06-2026 10:03,09-06-2026 10:03,Completed
Xyz7621854,Atlas,DC,09-06-2026 10:02,09-06-2026 10:02,Completed
Xyz7621859,Atlas,DC,09-06-2026 10:03,09-06-2026 10:03,Completed
Xyz7621954,Atlas,DC,09-06-2026 10:02,09-06-2026 10:03,Completed
Xyz7621970,Atlas,DC,09-06-2026 10:02,09-06-2026 10:37,Completed
Xyz7621985,Atlas,DC,09-06-2026 10:02,09-06-2026 13:30,Completed
Xyz7622143,Atlas,DC,09-06-2026 10:03,09-06-2026 11:08,Completed
Xyz7622272,Atlas,DC,09-06-2026 21:02,-NA-,Expired
Xyz7622378,Atlas,DC,09-06-2026 10:03,-NA-,Expired
Xyz7622382,Atlas,DC,09-06-2026 10:02,09-06-2026 10:03,Completed
Xyz7622475,Atlas,DC,09-06-2026 10:01,09-06-2026 10:01,Completed
Xyz7622478,Atlas,DC,09-06-2026 10:01,09-06-2026 10:01,Completed
Xyz7622564,Atlas,DC,09-06-2026 10:02,09-06-2026 10:03,Completed
Xyz7622624,Atlas,DC,09-06-2026 10:01,09-06-2026 10:01,Completed
Xyz7622668,Atlas,DC,09-06-2026 21:02,-NA-,Expired
Xyz7622699,Atlas,DC,09-06-2026 10:01,09-06-2026 10:01,Completed
Xyz7622751,Atlas,DC,09-06-2026 10:03,09-06-2026 10:04,Completed
Xyz7622777,Atlas,DC,09-06-2026 10:03,09-06-2026 10:04,Completed
Xyz7622925,Atlas,DC,09-06-2026 10:00,09-06-2026 10:02,Completed
Xyz7622927,Atlas,DC,09-06-2026 10:02,09-06-2026 10:02,Completed
Xyz7622946,Atlas,DC,09-06-2026 21:02,-NA-,Expired
Xyz7623023,Atlas,DC,09-06-2026 10:04,09-06-2026 10:04,Completed
Xyz7623092,Atlas,DC,09-06-2026 10:03,09-06-2026 10:04,Completed
Xyz7623100,Atlas,DC,09-06-2026 10:01,09-06-2026 10:02,Completed
Xyz7623111,Atlas,DC,09-06-2026 10:01,09-06-2026 10:04,Completed
Xyz7623114,Atlas,DC,09-06-2026 10:00,09-06-2026 10:06,Completed
Xyz7623133,Atlas,DC,09-06-2026 10:01,09-06-2026 10:03,Completed
Xyz7623156,Atlas,DC,09-06-2026 10:03,09-06-2026 10:03,Completed
Xyz7623176,Atlas,DC,09-06-2026 10:02,09-06-2026 10:02,Completed
Xyz7623179,Atlas,DC,09-06-2026 10:03,09-06-2026 10:03,Completed
Xyz7623220,Atlas,DC,09-06-2026 10:03,09-06-2026 10:04,Completed
Xyz7623262,Atlas,DC,09-06-2026 10:03,09-06-2026 10:03,Completed
Xyz7623319,Atlas,DC,09-06-2026 10:03,09-06-2026 10:03,Completed
Xyz7623378,Atlas,DC,09-06-2026 10:03,09-06-2026 10:04,Completed
Xyz7623430,Atlas,DC,09-06-2026 10:03,09-06-2026 10:05,Completed
Xyz7623447,Atlas,DC,09-06-2026 10:03,09-06-2026 10:03,Completed
Xyz7623517,Atlas,DC,09-06-2026 10:02,09-06-2026 10:03,Completed
Xyz7623520,Atlas,DC,09-06-2026 10:03,09-06-2026 10:04,Completed
Xyz7623588,Atlas,DC,09-06-2026 10:03,09-06-2026 10:03,Completed
Xyz7623675,Atlas,DC,09-06-2026 10:03,09-06-2026 10:03,Completed
Xyz7623732,Atlas,DC,09-06-2026 10:02,09-06-2026 10:03,Completed
Xyz7623806,Atlas,DC,09-06-2026 10:03,09-06-2026 10:03,Completed
Xyz7623892,Atlas,DC,09-06-2026 10:03,09-06-2026 10:03,Completed
Xyz7623896,Atlas,DC,09-06-2026 10:03,09-06-2026 10:04,Completed
Xyz7623925,Atlas,DC,09-06-2026 10:01,09-06-2026 10:02,Completed
Xyz7623962,Atlas,DC,09-06-2026 10:02,09-06-2026 10:43,Completed
Xyz7624071,Atlas,DC,09-06-2026 10:03,09-06-2026 10:04,Completed
Xyz7624115,Atlas,DC,09-06-2026 10:00,09-06-2026 10:01,Completed
Xyz7624161,Atlas,DC,09-06-2026 10:01,09-06-2026 10:07,Completed
Xyz7624185,Atlas,DC,09-06-2026 21:02,-NA-,Expired
Xyz7624262,Atlas,DC,09-06-2026 10:03,09-06-2026 10:04,Completed
Xyz7624281,Atlas,DC,09-06-2026 10:01,09-06-2026 10:02,Completed
Xyz7624290,Atlas,DC,09-06-2026 10:02,09-06-2026 10:02,Completed
Xyz7624292,Atlas,DC,09-06-2026 10:02,09-06-2026 10:02,Completed
Xyz7624294,Atlas,DC,09-06-2026 10:04,09-06-2026 10:04,Completed
Xyz7624305,Atlas,DC,09-06-2026 10:02,09-06-2026 10:02,Completed
Xyz7624310,Atlas,DC,09-06-2026 10:00,09-06-2026 10:01,Completed
Xyz7624341,Atlas,DC,09-06-2026 10:01,09-06-2026 10:01,Completed
Xyz7624349,Atlas,DC,09-06-2026 10:02,09-06-2026 10:02,Completed
Xyz7624362,Atlas,DC,09-06-2026 10:00,09-06-2026 10:01,Completed
Xyz7624417,Atlas,DC,09-06-2026 10:00,09-06-2026 14:33,Completed
Xyz7624433,Atlas,DC,09-06-2026 10:03,09-06-2026 10:14,Completed
Xyz7624438,Atlas,DC,09-06-2026 10:01,09-06-2026 14:09,Completed
Xyz7624445,Atlas,DC,09-06-2026 10:00,09-06-2026 10:01,Completed
Xyz7624471,Atlas,DC,09-06-2026 10:02,09-06-2026 10:03,Completed
Xyz7624477,Atlas,DC,09-06-2026 10:03,09-06-2026 10:04,Completed
Xyz7624480,Atlas,DC,09-06-2026 10:01,09-06-2026 10:02,Completed
Xyz7624510,Atlas,DC,09-06-2026 10:02,09-06-2026 10:02,Completed
Xyz7624612,Atlas,DC,09-06-2026 10:02,09-06-2026 13:02,Completed
Xyz7624649,Atlas,DC,09-06-2026 10:02,09-06-2026 10:02,Completed
Xyz7624662,Atlas,DC,09-06-2026 10:02,09-06-2026 14:32,Completed
Xyz7624688,Atlas,DC,09-06-2026 10:02,09-06-2026 14:56,Completed
Xyz7624740,Atlas,DC,09-06-2026 21:00,-NA-,Expired
Xyz7624749,Atlas,DC,09-06-2026 21:04,-NA-,Expired
Xyz7624782,Atlas,DC,09-06-2026 10:02,09-06-2026 10:03,Completed
Xyz7624800,Atlas,DC,09-06-2026 10:02,09-06-2026 13:03,Completed
Xyz7624808,Atlas,DC,09-06-2026 10:00,09-06-2026 13:43,Completed
Xyz7624817,Atlas,DC,09-06-2026 10:02,09-06-2026 10:08,Completed
Xyz7624825,Atlas,DC,09-06-2026 10:01,09-06-2026 13:33,Completed
Xyz7624863,Atlas,DC,09-06-2026 10:01,09-06-2026 10:01,Completed
Xyz7624868,Atlas,DC,09-06-2026 10:00,09-06-2026 10:01,Completed
Xyz7624914,Atlas,DC,09-06-2026 10:01,09-06-2026 10:03,Completed
Xyz7624966,Atlas,DC,09-06-2026 10:01,09-06-2026 10:02,Completed
Xyz7625016,Atlas,DC,09-06-2026 10:03,09-06-2026 10:03,Completed
Xyz7625028,Atlas,DC,09-06-2026 10:01,09-06-2026 10:02,Completed
Xyz7625073,Atlas,DC,09-06-2026 10:03,09-06-2026 10:04,Completed
Xyz7625109,Atlas,DC,09-06-2026 10:03,09-06-2026 10:04,Completed
Xyz7625115,Atlas,DC,09-06-2026 10:01,09-06-2026 16:45,Completed
Xyz7625165,Atlas,DC,09-06-2026 10:01,09-06-2026 10:01,Completed
Xyz7625220,Atlas,DC,09-06-2026 10:02,09-06-2026 10:12,Completed
Xyz7625221,Atlas,DC,09-06-2026 10:03,09-06-2026 10:05,Completed
Xyz7625235,Atlas,DC,09-06-2026 10:01,09-06-2026 10:25,Completed
Xyz7625259,Atlas,DC,09-06-2026 10:02,-NA-,Expired
Xyz7625270,Atlas,DC,09-06-2026 10:01,09-06-2026 10:03,Completed
Xyz7625272,Atlas,DC,09-06-2026 10:01,09-06-2026 10:01,Completed
Xyz7625282,Atlas,DC,09-06-2026 10:02,09-06-2026 10:02,Completed
Xyz7625451,Atlas,DC,09-06-2026 10:03,09-06-2026 10:03,Completed
Xyz7625553,Atlas,DC,09-06-2026 21:03,-NA-,Expired
Xyz7625588,Atlas,DC,09-06-2026 10:01,09-06-2026 10:02,Completed
Xyz7625712,Atlas,DC,09-06-2026 10:02,09-06-2026 10:03,Completed
Xyz7625800,Atlas,DC,09-06-2026 10:03,09-06-2026 10:04,Completed
Xyz7625801,Atlas,DC,09-06-2026 20:59,-NA-,Expired
Xyz7625846,Atlas,DC,09-06-2026 10:03,09-06-2026 10:03,Completed
Xyz7625849,Atlas,DC,09-06-2026 10:03,09-06-2026 10:08,Completed
Xyz7625859,Atlas,DC,09-06-2026 10:00,09-06-2026 10:01,Completed
Xyz7625961,Atlas,DC,09-06-2026 10:01,09-06-2026 10:01,Completed
Xyz7625992,Atlas,DC,09-06-2026 10:01,09-06-2026 10:02,Completed
Xyz7626003,Atlas,DC,09-06-2026 10:03,09-06-2026 10:03,Completed
Xyz7626063,Atlas,DC,09-06-2026 10:00,09-06-2026 10:01,Completed
Xyz7626135,Atlas,DC,09-06-2026 10:02,09-06-2026 10:03,Completed
Xyz7626191,Atlas,DC,09-06-2026 10:01,09-06-2026 10:02,Completed
Xyz7626196,Atlas,DC,09-06-2026 10:02,09-06-2026 11:23,Completed
Xyz7626200,Atlas,DC,09-06-2026 10:00,09-06-2026 11:21,Completed
Xyz7626213,Atlas,DC,09-06-2026 10:01,09-06-2026 10:01,Completed
Xyz7626256,Atlas,DC,09-06-2026 10:02,09-06-2026 10:02,Completed
Xyz7626339,Atlas,DC,09-06-2026 10:01,09-06-2026 10:01,Completed
Xyz7626367,Atlas,DC,09-06-2026 21:01,-NA-,Expired
Xyz7626388,Atlas,DC,09-06-2026 10:03,09-06-2026 10:03,Completed
Xyz7626446,Atlas,DC,09-06-2026 21:02,-NA-,Expired
Xyz7626513,Atlas,DC,09-06-2026 10:02,09-06-2026 10:02,Completed
Xyz7626718,Atlas,DC,09-06-2026 10:02,09-06-2026 10:03,Completed
Xyz7626770,Atlas,DC,09-06-2026 10:01,-NA-,Expired
Xyz7626808,Atlas,DC,09-06-2026 10:02,09-06-2026 10:07,Completed
Xyz7626908,Atlas,DC,09-06-2026 10:03,09-06-2026 10:09,Completed
Xyz7627028,Atlas,DC,09-06-2026 20:59,-NA-,Expired
Xyz7627062,Atlas,DC,09-06-2026 10:02,09-06-2026 10:03,Completed
Xyz7627220,Atlas,DC,09-06-2026 10:04,09-06-2026 10:04,Completed
Xyz7627387,Atlas,DC,09-06-2026 10:03,09-06-2026 10:04,Completed
Xyz7627455,Atlas,DC,09-06-2026 21:06,-NA-,Expired
Xyz7627503,Atlas,DC,09-06-2026 10:03,09-06-2026 11:08,Completed
Xyz7627714,Atlas,DC,09-06-2026 10:03,09-06-2026 10:03,Completed
Xyz7627824,Atlas,DC,09-06-2026 10:03,09-06-2026 10:08,Completed
Xyz7627835,Atlas,DC,09-06-2026 10:03,09-06-2026 10:03,Completed
Xyz7627843,Atlas,DC,09-06-2026 10:03,09-06-2026 12:37,Completed
Xyz7627849,Atlas,DC,09-06-2026 10:03,09-06-2026 10:17,Completed
Xyz7628058,Atlas,DC,09-06-2026 21:01,-NA-,Expired
Xyz7628066,Atlas,DC,09-06-2026 20:59,-NA-,Expired
Xyz7628185,Atlas,DC,09-06-2026 21:01,-NA-,Expired
Xyz7628245,Atlas,DC,09-06-2026 10:03,09-06-2026 10:04,Completed
Xyz7628278,Atlas,DC,09-06-2026 10:03,09-06-2026 10:31,Completed
Xyz7628286,Atlas,DC,09-06-2026 10:01,09-06-2026 10:02,Completed
Xyz7628300,Atlas,DC,09-06-2026 21:07,-NA-,Expired
Xyz7628391,Atlas,DC,09-06-2026 21:07,-NA-,Expired
Xyz7628441,Atlas,DC,09-06-2026 10:02,09-06-2026 10:03,Completed
Xyz7628458,Atlas,DC,09-06-2026 10:03,09-06-2026 10:03,Completed
Xyz7628472,Atlas,DC,09-06-2026 10:00,09-06-2026 10:13,Completed
Xyz7628481,Atlas,DC,09-06-2026 10:02,09-06-2026 10:03,Completed
Xyz7628542,Atlas,DC,09-06-2026 10:02,09-06-2026 10:03,Completed
Xyz7628567,Atlas,DC,09-06-2026 21:01,-NA-,Expired
Xyz7628607,Atlas,DC,09-06-2026 10:03,09-06-2026 10:04,Completed
Xyz7628624,Atlas,DC,09-06-2026 10:03,09-06-2026 10:07,Completed
Xyz7628626,Atlas,DC,09-06-2026 10:02,09-06-2026 10:03,Completed
Xyz7628673,Atlas,DC,09-06-2026 10:03,09-06-2026 10:10,Completed
Xyz7628716,Atlas,DC,09-06-2026 10:01,09-06-2026 10:03,Completed
Xyz7628717,Atlas,DC,09-06-2026 10:02,09-06-2026 10:03,Completed
Xyz7628745,Atlas,DC,09-06-2026 10:02,09-06-2026 10:03,Completed
Xyz7628905,Atlas,DC,09-06-2026 10:02,09-06-2026 10:02,Completed
Xyz7628967,Atlas,DC,09-06-2026 10:03,09-06-2026 10:04,Completed
Xyz7629067,Atlas,DC,09-06-2026 10:02,09-06-2026 10:03,Completed
Xyz7629094,Atlas,DC,09-06-2026 10:03,09-06-2026 10:35,Completed
Xyz7629158,Atlas,DC,09-06-2026 10:03,09-06-2026 10:03,Completed
Xyz7629192,Atlas,DC,09-06-2026 10:03,09-06-2026 10:04,Completed
Xyz7629224,Atlas,DC,09-06-2026 10:03,09-06-2026 10:03,Completed
Xyz7629230,Atlas,DC,09-06-2026 10:03,09-06-2026 10:47,Completed
Xyz7629255,Atlas,DC,09-06-2026 10:02,09-06-2026 10:03,Completed
Xyz7629346,Atlas,DC,09-06-2026 21:01,-NA-,Expired
Xyz7629351,Atlas,DC,09-06-2026 10:03,09-06-2026 10:13,Completed
Xyz7629488,Atlas,DC,09-06-2026 10:03,09-06-2026 10:04,Completed
Xyz7629521,Atlas,DC,09-06-2026 10:03,09-06-2026 10:04,Completed
Xyz7629522,Atlas,DC,09-06-2026 10:03,09-06-2026 10:04,Completed
Xyz7629528,Atlas,DC,09-06-2026 10:03,09-06-2026 10:04,Completed
Xyz7629530,Atlas,DC,09-06-2026 10:02,09-06-2026 10:03,Completed
Xyz7629539,Atlas,DC,09-06-2026 10:02,09-06-2026 10:13,Completed
Xyz7629545,Atlas,DC,09-06-2026 10:03,09-06-2026 10:07,Completed
Xyz7629737,Atlas,DC,09-06-2026 10:03,09-06-2026 10:04,Completed
Xyz7629766,Atlas,DC,09-06-2026 10:00,09-06-2026 10:01,Completed
Xyz7629796,Atlas,DC,09-06-2026 10:01,09-06-2026 10:17,Completed
Xyz7629803,Atlas,DC,09-06-2026 10:03,09-06-2026 10:04,Completed
Xyz7629810,Atlas,DC,09-06-2026 10:02,09-06-2026 10:03,Completed
Xyz7629814,Atlas,DC,09-06-2026 10:02,09-06-2026 10:03,Completed
Xyz7629879,Atlas,DC,09-06-2026 10:03,09-06-2026 10:12,Completed
Xyz7629886,Atlas,DC,09-06-2026 10:02,09-06-2026 10:03,Completed
Xyz7629890,Atlas,DC,09-06-2026 10:01,09-06-2026 10:02,Completed
Xyz7629956,Atlas,DC,09-06-2026 21:04,-NA-,Expired
Xyz7629960,Atlas,DC,09-06-2026 10:03,09-06-2026 10:04,Completed
Xyz7630042,Atlas,DC,09-06-2026 10:03,09-06-2026 11:53,Completed
Xyz7630056,Atlas,DC,09-06-2026 10:03,-NA-,Expired
Xyz7630058,Atlas,DC,09-06-2026 10:04,09-06-2026 10:04,Completed
Xyz7630102,Atlas,DC,09-06-2026 10:03,-NA-,Expired
Xyz7630149,Atlas,DC,09-06-2026 10:03,09-06-2026 10:04,Completed
Xyz7630153,Atlas,DC,09-06-2026 10:01,09-06-2026 10:01,Completed
Xyz7630155,Atlas,DC,09-06-2026 10:03,09-06-2026 10:04,Completed
Xyz7630193,Atlas,DC,09-06-2026 10:03,09-06-2026 10:04,Completed
Xyz7630221,Atlas,DC,09-06-2026 20:59,-NA-,Expired
Xyz7630249,Atlas,DC,09-06-2026 10:03,09-06-2026 10:10,Completed
Xyz7630300,Atlas,DC,09-06-2026 10:03,09-06-2026 11:24,Completed
Xyz7630306,Atlas,DC,09-06-2026 10:03,-NA-,Expired
Xyz7630366,Atlas,DC,09-06-2026 10:02,09-06-2026 10:03,Completed
Xyz7630449,Atlas,DC,09-06-2026 10:02,09-06-2026 13:39,Completed
Xyz7630501,Atlas,DC,09-06-2026 10:02,09-06-2026 10:07,Completed
Xyz7630507,Atlas,DC,09-06-2026 10:03,09-06-2026 10:44,Completed
Xyz7630540,Atlas,DC,09-06-2026 10:03,09-06-2026 10:03,Completed
Xyz7630550,Atlas,DC,09-06-2026 10:03,09-06-2026 10:04,Completed
Xyz7630725,Atlas,DC,09-06-2026 10:03,09-06-2026 10:05,Completed
Xyz7630833,Atlas,DC,09-06-2026 10:02,09-06-2026 10:03,Completed
Xyz7630836,Atlas,DC,09-06-2026 10:03,09-06-2026 10:05,Completed
Xyz7630841,Atlas,DC,09-06-2026 10:01,09-06-2026 10:02,Completed
Xyz7630875,Atlas,DC,09-06-2026 21:01,-NA-,Expired
Xyz7630999,Atlas,DC,09-06-2026 10:02,09-06-2026 10:03,Completed
Xyz7631010,Atlas,DC,09-06-2026 10:00,09-06-2026 14:25,Completed
Xyz7631204,Atlas,DC,09-06-2026 10:03,09-06-2026 10:04,Completed
Xyz7631207,Atlas,DC,09-06-2026 10:02,09-06-2026 10:03,Completed
Xyz7631215,Atlas,DC,09-06-2026 10:02,09-06-2026 10:02,Completed
Xyz7631341,Atlas,DC,09-06-2026 10:00,09-06-2026 10:07,Completed
Xyz7631353,Atlas,DC,09-06-2026 10:03,09-06-2026 10:03,Completed
Xyz7631360,Atlas,DC,09-06-2026 10:01,09-06-2026 10:01,Completed
Xyz7631393,Atlas,DC,09-06-2026 10:01,09-06-2026 10:01,Completed
Xyz7631394,Atlas,DC,09-06-2026 10:01,09-06-2026 10:26,Completed
Xyz7631441,Atlas,DC,09-06-2026 10:02,09-06-2026 10:02,Completed
Xyz7631514,Atlas,DC,09-06-2026 10:01,09-06-2026 10:02,Completed
Xyz7631556,Atlas,DC,09-06-2026 10:03,09-06-2026 10:04,Completed
Xyz7631561,Atlas,DC,09-06-2026 10:00,09-06-2026 10:45,Completed
Xyz7631577,Atlas,DC,09-06-2026 10:03,09-06-2026 10:03,Completed
Xyz7631585,Atlas,DC,09-06-2026 10:00,09-06-2026 10:01,Completed
Xyz7631612,Atlas,DC,09-06-2026 10:03,09-06-2026 10:09,Completed
Xyz7631626,Atlas,DC,09-06-2026 10:02,09-06-2026 10:03,Completed
Xyz7631759,Atlas,DC,09-06-2026 10:00,09-06-2026 10:01,Completed
Xyz7631760,Atlas,DC,09-06-2026 10:02,09-06-2026 10:03,Completed
Xyz7631764,Atlas,DC,09-06-2026 10:02,09-06-2026 10:03,Completed
Xyz7631765,Atlas,DC,09-06-2026 10:02,09-06-2026 10:03,Completed
Xyz7631767,Atlas,DC,09-06-2026 10:02,09-06-2026 10:03,Completed
Xyz7631775,Atlas,DC,09-06-2026 10:02,09-06-2026 10:03,Completed
Xyz7631825,Atlas,DC,09-06-2026 10:03,-NA-,Expired
Xyz7631864,Atlas,DC,09-06-2026 10:03,09-06-2026 15:55,Completed
Xyz7631881,Atlas,DC,09-06-2026 21:01,-NA-,Expired
Xyz7631903,Atlas,DC,09-06-2026 10:04,09-06-2026 10:06,Completed
Xyz7631939,Atlas,DC,09-06-2026 10:01,09-06-2026 12:06,Completed
Xyz7631942,Atlas,DC,09-06-2026 10:03,09-06-2026 10:03,Completed
Xyz7631959,Atlas,DC,09-06-2026 10:01,09-06-2026 12:00,Completed
Xyz7632006,Atlas,DC,09-06-2026 10:02,09-06-2026 10:03,Completed
Xyz7632069,Atlas,DC,09-06-2026 10:02,10-06-2026 09:01,Completed
Xyz7632125,Atlas,DC,09-06-2026 10:01,09-06-2026 10:01,Completed
Xyz7632191,Atlas,DC,09-06-2026 10:03,09-06-2026 10:04,Completed
Xyz7632206,Atlas,DC,09-06-2026 10:02,09-06-2026 10:06,Completed
Xyz7632252,Atlas,DC,09-06-2026 10:03,09-06-2026 10:14,Completed
Xyz7632306,Atlas,DC,09-06-2026 10:02,09-06-2026 10:03,Completed
Xyz7632307,Atlas,DC,09-06-2026 10:01,09-06-2026 10:02,Completed
Xyz7632315,Atlas,DC,09-06-2026 10:03,09-06-2026 13:13,Completed
Xyz7632331,Atlas,DC,09-06-2026 10:04,09-06-2026 10:40,Completed
Xyz7632406,Atlas,DC,09-06-2026 10:01,09-06-2026 10:02,Completed
Xyz7632447,Atlas,DC,09-06-2026 10:01,09-06-2026 10:04,Completed
Xyz7632511,Atlas,DC,09-06-2026 10:03,09-06-2026 10:06,Completed
Xyz7632552,Atlas,DC,09-06-2026 10:01,09-06-2026 10:02,Completed
Xyz7632572,Atlas,DC,09-06-2026 10:03,09-06-2026 10:03,Completed
Xyz7632589,Atlas,DC,09-06-2026 10:01,09-06-2026 10:02,Completed
Xyz7632687,Atlas,DC,09-06-2026 10:03,09-06-2026 10:03,Completed
Xyz7632693,Atlas,DC,09-06-2026 10:02,09-06-2026 10:09,Completed
Xyz7632716,Atlas,DC,09-06-2026 10:03,09-06-2026 10:04,Completed
Xyz7632726,Atlas,DC,09-06-2026 10:03,09-06-2026 10:03,Completed
Xyz7632761,Atlas,DC,09-06-2026 21:02,-NA-,Expired
Xyz7632802,Atlas,DC,09-06-2026 21:02,-NA-,Expired
Xyz7632826,Atlas,DC,09-06-2026 21:02,-NA-,Expired
Xyz7632859,Atlas,DC,09-06-2026 10:03,-NA-,Expired
Xyz7632864,Atlas,DC,09-06-2026 10:03,09-06-2026 10:05,Completed
Xyz7632890,Atlas,DC,09-06-2026 10:02,09-06-2026 10:03,Completed
Xyz7633044,Atlas,DC,09-06-2026 10:03,09-06-2026 10:03,Completed
Xyz7633054,Atlas,DC,09-06-2026 10:03,09-06-2026 10:03,Completed
Xyz7633064,Atlas,DC,09-06-2026 10:03,09-06-2026 10:04,Completed
Xyz7633081,Atlas,DC,09-06-2026 21:01,-NA-,Expired
Xyz7633088,Atlas,DC,09-06-2026 21:00,-NA-,Expired
Xyz7633136,Atlas,DC,09-06-2026 10:02,09-06-2026 10:09,Completed
Xyz7633201,Atlas,DC,09-06-2026 10:03,09-06-2026 10:03,Completed
Xyz7633241,Atlas,DC,09-06-2026 21:04,09-06-2026 21:04,Completed
Xyz7633244,Atlas,DC,09-06-2026 21:04,09-06-2026 21:05,Completed
Xyz7633248,Atlas,DC,09-06-2026 21:02,09-06-2026 21:03,Completed
Xyz7633264,Atlas,DC,09-06-2026 10:03,09-06-2026 10:04,Completed
Xyz7633329,Atlas,DC,09-06-2026 10:03,09-06-2026 14:03,Completed
Xyz7633349,Atlas,DC,09-06-2026 10:03,09-06-2026 10:04,Completed
Xyz7633372,Atlas,DC,09-06-2026 10:03,09-06-2026 10:03,Completed
Xyz7633430,Atlas,DC,09-06-2026 10:02,09-06-2026 10:03,Completed
Xyz7633511,Atlas,DC,09-06-2026 10:02,09-06-2026 10:02,Completed
Xyz7633529,Atlas,DC,09-06-2026 10:02,09-06-2026 10:02,Completed
Xyz7633538,Atlas,DC,09-06-2026 10:01,-NA-,Expired
Xyz7633556,Atlas,DC,09-06-2026 10:02,09-06-2026 10:03,Completed
Xyz7633557,Atlas,DC,09-06-2026 10:03,09-06-2026 10:03,Completed
Xyz7633571,Atlas,DC,09-06-2026 21:00,-NA-,Expired
Xyz7633574,Atlas,DC,09-06-2026 10:01,09-06-2026 10:02,Completed
Xyz7633596,Atlas,DC,09-06-2026 10:00,09-06-2026 10:18,Completed
Xyz7633640,Atlas,DC,09-06-2026 10:01,09-06-2026 10:01,Completed
Xyz7633659,Atlas,DC,09-06-2026 10:02,09-06-2026 10:05,Completed
Xyz7633719,Atlas,DC,09-06-2026 10:02,10-06-2026 09:02,Completed
Xyz7633742,Atlas,DC,09-06-2026 10:03,09-06-2026 13:42,Completed
Xyz7633765,Atlas,DC,09-06-2026 10:02,09-06-2026 10:02,Completed
Xyz7633831,Atlas,DC,09-06-2026 10:00,09-06-2026 10:01,Completed
Xyz7633847,Atlas,DC,09-06-2026 10:01,09-06-2026 10:02,Completed
Xyz7633849,Atlas,DC,09-06-2026 10:02,09-06-2026 10:02,Completed
Xyz7633910,Atlas,DC,09-06-2026 10:01,09-06-2026 10:02,Completed
Xyz7633926,Atlas,DC,09-06-2026 10:03,09-06-2026 10:04,Completed
Xyz7633932,Atlas,DC,09-06-2026 10:02,09-06-2026 10:03,Completed
Xyz7633945,Atlas,DC,09-06-2026 10:01,09-06-2026 10:02,Completed
Xyz7633947,Atlas,DC,09-06-2026 10:00,09-06-2026 10:04,Completed
Xyz7633975,Atlas,DC,09-06-2026 10:02,09-06-2026 10:02,Completed
Xyz7633995,Atlas,DC,09-06-2026 10:01,09-06-2026 10:02,Completed
Xyz7634007,Atlas,DC,09-06-2026 10:01,09-06-2026 10:01,Completed
Xyz7634012,Atlas,DC,09-06-2026 10:00,09-06-2026 10:07,Completed
Xyz7634050,Atlas,DC,09-06-2026 10:00,09-06-2026 10:02,Completed
Xyz7634068,Atlas,DC,09-06-2026 10:02,09-06-2026 10:02,Completed
Xyz7634072,Atlas,DC,09-06-2026 10:02,09-06-2026 10:05,Completed
Xyz7634080,Atlas,DC,09-06-2026 10:03,09-06-2026 10:03,Completed
Xyz7634102,Atlas,DC,09-06-2026 10:03,09-06-2026 10:04,Completed
Xyz7634134,Atlas,DC,09-06-2026 10:03,09-06-2026 10:04,Completed
Xyz7634171,Atlas,DC,09-06-2026 10:02,09-06-2026 10:02,Completed
Xyz7634176,Atlas,DC,09-06-2026 10:03,09-06-2026 10:04,Completed
Xyz7634184,Atlas,DC,09-06-2026 10:03,09-06-2026 10:03,Completed
Xyz7634197,Atlas,DC,09-06-2026 10:02,09-06-2026 10:02,Completed
Xyz7634200,Atlas,DC,09-06-2026 10:02,09-06-2026 10:05,Completed
Xyz7634281,Atlas,DC,09-06-2026 10:03,09-06-2026 10:03,Completed
Xyz7634293,Atlas,DC,09-06-2026 10:03,09-06-2026 10:05,Completed
Xyz7634524,Atlas,DC,09-06-2026 21:04,-NA-,Expired
Xyz7634652,Atlas,DC,09-06-2026 10:03,09-06-2026 10:04,Completed
Xyz7634676,Atlas,DC,09-06-2026 10:02,09-06-2026 10:03,Completed
Xyz7634729,Atlas,DC,09-06-2026 10:02,09-06-2026 10:03,Completed
Xyz7634739,Atlas,DC,09-06-2026 21:00,-NA-,Expired
Xyz7634757,Atlas,DC,09-06-2026 10:03,09-06-2026 11:11,Completed
Xyz7634767,Atlas,DC,09-06-2026 10:03,09-06-2026 10:06,Completed
Xyz7634783,Atlas,DC,09-06-2026 10:02,09-06-2026 10:03,Completed
Xyz7634794,Atlas,DC,09-06-2026 10:02,09-06-2026 10:03,Completed
Xyz7634864,Atlas,DC,09-06-2026 10:00,09-06-2026 10:01,Completed
Xyz7634875,Atlas,DC,09-06-2026 10:03,09-06-2026 10:03,Completed
Xyz7634965,Atlas,DC,09-06-2026 10:02,09-06-2026 10:02,Completed
Xyz7635007,Atlas,DC,09-06-2026 10:01,09-06-2026 10:02,Completed
Xyz7635071,Atlas,DC,09-06-2026 10:02,09-06-2026 10:02,Completed
Xyz7635129,Atlas,DC,09-06-2026 21:00,-NA-,Expired
Xyz7635182,Atlas,DC,09-06-2026 10:01,09-06-2026 10:02,Completed
Xyz7635391,Atlas,DC,09-06-2026 10:02,-NA-,Expired
Xyz7635421,Atlas,DC,09-06-2026 10:00,09-06-2026 10:01,Completed
Xyz7635470,Atlas,DC,09-06-2026 10:01,09-06-2026 10:02,Completed
Xyz7635471,Atlas,DC,09-06-2026 10:02,09-06-2026 10:02,Completed
Xyz7635472,Atlas,DC,09-06-2026 10:02,09-06-2026 10:02,Completed
Xyz7635517,Atlas,DC,09-06-2026 10:03,09-06-2026 10:04,Completed
Xyz7635525,Atlas,DC,09-06-2026 10:03,09-06-2026 10:04,Completed
Xyz7635581,Atlas,DC,09-06-2026 10:02,09-06-2026 10:03,Completed
Xyz7635583,Atlas,DC,09-06-2026 10:03,09-06-2026 10:04,Completed
Xyz7635608,Atlas,DC,09-06-2026 10:02,09-06-2026 10:05,Completed
Xyz7635614,Atlas,DC,09-06-2026 10:02,09-06-2026 10:02,Completed
Xyz7635664,Atlas,DC,09-06-2026 10:00,09-06-2026 10:02,Completed
Xyz7635692,Atlas,DC,09-06-2026 10:03,09-06-2026 10:03,Completed
Xyz7635719,Atlas,DC,09-06-2026 10:01,09-06-2026 11:09,Completed
Xyz7635722,Atlas,DC,09-06-2026 10:03,09-06-2026 10:05,Completed
Xyz7635872,Atlas,DC,09-06-2026 10:03,09-06-2026 10:03,Completed
Xyz7635885,Atlas,DC,09-06-2026 10:02,09-06-2026 10:02,Completed
Xyz7635896,Atlas,DC,09-06-2026 10:02,09-06-2026 10:03,Completed
Xyz7635898,Atlas,DC,09-06-2026 10:01,09-06-2026 10:02,Completed
Xyz7635979,Atlas,DC,09-06-2026 10:02,09-06-2026 10:02,Completed
Xyz7636057,Atlas,DC,09-06-2026 10:04,09-06-2026 10:05,Completed
Xyz7636078,Atlas,DC,09-06-2026 10:02,09-06-2026 10:03,Completed
Xyz7636084,Atlas,DC,09-06-2026 10:03,09-06-2026 10:04,Completed
Xyz7636111,Atlas,DC,09-06-2026 10:01,09-06-2026 10:05,Completed
Xyz7636162,Atlas,DC,09-06-2026 21:01,-NA-,Expired
Xyz7636192,Atlas,DC,09-06-2026 10:03,09-06-2026 10:04,Completed
Xyz7636195,Atlas,DC,09-06-2026 10:03,09-06-2026 10:06,Completed
Xyz7636316,Atlas,DC,09-06-2026 10:04,09-06-2026 10:04,Completed
Xyz7636331,Atlas,DC,09-06-2026 10:00,09-06-2026 10:01,Completed
Xyz7636359,Atlas,DC,09-06-2026 10:02,09-06-2026 10:05,Completed
Xyz7636380,Atlas,DC,09-06-2026 10:01,09-06-2026 10:11,Completed
Xyz7636400,Atlas,DC,09-06-2026 10:01,09-06-2026 10:02,Completed
Xyz7636518,Atlas,DC,09-06-2026 10:03,09-06-2026 10:51,Completed
Xyz7636537,Atlas,DC,09-06-2026 10:03,09-06-2026 10:03,Completed
Xyz7636566,Atlas,DC,09-06-2026 10:01,09-06-2026 10:02,Completed
Xyz7636569,Atlas,DC,09-06-2026 10:03,-NA-,Expired
Xyz7636707,Atlas,DC,09-06-2026 21:00,-NA-,Expired
Xyz7636718,Atlas,DC,09-06-2026 10:02,09-06-2026 11:29,Completed
Xyz7636753,Atlas,DC,09-06-2026 10:02,09-06-2026 10:03,Completed
Xyz7636810,Atlas,DC,09-06-2026 10:02,09-06-2026 10:03,Completed
Xyz7636842,Atlas,DC,09-06-2026 10:00,09-06-2026 10:01,Completed
Xyz7636899,Atlas,DC,09-06-2026 20:59,-NA-,Expired
Xyz7636935,Atlas,DC,09-06-2026 10:03,09-06-2026 10:03,Completed
Xyz7637044,Atlas,DC,09-06-2026 10:04,09-06-2026 10:05,Completed
Xyz7637051,Atlas,DC,09-06-2026 10:02,-NA-,Expired
Xyz7637078,Atlas,DC,09-06-2026 10:03,09-06-2026 10:06,Completed
Xyz7637171,Atlas,DC,09-06-2026 10:02,09-06-2026 10:11,Completed
Xyz7637179,Atlas,DC,09-06-2026 10:02,09-06-2026 10:44,Completed
Xyz7637316,Atlas,DC,09-06-2026 10:01,09-06-2026 10:02,Completed
Xyz7637319,Atlas,DC,09-06-2026 10:03,09-06-2026 10:06,Completed
Xyz7637353,Atlas,DC,09-06-2026 10:02,09-06-2026 10:03,Completed
Xyz7637358,Atlas,DC,09-06-2026 10:00,09-06-2026 10:01,Completed
Xyz7637403,Atlas,DC,09-06-2026 10:01,09-06-2026 10:05,Completed
Xyz7637405,Atlas,DC,09-06-2026 10:02,09-06-2026 10:04,Completed
Xyz7637459,Atlas,DC,09-06-2026 10:02,09-06-2026 10:02,Completed
Xyz7637472,Atlas,DC,09-06-2026 10:01,09-06-2026 10:01,Completed
Xyz7637518,Atlas,DC,09-06-2026 10:03,09-06-2026 10:03,Completed
Xyz7637620,Atlas,DC,09-06-2026 10:02,09-06-2026 10:02,Completed
Xyz7637629,Atlas,DC,09-06-2026 21:00,-NA-,Expired
Xyz7637663,Atlas,DC,09-06-2026 10:00,09-06-2026 10:09,Completed
Xyz7637668,Atlas,DC,09-06-2026 10:00,-NA-,Expired
Xyz7637702,Atlas,DC,09-06-2026 10:03,09-06-2026 10:03,Completed
Xyz7637721,Atlas,DC,09-06-2026 10:00,09-06-2026 10:01,Completed
Xyz7637776,Atlas,DC,09-06-2026 10:01,09-06-2026 10:02,Completed
Xyz7637862,Atlas,DC,09-06-2026 21:01,-NA-,Expired
Xyz7637889,Atlas,DC,09-06-2026 10:01,09-06-2026 10:02,Completed
Xyz7637894,Atlas,DC,09-06-2026 10:02,09-06-2026 10:03,Completed
Xyz7637896,Atlas,DC,09-06-2026 10:03,09-06-2026 10:03,Completed
Xyz7637941,Atlas,DC,09-06-2026 10:03,09-06-2026 10:16,Completed
Xyz7637973,Atlas,DC,09-06-2026 10:02,09-06-2026 10:06,Completed
Xyz7637998,Atlas,DC,09-06-2026 10:01,09-06-2026 10:02,Completed
Xyz7638005,Atlas,DC,09-06-2026 10:02,09-06-2026 10:02,Completed
Xyz7638050,Atlas,DC,09-06-2026 10:01,09-06-2026 10:04,Completed
Xyz7638129,Atlas,DC,09-06-2026 10:03,09-06-2026 10:04,Completed
Xyz7638133,Atlas,DC,09-06-2026 10:03,09-06-2026 10:04,Completed
Xyz7638142,Atlas,DC,09-06-2026 10:03,09-06-2026 10:25,Completed
Xyz7638179,Atlas,DC,09-06-2026 10:01,09-06-2026 10:01,Completed
Xyz7638183,Atlas,DC,09-06-2026 10:00,09-06-2026 10:01,Completed
Xyz7638230,Atlas,DC,09-06-2026 10:01,09-06-2026 10:06,Completed
Xyz7638369,Atlas,DC,09-06-2026 10:02,09-06-2026 10:02,Completed
Xyz7638375,Atlas,DC,09-06-2026 10:02,09-06-2026 10:02,Completed
Xyz7638421,Atlas,DC,09-06-2026 10:03,09-06-2026 16:06,Completed
Xyz7638443,Atlas,DC,09-06-2026 10:01,09-06-2026 10:02,Completed
Xyz7638481,Atlas,DC,09-06-2026 10:03,09-06-2026 10:04,Completed
Xyz7638516,Atlas,DC,09-06-2026 10:02,09-06-2026 12:21,Completed
Xyz7638618,Atlas,DC,09-06-2026 10:03,09-06-2026 10:03,Completed
Xyz7638641,Atlas,DC,09-06-2026 10:02,09-06-2026 10:06,Completed
Xyz7639018,Atlas,DC,09-06-2026 10:03,09-06-2026 10:03,Completed
Xyz7639054,Atlas,DC,09-06-2026 10:03,09-06-2026 10:03,Completed
Xyz7639061,Atlas,DC,09-06-2026 10:01,09-06-2026 10:02,Completed
Xyz7639135,Atlas,DC,09-06-2026 10:01,09-06-2026 10:04,Completed
Xyz7639140,Atlas,DC,09-06-2026 10:02,09-06-2026 10:06,Completed
Xyz7639150,Atlas,DC,09-06-2026 10:02,09-06-2026 14:04,Completed
Xyz7639348,Atlas,DC,09-06-2026 10:03,09-06-2026 10:04,Completed
Xyz7639369,Atlas,DC,09-06-2026 10:03,09-06-2026 10:05,Completed
Xyz7639441,Atlas,DC,09-06-2026 10:01,09-06-2026 10:03,Completed
Xyz7639488,Atlas,DC,09-06-2026 10:02,09-06-2026 10:02,Completed
Xyz7639563,Atlas,DC,09-06-2026 10:02,09-06-2026 10:02,Completed
Xyz7639566,Atlas,DC,09-06-2026 10:03,09-06-2026 10:04,Completed
Xyz7639574,Atlas,DC,09-06-2026 10:03,09-06-2026 10:04,Completed
Xyz7639604,Atlas,DC,09-06-2026 10:03,09-06-2026 10:04,Completed
Xyz7639618,Atlas,DC,09-06-2026 10:03,09-06-2026 10:04,Completed
Xyz7639623,Atlas,DC,09-06-2026 10:02,09-06-2026 10:03,Completed
Xyz7639644,Atlas,DC,09-06-2026 20:59,-NA-,Expired
Xyz7639660,Atlas,DC,09-06-2026 10:03,09-06-2026 10:03,Completed
Xyz7639714,Atlas,DC,09-06-2026 10:02,09-06-2026 10:03,Completed
Xyz7639727,Atlas,DC,09-06-2026 10:03,09-06-2026 10:48,Completed
Xyz7639783,Atlas,DC,09-06-2026 10:03,09-06-2026 10:04,Completed
Xyz7639865,Atlas,DC,09-06-2026 10:03,09-06-2026 10:04,Completed
Xyz7639991,Atlas,DC,09-06-2026 10:00,09-06-2026 10:03,Completed
Xyz7639999,Atlas,DC,09-06-2026 10:01,09-06-2026 10:02,Completed
Xyz7640125,Atlas,DC,09-06-2026 10:02,09-06-2026 10:02,Completed
Xyz7640128,Atlas,DC,09-06-2026 21:02,-NA-,Expired
Xyz7640135,Atlas,DC,09-06-2026 10:00,09-06-2026 10:01,Completed
Xyz7640208,Atlas,DC,09-06-2026 10:03,10-06-2026 09:02,Completed
Xyz7640239,Atlas,DC,09-06-2026 10:02,09-06-2026 10:03,Completed
Xyz7640249,Atlas,DC,09-06-2026 10:03,09-06-2026 10:04,Completed
Xyz7640469,Atlas,DC,09-06-2026 10:03,09-06-2026 11:00,Completed
Xyz7640486,Atlas,DC,09-06-2026 10:01,09-06-2026 10:02,Completed
Xyz7640529,Atlas,DC,09-06-2026 10:01,09-06-2026 10:03,Completed
Xyz7640628,Atlas,DC,09-06-2026 10:03,09-06-2026 10:04,Completed
Xyz7640711,Atlas,DC,09-06-2026 10:02,09-06-2026 10:02,Completed
Xyz7640785,Atlas,DC,09-06-2026 10:03,09-06-2026 10:03,Completed
Xyz7640787,Atlas,DC,09-06-2026 10:03,09-06-2026 10:04,Completed
Xyz7640830,Atlas,DC,09-06-2026 10:02,09-06-2026 10:07,Completed
Xyz7640954,Atlas,DC,09-06-2026 10:03,09-06-2026 10:03,Completed
Xyz7641131,Atlas,DC,09-06-2026 10:00,09-06-2026 10:01,Completed
Xyz7641162,Atlas,DC,09-06-2026 20:59,-NA-,Expired
Xyz7641198,Atlas,DC,09-06-2026 10:03,09-06-2026 10:04,Completed
Xyz7641217,Atlas,DC,09-06-2026 10:02,09-06-2026 10:03,Completed
Xyz7641222,Atlas,DC,09-06-2026 10:03,09-06-2026 10:04,Completed
Xyz7641296,Atlas,DC,09-06-2026 10:03,09-06-2026 10:04,Completed
Xyz7641383,Atlas,DC,09-06-2026 10:01,09-06-2026 10:02,Completed
Xyz7641446,Atlas,DC,09-06-2026 10:01,09-06-2026 10:02,Completed
Xyz7641483,Atlas,DC,09-06-2026 10:01,-NA-,Expired
Xyz7641524,Atlas,DC,09-06-2026 10:03,09-06-2026 10:03,Completed
Xyz7641545,Atlas,DC,09-06-2026 10:00,09-06-2026 10:03,Completed
Xyz7641551,Atlas,DC,09-06-2026 10:03,09-06-2026 10:04,Completed
Xyz7641578,Atlas,DC,09-06-2026 10:02,09-06-2026 10:02,Completed
Xyz7641594,Atlas,DC,09-06-2026 10:02,09-06-2026 10:04,Completed
Xyz7641610,Atlas,DC,09-06-2026 10:03,09-06-2026 10:04,Completed
Xyz7641638,Atlas,DC,09-06-2026 10:02,09-06-2026 10:03,Completed
Xyz7641642,Atlas,DC,09-06-2026 10:01,09-06-2026 10:53,Completed
Xyz7641748,Atlas,DC,09-06-2026 10:01,09-06-2026 11:26,Completed
Xyz7641823,Atlas,DC,09-06-2026 10:02,09-06-2026 12:35,Completed
Xyz7641837,Atlas,DC,09-06-2026 10:01,09-06-2026 10:02,Completed
Xyz7641854,Atlas,DC,09-06-2026 10:02,09-06-2026 10:03,Completed
Xyz7641904,Atlas,DC,09-06-2026 10:01,09-06-2026 10:02,Completed
Xyz7641907,Atlas,DC,09-06-2026 10:03,09-06-2026 10:03,Completed
Xyz7642060,Atlas,DC,09-06-2026 10:01,09-06-2026 10:49,Completed
Xyz7642065,Atlas,DC,09-06-2026 10:03,09-06-2026 10:48,Completed
Xyz7642148,Atlas,DC,09-06-2026 20:59,-NA-,Expired
Xyz7642193,Atlas,DC,09-06-2026 10:02,09-06-2026 10:03,Completed
Xyz7642194,Atlas,DC,09-06-2026 20:59,-NA-,Expired
Xyz7642248,Atlas,DC,09-06-2026 21:01,-NA-,Expired
Xyz7642286,Atlas,DC,09-06-2026 10:03,09-06-2026 10:04,Completed
Xyz7642319,Atlas,DC,09-06-2026 10:03,09-06-2026 10:04,Completed
Xyz7642321,Atlas,DC,09-06-2026 10:03,09-06-2026 10:04,Completed
Xyz7642340,Atlas,DC,09-06-2026 10:03,09-06-2026 10:04,Completed
Xyz7642423,Atlas,DC,09-06-2026 10:03,09-06-2026 12:05,Completed
Xyz7642429,Atlas,DC,09-06-2026 10:00,09-06-2026 10:01,Completed
Xyz7642463,Atlas,DC,09-06-2026 10:01,09-06-2026 10:02,Completed
Xyz7642472,Atlas,DC,09-06-2026 10:01,09-06-2026 10:02,Completed
Xyz7642486,Atlas,DC,09-06-2026 10:03,09-06-2026 10:14,Completed
Xyz7642564,Atlas,DC,09-06-2026 10:02,09-06-2026 10:03,Completed
Xyz7642578,Atlas,DC,09-06-2026 10:02,09-06-2026 10:03,Completed
Xyz7642610,Atlas,DC,09-06-2026 10:01,09-06-2026 10:02,Completed
Xyz7642692,Atlas,DC,09-06-2026 20:59,-NA-,Expired
Xyz7642803,Atlas,DC,09-06-2026 10:02,09-06-2026 10:02,Completed
Xyz7642812,Atlas,DC,09-06-2026 10:02,09-06-2026 10:03,Completed
Xyz7642824,Atlas,DC,09-06-2026 10:00,09-06-2026 10:01,Completed
Xyz7642837,Atlas,DC,09-06-2026 10:02,09-06-2026 10:03,Completed
Xyz7642853,Atlas,DC,09-06-2026 10:00,09-06-2026 10:01,Completed
Xyz7642924,Atlas,DC,09-06-2026 10:03,09-06-2026 10:08,Completed
Xyz7642943,Atlas,DC,09-06-2026 10:00,09-06-2026 10:03,Completed
Xyz7642955,Atlas,DC,09-06-2026 10:01,09-06-2026 10:02,Completed
Xyz7642993,Atlas,DC,09-06-2026 10:01,09-06-2026 10:04,Completed
Xyz7643006,Atlas,DC,09-06-2026 10:02,09-06-2026 10:24,Completed
Xyz7643076,Atlas,DC,09-06-2026 10:02,09-06-2026 10:03,Completed
Xyz7643180,Atlas,DC,09-06-2026 10:00,09-06-2026 10:01,Completed
Xyz7643272,Atlas,DC,09-06-2026 10:00,09-06-2026 11:00,Completed
Xyz7643287,Atlas,DC,09-06-2026 10:03,09-06-2026 10:03,Completed
Xyz7643322,Atlas,DC,09-06-2026 10:01,09-06-2026 14:53,Completed
Xyz7643350,Atlas,DC,09-06-2026 10:03,09-06-2026 12:49,Completed
Xyz7643392,Atlas,DC,09-06-2026 10:02,09-06-2026 10:02,Completed
Xyz7643408,Atlas,DC,09-06-2026 10:00,09-06-2026 10:03,Completed
Xyz7643412,Atlas,DC,09-06-2026 20:59,-NA-,Expired
Xyz7643654,Atlas,DC,09-06-2026 10:03,09-06-2026 10:04,Completed
Xyz7643695,Atlas,DC,09-06-2026 10:02,09-06-2026 10:02,Completed
Xyz7643753,Atlas,DC,09-06-2026 10:03,09-06-2026 10:05,Completed
Xyz7643829,Atlas,DC,09-06-2026 10:02,09-06-2026 10:03,Completed
Xyz7643830,Atlas,DC,09-06-2026 10:03,09-06-2026 10:04,Completed
Xyz7643875,Atlas,DC,09-06-2026 10:02,09-06-2026 10:03,Completed
Xyz7643881,Atlas,DC,09-06-2026 10:00,09-06-2026 10:01,Completed
Xyz7643892,Atlas,DC,09-06-2026 10:02,09-06-2026 10:02,Completed
Xyz7643916,Atlas,DC,09-06-2026 10:03,09-06-2026 10:03,Completed
Xyz7643933,Atlas,DC,09-06-2026 10:03,09-06-2026 10:04,Completed
Xyz7643981,Atlas,DC,09-06-2026 10:02,09-06-2026 10:05,Completed
Xyz7643989,Atlas,DC,09-06-2026 10:03,-NA-,Expired
Xyz7644009,Atlas,DC,09-06-2026 10:02,09-06-2026 10:02,Completed
Xyz7644021,Atlas,DC,09-06-2026 10:03,09-06-2026 14:01,Completed
Xyz7644028,Atlas,DC,09-06-2026 10:03,-NA-,Expired
Xyz7644050,Atlas,DC,09-06-2026 10:03,09-06-2026 10:04,Completed
Xyz7644055,Atlas,DC,09-06-2026 10:00,09-06-2026 10:07,Completed
Xyz7644056,Atlas,DC,09-06-2026 10:03,09-06-2026 10:04,Completed
Xyz7644078,Atlas,DC,09-06-2026 10:03,09-06-2026 10:04,Completed
Xyz7644084,Atlas,DC,09-06-2026 10:03,09-06-2026 10:04,Completed
Xyz7644129,Atlas,DC,09-06-2026 10:01,09-06-2026 11:02,Completed
Xyz7644151,Atlas,DC,09-06-2026 10:03,09-06-2026 12:19,Completed
Xyz7644261,Atlas,DC,09-06-2026 10:01,09-06-2026 10:02,Completed
Xyz7644414,Atlas,DC,09-06-2026 10:00,09-06-2026 10:30,Completed
Xyz7644417,Atlas,DC,09-06-2026 10:03,09-06-2026 10:04,Completed
Xyz7644526,Atlas,DC,09-06-2026 10:03,09-06-2026 10:04,Completed
Xyz7644581,Atlas,DC,09-06-2026 21:04,-NA-,Expired
Xyz7644611,Atlas,DC,09-06-2026 10:02,09-06-2026 10:03,Completed
Xyz7644614,Atlas,DC,09-06-2026 10:00,09-06-2026 10:03,Completed
Xyz7644643,Atlas,DC,09-06-2026 10:03,09-06-2026 10:08,Completed
Xyz7644662,Atlas,DC,09-06-2026 10:01,09-06-2026 10:02,Completed
Xyz7644672,Atlas,DC,09-06-2026 10:03,09-06-2026 10:04,Completed
Xyz7644723,Atlas,DC,09-06-2026 10:03,09-06-2026 10:07,Completed
Xyz7644724,Atlas,DC,09-06-2026 10:03,09-06-2026 10:07,Completed
Xyz7644775,Atlas,DC,09-06-2026 10:01,09-06-2026 10:03,Completed
Xyz7644827,Atlas,DC,09-06-2026 10:00,09-06-2026 10:01,Completed
Xyz7644881,Atlas,DC,09-06-2026 10:03,09-06-2026 10:31,Completed
Xyz7644927,Atlas,DC,09-06-2026 10:03,09-06-2026 10:03,Completed
Xyz7644946,Atlas,DC,09-06-2026 10:02,09-06-2026 10:03,Completed
Xyz7644953,Atlas,DC,09-06-2026 10:03,09-06-2026 11:02,Completed
Xyz7645031,Atlas,DC,09-06-2026 10:02,09-06-2026 10:03,Completed
Xyz7645032,Atlas,DC,09-06-2026 21:00,-NA-,Expired
Xyz7645034,Atlas,DC,09-06-2026 10:01,09-06-2026 10:05,Completed
Xyz7645041,Atlas,DC,09-06-2026 10:03,09-06-2026 10:04,Completed
Xyz7645120,Atlas,DC,09-06-2026 10:03,09-06-2026 10:04,Completed
Xyz7645140,Atlas,DC,09-06-2026 10:02,09-06-2026 10:03,Completed
Xyz7645142,Atlas,DC,09-06-2026 10:02,09-06-2026 10:02,Completed
Xyz7645145,Atlas,DC,09-06-2026 10:00,09-06-2026 10:01,Completed
Xyz7645162,Atlas,DC,09-06-2026 10:00,09-06-2026 10:01,Completed
Xyz7645194,Atlas,DC,09-06-2026 10:01,09-06-2026 10:01,Completed
Xyz7645216,Atlas,DC,09-06-2026 10:03,09-06-2026 10:03,Completed
Xyz7645240,Atlas,DC,09-06-2026 10:03,09-06-2026 10:03,Completed
Xyz7645242,Atlas,DC,09-06-2026 20:59,-NA-,Expired
Xyz7645427,Atlas,DC,09-06-2026 10:02,09-06-2026 10:59,Completed
Xyz7645461,Atlas,DC,09-06-2026 10:01,09-06-2026 10:02,Completed
Xyz7645511,Atlas,DC,09-06-2026 10:03,09-06-2026 10:04,Completed
Xyz7645562,Atlas,DC,09-06-2026 10:01,09-06-2026 10:02,Completed
Xyz7645577,Atlas,DC,09-06-2026 10:03,09-06-2026 10:04,Completed
Xyz7645595,Atlas,DC,09-06-2026 10:02,09-06-2026 10:02,Completed
Xyz7645611,Atlas,DC,09-06-2026 10:02,09-06-2026 10:03,Completed
Xyz7645614,Atlas,DC,09-06-2026 10:02,09-06-2026 10:02,Completed
Xyz7645665,Atlas,DC,09-06-2026 10:01,09-06-2026 10:07,Completed
Xyz7645691,Atlas,DC,09-06-2026 10:02,09-06-2026 10:03,Completed
Xyz7645707,Atlas,DC,09-06-2026 10:02,09-06-2026 10:02,Completed
Xyz7645711,Atlas,DC,09-06-2026 10:02,09-06-2026 10:05,Completed
Xyz7645789,Atlas,DC,09-06-2026 10:02,09-06-2026 10:03,Completed
Xyz7645835,Atlas,DC,09-06-2026 10:02,09-06-2026 10:03,Completed
Xyz7645886,Atlas,DC,09-06-2026 10:03,09-06-2026 10:03,Completed
Xyz7645902,Atlas,DC,09-06-2026 10:03,09-06-2026 10:04,Completed
Xyz7645908,Atlas,DC,09-06-2026 10:02,09-06-2026 10:03,Completed
Xyz7645912,Atlas,DC,09-06-2026 10:02,09-06-2026 10:02,Completed
Xyz7645957,Atlas,DC,09-06-2026 10:00,09-06-2026 10:02,Completed
Xyz7646022,Atlas,DC,09-06-2026 10:03,09-06-2026 10:04,Completed
Xyz7646068,Atlas,DC,09-06-2026 10:03,09-06-2026 10:03,Completed
Xyz7646113,Atlas,DC,09-06-2026 10:02,09-06-2026 10:04,Completed
Xyz7646235,Atlas,DC,09-06-2026 21:01,-NA-,Expired
Xyz7646266,Atlas,DC,09-06-2026 10:02,09-06-2026 10:02,Completed
Xyz7646281,Atlas,DC,09-06-2026 21:02,-NA-,Expired
Xyz7646301,Atlas,DC,09-06-2026 10:01,09-06-2026 10:02,Completed
Xyz7646303,Atlas,DC,09-06-2026 10:01,09-06-2026 10:02,Completed
Xyz7646359,Atlas,DC,09-06-2026 10:03,09-06-2026 10:09,Completed
Xyz7646371,Atlas,DC,09-06-2026 10:02,09-06-2026 10:02,Completed
Xyz7646377,Atlas,DC,09-06-2026 10:03,09-06-2026 10:04,Completed
Xyz7646429,Atlas,DC,09-06-2026 10:02,09-06-2026 10:02,Completed
Xyz7646632,Atlas,DC,09-06-2026 10:02,09-06-2026 10:04,Completed
Xyz7646717,Atlas,DC,09-06-2026 21:03,-NA-,Expired
Xyz7646742,Atlas,DC,09-06-2026 21:02,09-06-2026 22:24,Completed
Xyz7646877,Atlas,DC,09-06-2026 10:00,09-06-2026 10:01,Completed
Xyz7646935,Atlas,DC,09-06-2026 10:02,09-06-2026 10:03,Completed
Xyz7646988,Atlas,DC,09-06-2026 10:01,09-06-2026 10:02,Completed
Xyz7647050,Atlas,DC,09-06-2026 20:59,-NA-,Expired
Xyz7647079,Atlas,DC,09-06-2026 10:02,-NA-,Expired
Xyz7647118,Atlas,DC,09-06-2026 10:00,09-06-2026 10:03,Completed
Xyz7647123,Atlas,DC,09-06-2026 10:02,09-06-2026 10:02,Completed
Xyz7647144,Atlas,DC,09-06-2026 10:02,09-06-2026 10:03,Completed
Xyz7647145,Atlas,DC,09-06-2026 10:02,09-06-2026 10:03,Completed
Xyz7647245,Atlas,DC,09-06-2026 10:00,09-06-2026 10:02,Completed
Xyz7647248,Atlas,DC,09-06-2026 10:04,09-06-2026 10:04,Completed
Xyz7647271,Atlas,DC,09-06-2026 10:01,09-06-2026 10:02,Completed
Xyz7647344,Atlas,DC,09-06-2026 21:02,09-06-2026 21:03,Completed
Xyz7647379,Atlas,DC,09-06-2026 10:01,09-06-2026 10:02,Completed
Xyz7647382,Atlas,DC,09-06-2026 10:01,09-06-2026 12:04,Completed
Xyz7647419,Atlas,DC,09-06-2026 10:02,09-06-2026 10:07,Completed
Xyz7647588,Atlas,DC,09-06-2026 10:03,09-06-2026 10:03,Completed
Xyz7647597,Atlas,DC,09-06-2026 10:01,09-06-2026 10:02,Completed
Xyz7647615,Atlas,DC,09-06-2026 10:01,09-06-2026 10:01,Completed
Xyz7647624,Atlas,DC,09-06-2026 20:59,-NA-,Expired
Xyz7647630,Atlas,DC,09-06-2026 10:02,09-06-2026 10:03,Completed
Xyz7647658,Atlas,DC,09-06-2026 10:02,09-06-2026 10:03,Completed
Xyz7647663,Atlas,DC,09-06-2026 10:01,09-06-2026 10:02,Completed
Xyz7647679,Atlas,DC,09-06-2026 10:03,-NA-,Expired
Xyz7647705,Atlas,DC,09-06-2026 10:00,09-06-2026 10:02,Completed
Xyz7647724,Atlas,DC,09-06-2026 10:00,09-06-2026 10:02,Completed
Xyz7647740,Atlas,DC,09-06-2026 10:00,09-06-2026 10:01,Completed
Xyz7647748,Atlas,DC,09-06-2026 10:02,09-06-2026 10:03,Completed
Xyz7647816,Atlas,DC,09-06-2026 10:02,09-06-2026 10:15,Completed
Xyz7647840,Atlas,DC,09-06-2026 21:02,-NA-,Expired
Xyz7647866,Atlas,DC,09-06-2026 10:02,09-06-2026 10:03,Completed
Xyz7647938,Atlas,DC,09-06-2026 10:02,-NA-,Expired
Xyz7648019,Atlas,DC,09-06-2026 10:01,09-06-2026 10:02,Completed
Xyz7648047,Atlas,DC,09-06-2026 20:59,-NA-,Expired
Xyz7648072,Atlas,DC,09-06-2026 10:02,09-06-2026 10:02,Completed
Xyz7648141,Atlas,DC,09-06-2026 21:02,-NA-,Expired
Xyz7648181,Atlas,DC,09-06-2026 10:02,09-06-2026 10:03,Completed
Xyz7648206,Atlas,DC,09-06-2026 21:01,-NA-,Expired
Xyz7648309,Atlas,DC,09-06-2026 10:03,09-06-2026 10:16,Completed
Xyz7648310,Atlas,DC,09-06-2026 10:02,09-06-2026 10:03,Completed
Xyz7648328,Atlas,DC,09-06-2026 10:01,09-06-2026 10:02,Completed
Xyz7648365,Atlas,DC,09-06-2026 10:01,09-06-2026 10:02,Completed
Xyz7648409,Atlas,DC,09-06-2026 10:01,09-06-2026 10:02,Completed
Xyz7648457,Atlas,DC,09-06-2026 10:02,09-06-2026 11:36,Completed
Xyz7648500,Atlas,DC,09-06-2026 21:04,-NA-,Expired
Xyz7648514,Atlas,DC,09-06-2026 10:00,09-06-2026 10:00,Completed
Xyz7648538,Atlas,DC,09-06-2026 10:02,09-06-2026 10:04,Completed
Xyz7648566,Atlas,DC,09-06-2026 10:00,09-06-2026 10:01,Completed
Xyz7648577,Atlas,DC,09-06-2026 21:04,09-06-2026 21:05,Completed
Xyz7648609,Atlas,DC,09-06-2026 21:02,-NA-,Expired
Xyz7648633,Atlas,DC,09-06-2026 21:04,-NA-,Expired
Xyz7648642,Atlas,DC,09-06-2026 21:04,09-06-2026 21:04,Completed
Xyz7648644,Atlas,DC,09-06-2026 21:04,09-06-2026 21:04,Completed
Xyz7648645,Atlas,DC,09-06-2026 21:04,09-06-2026 21:05,Completed
Xyz7648653,Atlas,DC,09-06-2026 10:00,09-06-2026 10:01,Completed
Xyz7648687,Atlas,DC,09-06-2026 10:01,09-06-2026 10:07,Completed
Xyz7648760,Atlas,DC,09-06-2026 10:01,09-06-2026 10:02,Completed
Xyz7648799,Atlas,DC,09-06-2026 10:01,09-06-2026 10:02,Completed
Xyz7648818,Atlas,DC,09-06-2026 10:01,09-06-2026 10:02,Completed
Xyz7648824,Atlas,DC,09-06-2026 10:02,09-06-2026 10:02,Completed
Xyz7648907,Atlas,DC,09-06-2026 10:03,09-06-2026 10:03,Completed
Xyz7648914,Atlas,DC,09-06-2026 10:02,09-06-2026 10:03,Completed
Xyz7648924,Atlas,DC,09-06-2026 10:01,09-06-2026 10:01,Completed
Xyz7648948,Atlas,DC,09-06-2026 10:01,09-06-2026 10:02,Completed
Xyz7648992,Atlas,DC,09-06-2026 10:01,09-06-2026 10:03,Completed
Xyz7649002,Atlas,DC,09-06-2026 10:01,09-06-2026 10:01,Completed
Xyz7649027,Atlas,DC,09-06-2026 10:01,09-06-2026 10:02,Completed
Xyz7649084,Atlas,DC,09-06-2026 10:01,09-06-2026 10:01,Completed
Xyz7649190,Atlas,DC,09-06-2026 10:03,09-06-2026 10:31,Completed
Xyz7649237,Atlas,DC,09-06-2026 10:02,09-06-2026 10:06,Completed
Xyz7649239,Atlas,DC,09-06-2026 10:02,09-06-2026 10:06,Completed
Xyz7649336,Atlas,DC,09-06-2026 20:59,-NA-,Expired
Xyz7649385,Atlas,DC,09-06-2026 10:00,09-06-2026 10:02,Completed
Xyz7649426,Atlas,DC,09-06-2026 10:00,09-06-2026 11:32,Completed
Xyz7649493,Atlas,DC,09-06-2026 10:03,09-06-2026 10:03,Completed
Xyz7649497,Atlas,DC,09-06-2026 10:03,09-06-2026 10:51,Completed
Xyz7649511,Atlas,DC,09-06-2026 10:02,09-06-2026 10:02,Completed
Xyz7649555,Atlas,DC,09-06-2026 10:01,09-06-2026 10:08,Completed
Xyz7649674,Atlas,DC,09-06-2026 10:02,09-06-2026 10:02,Completed
Xyz7649705,Atlas,DC,09-06-2026 10:02,09-06-2026 10:05,Completed
Xyz7649761,Atlas,DC,09-06-2026 10:01,09-06-2026 10:02,Completed
Xyz7649810,Atlas,DC,09-06-2026 10:03,09-06-2026 11:23,Completed
Xyz7649815,Atlas,DC,09-06-2026 10:01,09-06-2026 11:23,Completed
Xyz7649823,Atlas,DC,09-06-2026 10:03,09-06-2026 10:04,Completed
Xyz7649842,Atlas,DC,09-06-2026 10:02,09-06-2026 10:02,Completed
Xyz7649861,Atlas,DC,09-06-2026 10:04,09-06-2026 10:05,Completed
Xyz7649873,Atlas,DC,09-06-2026 10:02,09-06-2026 10:08,Completed
Xyz7649877,Atlas,DC,09-06-2026 10:01,09-06-2026 10:02,Completed
Xyz7649888,Atlas,DC,09-06-2026 10:04,09-06-2026 10:05,Completed
Xyz7649893,Atlas,DC,09-06-2026 10:01,09-06-2026 11:01,Completed
Xyz7649901,Atlas,DC,09-06-2026 10:01,09-06-2026 10:02,Completed
Xyz7649953,Atlas,DC,09-06-2026 10:03,09-06-2026 10:04,Completed
Xyz7650021,Atlas,DC,09-06-2026 10:01,09-06-2026 10:02,Completed
Xyz7650024,Atlas,DC,09-06-2026 10:00,09-06-2026 10:01,Completed
Xyz7650027,Atlas,DC,09-06-2026 10:03,09-06-2026 10:06,Completed
Xyz7650068,Atlas,DC,09-06-2026 10:03,09-06-2026 10:04,Completed
Xyz7650197,Atlas,DC,09-06-2026 10:03,09-06-2026 10:04,Completed
Xyz7650423,Atlas,DC,09-06-2026 10:02,09-06-2026 10:02,Completed
Xyz7650581,Atlas,DC,09-06-2026 10:02,09-06-2026 10:03,Completed
Xyz7650591,Atlas,DC,09-06-2026 10:02,09-06-2026 10:09,Completed
Xyz7650652,Atlas,DC,09-06-2026 10:02,09-06-2026 10:07,Completed
Xyz7650661,Atlas,DC,09-06-2026 10:03,09-06-2026 10:04,Completed
Xyz7650716,Atlas,DC,09-06-2026 10:00,09-06-2026 10:10,Completed
Xyz7650773,Atlas,DC,09-06-2026 10:02,09-06-2026 10:03,Completed
Xyz7650780,Atlas,DC,09-06-2026 10:01,09-06-2026 10:17,Completed
Xyz7650797,Atlas,DC,09-06-2026 10:01,09-06-2026 10:02,Completed
Xyz7650810,Atlas,DC,09-06-2026 10:02,09-06-2026 10:02,Completed
Xyz7650889,Atlas,DC,09-06-2026 10:01,09-06-2026 10:01,Completed
Xyz7650939,Atlas,DC,09-06-2026 10:01,09-06-2026 10:03,Completed
Xyz7651078,Atlas,DC,09-06-2026 10:01,09-06-2026 10:02,Completed
Xyz7651132,Atlas,DC,09-06-2026 10:01,09-06-2026 10:01,Completed
Xyz7651138,Atlas,DC,09-06-2026 10:03,09-06-2026 10:09,Completed
Xyz7651165,Atlas,DC,09-06-2026 10:02,09-06-2026 14:15,Completed
Xyz7651240,Atlas,DC,09-06-2026 21:01,-NA-,Expired
Xyz7651397,Atlas,DC,09-06-2026 10:02,09-06-2026 10:03,Completed
Xyz7651448,Atlas,DC,09-06-2026 10:01,09-06-2026 10:01,Completed
Xyz7651525,Atlas,DC,09-06-2026 10:03,09-06-2026 10:03,Completed
Xyz7651639,Atlas,DC,09-06-2026 10:01,09-06-2026 10:01,Completed
Xyz7651648,Atlas,DC,09-06-2026 10:02,09-06-2026 10:03,Completed
Xyz7651653,Atlas,DC,09-06-2026 10:03,09-06-2026 10:04,Completed
Xyz7651722,Atlas,DC,09-06-2026 10:01,09-06-2026 10:15,Completed
Xyz7651724,Atlas,DC,09-06-2026 10:02,09-06-2026 10:16,Completed
Xyz7651805,Atlas,DC,09-06-2026 10:00,09-06-2026 10:01,Completed
Xyz7651845,Atlas,DC,09-06-2026 10:02,09-06-2026 10:02,Completed
Xyz7651875,Atlas,DC,09-06-2026 10:02,09-06-2026 10:02,Completed
Xyz7651886,Atlas,DC,09-06-2026 10:01,09-06-2026 10:02,Completed
Xyz7651958,Atlas,DC,09-06-2026 10:01,09-06-2026 10:02,Completed
Xyz7651959,Atlas,DC,09-06-2026 10:03,09-06-2026 10:04,Completed
Xyz7652000,Atlas,DC,09-06-2026 10:02,09-06-2026 10:02,Completed
Xyz7652010,Atlas,DC,09-06-2026 10:01,09-06-2026 11:37,Completed
Xyz7652025,Atlas,DC,09-06-2026 10:01,09-06-2026 10:02,Completed
Xyz7652041,Atlas,DC,09-06-2026 10:02,09-06-2026 10:15,Completed
Xyz7652045,Atlas,DC,09-06-2026 21:01,-NA-,Expired
Xyz7652104,Atlas,DC,09-06-2026 10:01,09-06-2026 10:02,Completed
Xyz7652121,Atlas,DC,09-06-2026 10:00,09-06-2026 10:01,Completed
Xyz7652240,Atlas,DC,09-06-2026 10:03,-NA-,Expired
Xyz7652263,Atlas,DC,09-06-2026 20:59,-NA-,Expired
Xyz7652278,Atlas,DC,09-06-2026 10:00,09-06-2026 10:01,Completed
Xyz7652295,Atlas,DC,09-06-2026 21:00,-NA-,Expired
Xyz7652303,Atlas,DC,09-06-2026 10:01,09-06-2026 10:02,Completed
Xyz7652398,Atlas,DC,09-06-2026 10:00,09-06-2026 10:01,Completed
Xyz7652458,Atlas,DC,09-06-2026 10:02,09-06-2026 10:03,Completed
Xyz7652469,Atlas,DC,09-06-2026 10:04,-NA-,Expired
Xyz7652527,Atlas,DC,09-06-2026 10:00,09-06-2026 10:01,Completed
Xyz7652536,Atlas,DC,09-06-2026 10:03,09-06-2026 10:04,Completed
Xyz7652552,Atlas,DC,09-06-2026 10:00,09-06-2026 10:01,Completed
Xyz7652587,Atlas,DC,09-06-2026 10:02,09-06-2026 10:03,Completed
Xyz7652592,Atlas,DC,09-06-2026 10:00,09-06-2026 10:01,Completed
Xyz7652615,Atlas,DC,09-06-2026 10:02,09-06-2026 10:03,Completed
Xyz7652623,Atlas,DC,09-06-2026 10:02,09-06-2026 10:03,Completed
Xyz7652682,Atlas,DC,09-06-2026 10:03,09-06-2026 11:16,Completed
Xyz7652698,Atlas,DC,09-06-2026 10:03,09-06-2026 10:03,Completed
Xyz7652712,Atlas,DC,09-06-2026 10:04,09-06-2026 10:04,Completed
Xyz7652715,Atlas,DC,09-06-2026 10:00,09-06-2026 10:01,Completed
Xyz7652733,Atlas,DC,09-06-2026 10:03,09-06-2026 10:03,Completed
Xyz7652790,Atlas,DC,09-06-2026 10:03,-NA-,Expired
Xyz7652828,Atlas,DC,09-06-2026 10:00,09-06-2026 10:04,Completed
Xyz7652830,Atlas,DC,09-06-2026 10:00,09-06-2026 10:01,Completed
Xyz7652872,Atlas,DC,09-06-2026 10:01,09-06-2026 10:01,Completed
Xyz7652873,Atlas,DC,09-06-2026 10:00,09-06-2026 10:01,Completed
Xyz7652880,Atlas,DC,09-06-2026 10:01,09-06-2026 10:02,Completed
Xyz7652892,Atlas,DC,09-06-2026 10:03,09-06-2026 10:12,Completed
Xyz7652911,Atlas,DC,09-06-2026 10:03,09-06-2026 10:04,Completed
Xyz7652929,Atlas,DC,09-06-2026 10:00,09-06-2026 10:02,Completed
Xyz7652957,Atlas,DC,09-06-2026 10:02,09-06-2026 10:03,Completed
Xyz7652959,Atlas,DC,09-06-2026 10:00,09-06-2026 10:01,Completed
Xyz7652983,Atlas,DC,09-06-2026 10:03,09-06-2026 10:06,Completed
Xyz7652987,Atlas,DC,09-06-2026 10:01,09-06-2026 10:10,Completed
Xyz7653014,Atlas,DC,09-06-2026 10:00,09-06-2026 10:01,Completed
Xyz7653049,Atlas,DC,09-06-2026 10:01,09-06-2026 10:01,Completed
Xyz7653050,Atlas,DC,09-06-2026 10:01,09-06-2026 10:01,Completed
Xyz7653052,Atlas,DC,09-06-2026 10:03,09-06-2026 10:04,Completed
Xyz7653054,Atlas,DC,09-06-2026 10:03,09-06-2026 10:04,Completed
Xyz7653077,Atlas,DC,09-06-2026 10:00,09-06-2026 10:02,Completed
Xyz7653086,Atlas,DC,09-06-2026 10:02,09-06-2026 10:03,Completed
Xyz7653095,Atlas,DC,09-06-2026 10:03,-NA-,Expired
Xyz7653151,Atlas,DC,09-06-2026 10:02,09-06-2026 10:03,Completed
Xyz7653182,Atlas,DC,09-06-2026 10:03,09-06-2026 10:04,Completed
Xyz7653226,Atlas,DC,09-06-2026 10:03,09-06-2026 13:05,Completed
Xyz7653271,Atlas,DC,09-06-2026 10:01,09-06-2026 10:01,Completed
Xyz7653306,Atlas,DC,09-06-2026 10:00,09-06-2026 15:11,Completed
Xyz7653320,Atlas,DC,09-06-2026 10:04,09-06-2026 10:04,Completed
Xyz7653345,Atlas,DC,09-06-2026 10:01,09-06-2026 10:01,Completed
Xyz7653368,Atlas,DC,09-06-2026 21:01,-NA-,Expired
Xyz7653383,Atlas,DC,09-06-2026 10:02,09-06-2026 10:03,Completed
Xyz7653389,Atlas,DC,09-06-2026 10:00,09-06-2026 10:02,Completed
Xyz7653417,Atlas,DC,09-06-2026 10:01,09-06-2026 10:02,Completed
Xyz7653423,Atlas,DC,09-06-2026 10:01,09-06-2026 10:02,Completed
Xyz7653441,Atlas,DC,09-06-2026 10:00,09-06-2026 10:03,Completed
Xyz7653474,Atlas,DC,09-06-2026 10:00,09-06-2026 10:02,Completed
Xyz7653563,Atlas,DC,09-06-2026 10:00,09-06-2026 10:01,Completed
Xyz7653571,Atlas,DC,09-06-2026 10:00,09-06-2026 10:03,Completed
Xyz7653575,Atlas,DC,09-06-2026 10:00,09-06-2026 10:01,Completed
Xyz7653592,Atlas,DC,09-06-2026 10:03,09-06-2026 10:04,Completed
Xyz7653622,Atlas,DC,09-06-2026 10:02,09-06-2026 10:03,Completed
Xyz7653639,Atlas,DC,09-06-2026 10:02,09-06-2026 10:03,Completed
Xyz7653647,Atlas,DC,09-06-2026 10:00,09-06-2026 10:01,Completed
Xyz7653652,Atlas,DC,09-06-2026 10:01,09-06-2026 10:59,Completed
Xyz7653735,Atlas,DC,09-06-2026 10:01,09-06-2026 10:02,Completed
Xyz7653760,Atlas,DC,09-06-2026 10:02,09-06-2026 10:05,Completed
Xyz7653844,Atlas,DC,09-06-2026 10:01,09-06-2026 10:02,Completed
Xyz7653881,Atlas,DC,09-06-2026 10:00,09-06-2026 10:01,Completed
Xyz7653888,Atlas,DC,09-06-2026 10:01,09-06-2026 10:02,Completed
Xyz7653931,Atlas,DC,09-06-2026 10:01,09-06-2026 11:22,Completed
Xyz7653966,Atlas,DC,09-06-2026 10:00,09-06-2026 10:01,Completed
Xyz7653997,Atlas,DC,09-06-2026 10:00,09-06-2026 10:02,Completed
Xyz7654024,Atlas,DC,09-06-2026 10:03,09-06-2026 10:04,Completed
Xyz7654047,Atlas,DC,09-06-2026 10:02,-NA-,Expired
Xyz7654119,Atlas,DC,09-06-2026 10:02,09-06-2026 10:02,Completed
Xyz7654139,Atlas,DC,09-06-2026 10:01,09-06-2026 10:02,Completed
Xyz7654151,Atlas,DC,09-06-2026 10:01,09-06-2026 10:02,Completed
Xyz7654181,Atlas,DC,09-06-2026 10:03,09-06-2026 10:04,Completed
Xyz7654212,Atlas,DC,09-06-2026 10:03,09-06-2026 11:00,Completed
Xyz7654227,Atlas,DC,09-06-2026 10:01,09-06-2026 10:02,Completed
Xyz7654378,Atlas,DC,09-06-2026 10:02,09-06-2026 10:10,Completed
Xyz7654398,Atlas,DC,09-06-2026 10:01,09-06-2026 10:02,Completed
Xyz7654415,Atlas,DC,09-06-2026 10:01,09-06-2026 10:02,Completed
Xyz7654490,Atlas,DC,09-06-2026 10:02,-NA-,Expired
Xyz7654516,Atlas,DC,09-06-2026 10:02,09-06-2026 10:02,Completed
Xyz7654583,Atlas,DC,09-06-2026 10:02,09-06-2026 10:05,Completed
Xyz7654767,Atlas,DC,09-06-2026 10:02,09-06-2026 10:02,Completed
Xyz7654801,Atlas,DC,09-06-2026 10:01,09-06-2026 10:02,Completed
Xyz7654819,Atlas,DC,09-06-2026 10:01,09-06-2026 10:02,Completed
Xyz7654830,Atlas,DC,09-06-2026 10:01,09-06-2026 10:03,Completed
Xyz7654850,Atlas,DC,09-06-2026 10:02,09-06-2026 10:13,Completed
Xyz7654898,Atlas,DC,09-06-2026 10:02,09-06-2026 10:11,Completed
Xyz7654908,Atlas,DC,09-06-2026 10:03,09-06-2026 10:03,Completed
Xyz7654919,Atlas,DC,09-06-2026 10:03,09-06-2026 10:04,Completed
Xyz7654992,Atlas,DC,09-06-2026 10:03,09-06-2026 10:03,Completed
Xyz7655126,Atlas,DC,09-06-2026 10:03,09-06-2026 10:19,Completed
Xyz7655235,Atlas,DC,09-06-2026 10:03,09-06-2026 10:03,Completed
Xyz7655300,Atlas,DC,09-06-2026 10:03,09-06-2026 10:03,Completed
Xyz7655319,Atlas,DC,09-06-2026 10:02,-NA-,Expired
Xyz7655424,Atlas,DC,09-06-2026 10:02,09-06-2026 10:02,Completed
Xyz7655439,Atlas,DC,09-06-2026 10:01,09-06-2026 10:02,Completed
Xyz7655481,Atlas,DC,09-06-2026 10:02,09-06-2026 10:03,Completed
Xyz7655498,Atlas,DC,09-06-2026 10:01,09-06-2026 10:01,Completed
Xyz7655550,Atlas,DC,09-06-2026 10:02,09-06-2026 12:44,Completed
Xyz7655571,Atlas,DC,09-06-2026 10:03,09-06-2026 10:04,Completed
Xyz7655627,Atlas,DC,09-06-2026 10:00,09-06-2026 10:02,Completed
Xyz7655629,Atlas,DC,09-06-2026 10:02,09-06-2026 10:04,Completed
Xyz7655665,Atlas,DC,09-06-2026 10:04,09-06-2026 10:07,Completed
Xyz7655720,Atlas,DC,09-06-2026 10:01,09-06-2026 10:10,Completed
Xyz7655885,Atlas,DC,09-06-2026 10:01,09-06-2026 10:03,Completed
Xyz7655886,Atlas,DC,09-06-2026 10:01,09-06-2026 10:03,Completed
Xyz7655901,Atlas,DC,09-06-2026 10:01,09-06-2026 10:01,Completed
Xyz7655909,Atlas,DC,09-06-2026 10:01,09-06-2026 10:03,Completed
Xyz7655953,Atlas,DC,09-06-2026 10:00,09-06-2026 10:01,Completed
Xyz7656001,Atlas,DC,09-06-2026 10:00,09-06-2026 10:01,Completed
Xyz7656028,Atlas,DC,09-06-2026 10:02,09-06-2026 10:03,Completed
Xyz7656173,Atlas,DC,09-06-2026 21:01,-NA-,Expired
Xyz7656184,Atlas,DC,09-06-2026 10:03,09-06-2026 10:09,Completed
Xyz7656244,Atlas,DC,09-06-2026 10:02,09-06-2026 10:03,Completed
Xyz7656245,Atlas,DC,09-06-2026 10:01,09-06-2026 10:02,Completed
Xyz7656259,Atlas,DC,09-06-2026 10:02,09-06-2026 10:03,Completed
Xyz7656316,Atlas,DC,09-06-2026 10:02,09-06-2026 10:09,Completed
Xyz7656346,Atlas,DC,09-06-2026 10:03,09-06-2026 10:03,Completed
Xyz7656352,Atlas,DC,09-06-2026 10:02,09-06-2026 10:02,Completed
Xyz7656431,Atlas,DC,09-06-2026 10:03,-NA-,Expired
Xyz7656477,Atlas,DC,09-06-2026 10:02,09-06-2026 10:02,Completed
Xyz7656487,Atlas,DC,09-06-2026 21:04,-NA-,Expired
Xyz7656664,Atlas,DC,09-06-2026 10:02,09-06-2026 10:20,Completed
Xyz7656670,Atlas,DC,09-06-2026 10:01,09-06-2026 10:07,Completed
Xyz7656732,Atlas,DC,09-06-2026 10:01,09-06-2026 10:02,Completed
Xyz7656791,Atlas,DC,09-06-2026 10:01,09-06-2026 10:01,Completed
Xyz7656795,Atlas,DC,09-06-2026 10:03,09-06-2026 10:04,Completed
Xyz7656798,Atlas,DC,09-06-2026 10:03,09-06-2026 10:04,Completed
Xyz7656799,Atlas,DC,09-06-2026 10:03,09-06-2026 10:04,Completed
Xyz7656806,Atlas,DC,09-06-2026 10:03,09-06-2026 10:03,Completed
Xyz7656813,Atlas,DC,09-06-2026 10:00,09-06-2026 10:01,Completed
Xyz7656865,Atlas,DC,09-06-2026 10:00,09-06-2026 10:01,Completed
Xyz7656942,Atlas,DC,09-06-2026 10:02,-NA-,Expired
Xyz7657011,Atlas,DC,09-06-2026 10:00,09-06-2026 10:16,Completed
Xyz7657033,Atlas,DC,09-06-2026 21:03,09-06-2026 21:04,Completed
Xyz7657035,Atlas,DC,09-06-2026 21:03,09-06-2026 21:04,Completed
Xyz7657037,Atlas,DC,09-06-2026 21:04,09-06-2026 21:04,Completed
Xyz7657040,Atlas,DC,09-06-2026 21:04,-NA-,Expired
Xyz7657117,Atlas,DC,09-06-2026 10:03,09-06-2026 10:03,Completed
Xyz7657248,Atlas,DC,09-06-2026 21:05,-NA-,Expired
Xyz7657344,Atlas,DC,09-06-2026 10:03,09-06-2026 11:23,Completed
Xyz7657359,Atlas,DC,09-06-2026 10:01,09-06-2026 10:02,Completed
Xyz7657504,Atlas,DC,09-06-2026 21:05,-NA-,Expired
Xyz7657532,Atlas,DC,09-06-2026 10:02,09-06-2026 10:07,Completed
Xyz7657596,Atlas,DC,09-06-2026 10:03,09-06-2026 10:04,Completed
Xyz7657638,Atlas,DC,09-06-2026 10:01,09-06-2026 10:02,Completed
Xyz7657658,Atlas,DC,09-06-2026 10:02,09-06-2026 10:03,Completed
Xyz7657669,Atlas,DC,09-06-2026 10:00,09-06-2026 10:01,Completed
Xyz7657705,Atlas,DC,09-06-2026 21:04,-NA-,Expired
Xyz7657706,Atlas,DC,09-06-2026 21:02,-NA-,Expired
Xyz7657707,Atlas,DC,09-06-2026 21:03,-NA-,Expired
Xyz7657733,Atlas,DC,09-06-2026 10:00,09-06-2026 10:01,Completed
Xyz7657740,Atlas,DC,09-06-2026 21:05,-NA-,Expired
Xyz7657746,Atlas,DC,09-06-2026 21:05,09-06-2026 21:06,Completed
Xyz7658010,Atlas,DC,09-06-2026 21:02,-NA-,Expired
Xyz7658029,Atlas,DC,09-06-2026 10:01,09-06-2026 10:02,Completed
Xyz7658049,Atlas,DC,09-06-2026 21:04,-NA-,Expired
Xyz7658105,Atlas,DC,09-06-2026 10:01,09-06-2026 10:02,Completed
Xyz7658110,Atlas,DC,09-06-2026 10:02,09-06-2026 10:03,Completed
Xyz7658148,Atlas,DC,09-06-2026 10:03,09-06-2026 10:04,Completed
Xyz7658178,Atlas,DC,09-06-2026 10:01,09-06-2026 10:02,Completed
Xyz7658245,Atlas,DC,09-06-2026 10:03,09-06-2026 10:03,Completed
Xyz7658276,Atlas,DC,09-06-2026 10:01,09-06-2026 10:02,Completed
Xyz7658288,Atlas,DC,09-06-2026 10:01,09-06-2026 10:02,Completed
Xyz7658307,Atlas,DC,09-06-2026 10:02,09-06-2026 10:02,Completed
Xyz7658308,Atlas,DC,09-06-2026 10:01,09-06-2026 10:01,Completed
Xyz7658322,Atlas,DC,09-06-2026 21:05,-NA-,Expired
Xyz7658327,Atlas,DC,09-06-2026 21:02,09-06-2026 21:02,Completed
Xyz7658384,Atlas,DC,09-06-2026 10:03,09-06-2026 10:20,Completed
Xyz7658397,Atlas,DC,09-06-2026 21:05,-NA-,Expired
Xyz7658399,Atlas,DC,09-06-2026 21:04,09-06-2026 21:05,Completed
Xyz7658417,Atlas,DC,09-06-2026 21:03,09-06-2026 21:04,Completed
Xyz7658444,Atlas,DC,09-06-2026 10:03,09-06-2026 10:03,Completed
Xyz7658507,Atlas,DC,09-06-2026 10:03,09-06-2026 10:04,Completed
Xyz7658523,Atlas,DC,09-06-2026 10:03,09-06-2026 10:03,Completed
Xyz7658562,Atlas,DC,09-06-2026 10:01,09-06-2026 10:01,Completed
Xyz7658577,Atlas,DC,09-06-2026 10:02,-NA-,Expired
Xyz7658692,Atlas,DC,09-06-2026 10:03,09-06-2026 10:05,Completed
Xyz7658755,Atlas,DC,09-06-2026 21:04,-NA-,Expired
Xyz7658798,Atlas,DC,09-06-2026 10:02,09-06-2026 10:03,Completed
Xyz7658823,Atlas,DC,09-06-2026 10:03,09-06-2026 10:04,Completed
Xyz7658842,Atlas,DC,09-06-2026 10:03,09-06-2026 10:04,Completed
Xyz7658848,Atlas,DC,09-06-2026 10:03,09-06-2026 10:04,Completed
Xyz7658863,Atlas,DC,09-06-2026 10:01,09-06-2026 10:14,Completed
Xyz7658877,Atlas,DC,09-06-2026 10:01,09-06-2026 10:02,Completed
Xyz7658958,Atlas,DC,09-06-2026 10:01,09-06-2026 10:02,Completed
Xyz7658959,Atlas,DC,09-06-2026 20:59,-NA-,Expired
Xyz7658988,Atlas,DC,09-06-2026 10:01,09-06-2026 10:01,Completed
Xyz7658997,Atlas,DC,09-06-2026 10:00,09-06-2026 10:01,Completed
Xyz7659002,Atlas,DC,09-06-2026 21:00,-NA-,Expired
Xyz7659036,Atlas,DC,09-06-2026 10:04,09-06-2026 10:39,Completed
Xyz7659059,Atlas,DC,09-06-2026 10:01,09-06-2026 10:02,Completed
Xyz7659061,Atlas,DC,09-06-2026 10:03,09-06-2026 10:04,Completed
Xyz7659242,Atlas,DC,09-06-2026 10:02,-NA-,Expired
Xyz7659274,Atlas,DC,09-06-2026 10:02,09-06-2026 10:07,Completed
Xyz7659302,Atlas,DC,09-06-2026 10:00,09-06-2026 10:04,Completed
Xyz7659324,Atlas,DC,09-06-2026 10:03,09-06-2026 10:04,Completed
Xyz7659327,Atlas,DC,09-06-2026 10:03,09-06-2026 10:04,Completed
Xyz7659374,Atlas,DC,09-06-2026 10:01,09-06-2026 10:02,Completed
Xyz7659405,Atlas,DC,09-06-2026 10:03,09-06-2026 10:04,Completed
Xyz7659447,Atlas,DC,09-06-2026 10:03,09-06-2026 10:04,Completed
Xyz7659455,Atlas,DC,09-06-2026 10:03,09-06-2026 10:10,Completed
Xyz7659456,Atlas,DC,09-06-2026 10:03,09-06-2026 10:03,Completed
Xyz7659464,Atlas,DC,09-06-2026 10:00,09-06-2026 10:02,Completed
Xyz7659513,Atlas,DC,09-06-2026 10:02,09-06-2026 10:08,Completed
Xyz7659556,Atlas,DC,09-06-2026 10:02,09-06-2026 10:02,Completed
Xyz7659568,Atlas,DC,09-06-2026 10:03,09-06-2026 10:04,Completed
Xyz7659590,Atlas,DC,09-06-2026 10:03,09-06-2026 10:03,Completed
Xyz7659671,Atlas,DC,09-06-2026 10:02,09-06-2026 10:03,Completed
Xyz7659684,Atlas,DC,09-06-2026 10:01,09-06-2026 10:01,Completed
Xyz7659687,Atlas,DC,09-06-2026 10:02,09-06-2026 10:02,Completed
Xyz7659701,Atlas,DC,09-06-2026 10:01,09-06-2026 10:02,Completed
Xyz7659723,Atlas,DC,09-06-2026 10:02,09-06-2026 10:02,Completed
Xyz7659734,Atlas,DC,09-06-2026 21:04,-NA-,Expired
Xyz7659736,Atlas,DC,09-06-2026 10:01,09-06-2026 10:02,Completed
Xyz7659790,Atlas,DC,09-06-2026 10:03,09-06-2026 10:06,Completed
Xyz7659799,Atlas,DC,09-06-2026 10:02,09-06-2026 10:03,Completed
Xyz7659841,Atlas,DC,09-06-2026 10:01,09-06-2026 10:01,Completed
Xyz7659874,Atlas,DC,09-06-2026 10:00,09-06-2026 11:42,Completed
Xyz7659885,Atlas,DC,09-06-2026 10:02,09-06-2026 10:03,Completed
Xyz7659887,Atlas,DC,09-06-2026 10:00,09-06-2026 10:01,Completed
Xyz7659908,Atlas,DC,09-06-2026 10:02,09-06-2026 10:11,Completed
Xyz7659915,Atlas,DC,09-06-2026 10:02,09-06-2026 10:03,Completed
Xyz7659920,Atlas,DC,09-06-2026 10:01,09-06-2026 10:01,Completed
Xyz7659921,Atlas,DC,09-06-2026 10:01,09-06-2026 10:02,Completed
Xyz7659923,Atlas,DC,09-06-2026 10:03,09-06-2026 10:03,Completed
Xyz7659937,Atlas,DC,09-06-2026 10:04,09-06-2026 10:04,Completed
Xyz7659944,Atlas,DC,09-06-2026 10:03,09-06-2026 10:04,Completed
Xyz7659966,Atlas,DC,09-06-2026 10:00,09-06-2026 10:01,Completed
Xyz7659987,Atlas,DC,09-06-2026 10:02,09-06-2026 10:11,Completed
Xyz7660009,Atlas,DC,09-06-2026 10:00,09-06-2026 10:01,Completed
Xyz7660011,Atlas,DC,09-06-2026 10:01,09-06-2026 10:01,Completed
Xyz7660022,Atlas,DC,09-06-2026 10:00,09-06-2026 10:01,Completed
Xyz7660028,Atlas,DC,09-06-2026 10:02,09-06-2026 12:41,Completed
Xyz7660058,Atlas,DC,09-06-2026 10:01,09-06-2026 10:01,Completed
Xyz7660061,Atlas,DC,09-06-2026 10:01,09-06-2026 10:01,Completed
Xyz7660062,Atlas,DC,09-06-2026 10:03,09-06-2026 10:04,Completed
Xyz7660063,Atlas,DC,09-06-2026 10:02,09-06-2026 10:02,Completed
Xyz7660083,Atlas,DC,09-06-2026 10:01,09-06-2026 10:02,Completed
Xyz7660084,Atlas,DC,09-06-2026 10:03,09-06-2026 10:04,Completed
Xyz7660110,Atlas,DC,09-06-2026 10:03,09-06-2026 10:03,Completed
Xyz7660130,Atlas,DC,09-06-2026 10:00,09-06-2026 10:11,Completed
Xyz7660137,Atlas,DC,09-06-2026 10:02,09-06-2026 10:10,Completed
Xyz7660141,Atlas,DC,09-06-2026 10:02,09-06-2026 10:11,Completed
Xyz7660163,Atlas,DC,09-06-2026 10:04,09-06-2026 10:09,Completed
Xyz7660173,Atlas,DC,09-06-2026 10:02,09-06-2026 10:03,Completed
Xyz7660191,Atlas,DC,09-06-2026 10:02,09-06-2026 12:22,Completed
Xyz7660225,Atlas,DC,09-06-2026 10:02,09-06-2026 10:14,Completed
Xyz7660241,Atlas,DC,09-06-2026 10:00,09-06-2026 10:01,Completed
Xyz7660401,Atlas,DC,09-06-2026 10:01,09-06-2026 10:02,Completed
Xyz7660423,Atlas,DC,09-06-2026 10:02,09-06-2026 10:10,Completed
Xyz7660426,Atlas,DC,09-06-2026 10:02,09-06-2026 10:03,Completed
Xyz7660442,Atlas,DC,09-06-2026 10:02,09-06-2026 10:04,Completed
Xyz7660452,Atlas,DC,09-06-2026 10:02,09-06-2026 10:15,Completed
Xyz7660466,Atlas,DC,09-06-2026 10:01,09-06-2026 10:01,Completed
Xyz7660467,Atlas,DC,09-06-2026 10:02,09-06-2026 10:03,Completed
Xyz7660529,Atlas,DC,09-06-2026 10:01,09-06-2026 10:02,Completed
Xyz7660550,Atlas,DC,09-06-2026 10:00,09-06-2026 10:18,Completed
Xyz7660555,Atlas,DC,09-06-2026 10:03,09-06-2026 10:04,Completed
Xyz7660599,Atlas,DC,09-06-2026 21:01,-NA-,Expired
Xyz7660633,Atlas,DC,09-06-2026 10:02,09-06-2026 10:03,Completed
Xyz7660636,Atlas,DC,09-06-2026 10:01,09-06-2026 10:01,Completed
Xyz7660643,Atlas,DC,09-06-2026 10:01,09-06-2026 10:02,Completed
Xyz7660670,Atlas,DC,09-06-2026 10:01,09-06-2026 10:01,Completed
Xyz7660702,Atlas,DC,09-06-2026 10:02,09-06-2026 10:03,Completed
Xyz7660712,Atlas,DC,09-06-2026 10:02,09-06-2026 10:03,Completed
Xyz7660728,Atlas,DC,09-06-2026 10:03,09-06-2026 10:04,Completed
Xyz7660735,Atlas,DC,09-06-2026 10:02,09-06-2026 10:03,Completed
Xyz7660746,Atlas,DC,09-06-2026 10:00,09-06-2026 10:01,Completed
Xyz7660758,Atlas,DC,09-06-2026 10:00,09-06-2026 10:01,Completed
Xyz7660761,Atlas,DC,09-06-2026 10:02,09-06-2026 10:03,Completed
Xyz7660765,Atlas,DC,09-06-2026 21:06,-NA-,Expired
Xyz7660776,Atlas,DC,09-06-2026 10:01,09-06-2026 10:02,Completed
Xyz7660790,Atlas,DC,09-06-2026 10:02,09-06-2026 10:02,Completed
Xyz7660858,Atlas,DC,09-06-2026 10:01,09-06-2026 10:02,Completed
Xyz7660860,Atlas,DC,09-06-2026 10:02,09-06-2026 10:02,Completed
Xyz7660867,Atlas,DC,09-06-2026 10:01,09-06-2026 10:02,Completed
Xyz7660884,Atlas,DC,09-06-2026 10:00,09-06-2026 10:01,Completed
Xyz7660886,Atlas,DC,09-06-2026 10:00,09-06-2026 10:01,Completed
Xyz7660890,Atlas,DC,09-06-2026 10:00,09-06-2026 10:02,Completed
Xyz7660893,Atlas,DC,09-06-2026 10:02,09-06-2026 10:03,Completed
Xyz7660915,Atlas,DC,09-06-2026 21:07,-NA-,Expired
Xyz7660919,Atlas,DC,09-06-2026 10:02,-NA-,Expired
Xyz7660924,Atlas,DC,09-06-2026 10:00,09-06-2026 10:04,Completed
Xyz7660935,Atlas,DC,09-06-2026 10:01,09-06-2026 10:11,Completed
Xyz7660937,Atlas,DC,09-06-2026 10:01,09-06-2026 10:02,Completed
Xyz7660945,Atlas,DC,09-06-2026 10:03,-NA-,Expired
Xyz7660955,Atlas,DC,09-06-2026 10:01,09-06-2026 10:02,Completed
Xyz7660981,Atlas,DC,09-06-2026 10:01,09-06-2026 10:03,Completed
Xyz7661001,Atlas,DC,09-06-2026 10:02,09-06-2026 10:02,Completed
Xyz7661004,Atlas,DC,09-06-2026 10:00,09-06-2026 10:01,Completed
Xyz7661007,Atlas,DC,09-06-2026 10:00,09-06-2026 10:01,Completed
Xyz7661008,Atlas,DC,09-06-2026 10:03,09-06-2026 10:04,Completed
Xyz7661017,Atlas,DC,09-06-2026 10:01,09-06-2026 11:24,Completed
Xyz7661049,Atlas,DC,09-06-2026 10:00,09-06-2026 10:01,Completed
Xyz7661068,Atlas,DC,09-06-2026 10:03,09-06-2026 10:06,Completed
Xyz7661088,Atlas,DC,09-06-2026 10:00,09-06-2026 10:01,Completed
Xyz7661097,Atlas,DC,09-06-2026 10:01,09-06-2026 10:02,Completed
Xyz7661103,Atlas,DC,09-06-2026 10:03,09-06-2026 10:04,Completed
Xyz7661126,Atlas,DC,09-06-2026 10:04,09-06-2026 10:04,Completed
Xyz7661133,Atlas,DC,09-06-2026 10:00,09-06-2026 10:01,Completed
Xyz7661147,Atlas,DC,09-06-2026 10:04,09-06-2026 10:12,Completed
Xyz7661234,Atlas,DC,09-06-2026 10:00,09-06-2026 10:02,Completed
Xyz7661277,Atlas,DC,09-06-2026 10:02,09-06-2026 10:03,Completed
Xyz7661302,Atlas,DC,09-06-2026 10:01,09-06-2026 10:02,Completed
Xyz7661320,Atlas,DC,09-06-2026 10:03,09-06-2026 10:06,Completed
Xyz7661327,Atlas,DC,09-06-2026 10:00,09-06-2026 10:10,Completed
Xyz7661371,Atlas,DC,09-06-2026 10:00,09-06-2026 10:01,Completed
Xyz7661451,Atlas,DC,09-06-2026 10:02,09-06-2026 10:03,Completed
Xyz7661477,Atlas,DC,09-06-2026 10:03,09-06-2026 10:04,Completed
Xyz7661479,Atlas,DC,09-06-2026 10:01,09-06-2026 10:01,Completed
Xyz7661518,Atlas,DC,09-06-2026 10:00,09-06-2026 10:01,Completed
Xyz7661536,Atlas,DC,09-06-2026 10:02,09-06-2026 10:03,Completed
Xyz7661561,Atlas,DC,09-06-2026 10:01,09-06-2026 15:23,Completed
Xyz7661590,Atlas,DC,09-06-2026 10:01,09-06-2026 10:01,Completed
Xyz7661635,Atlas,DC,09-06-2026 21:06,-NA-,Expired
Xyz7661651,Atlas,DC,09-06-2026 21:01,-NA-,Expired
Xyz7661654,Atlas,DC,09-06-2026 10:02,09-06-2026 10:38,Completed
Xyz7661669,Atlas,DC,09-06-2026 10:00,09-06-2026 10:02,Completed
Xyz7661717,Atlas,DC,09-06-2026 10:03,09-06-2026 10:13,Completed
Xyz7661723,Atlas,DC,09-06-2026 10:01,09-06-2026 10:43,Completed
Xyz7661726,Atlas,DC,09-06-2026 10:04,09-06-2026 10:05,Completed
Xyz7661727,Atlas,DC,09-06-2026 10:01,09-06-2026 10:02,Completed
Xyz7661769,Atlas,DC,09-06-2026 10:00,09-06-2026 10:01,Completed
Xyz7661784,Atlas,DC,09-06-2026 10:02,09-06-2026 10:03,Completed
Xyz7661810,Atlas,DC,09-06-2026 10:00,09-06-2026 10:01,Completed
Xyz7661831,Atlas,DC,09-06-2026 10:04,09-06-2026 10:20,Completed
Xyz7661853,Atlas,DC,09-06-2026 10:04,09-06-2026 10:05,Completed
Xyz7661900,Atlas,DC,09-06-2026 10:02,09-06-2026 10:03,Completed
Xyz7661921,Atlas,DC,09-06-2026 10:04,09-06-2026 10:19,Completed
Xyz7661969,Atlas,DC,09-06-2026 10:03,09-06-2026 10:04,Completed
Xyz7661980,Atlas,DC,09-06-2026 10:00,09-06-2026 10:45,Completed
Xyz7661982,Atlas,DC,09-06-2026 10:00,09-06-2026 10:01,Completed
Xyz7661989,Atlas,DC,09-06-2026 21:01,-NA-,Expired
Xyz7661994,Atlas,DC,09-06-2026 10:02,09-06-2026 10:02,Completed
Xyz7661997,Atlas,DC,09-06-2026 10:00,09-06-2026 12:30,Completed
Xyz7662006,Atlas,DC,09-06-2026 10:01,09-06-2026 10:02,Completed
Xyz7662012,Atlas,DC,09-06-2026 10:02,09-06-2026 10:03,Completed
Xyz7662022,Atlas,DC,09-06-2026 10:01,09-06-2026 10:01,Completed
Xyz7662029,Atlas,DC,09-06-2026 10:01,09-06-2026 13:50,Completed
Xyz7662038,Atlas,DC,09-06-2026 10:01,09-06-2026 10:03,Completed
Xyz7662057,Atlas,DC,09-06-2026 10:01,09-06-2026 10:01,Completed
Xyz7662058,Atlas,DC,09-06-2026 10:00,09-06-2026 11:12,Completed
Xyz7662060,Atlas,DC,09-06-2026 10:00,09-06-2026 10:43,Completed
Xyz7662089,Atlas,DC,09-06-2026 10:00,09-06-2026 10:01,Completed
Xyz7662104,Atlas,DC,09-06-2026 10:00,09-06-2026 10:01,Completed
Xyz7662117,Atlas,DC,09-06-2026 10:03,09-06-2026 10:13,Completed
Xyz7662125,Atlas,DC,09-06-2026 10:03,09-06-2026 10:03,Completed
Xyz7662162,Atlas,DC,09-06-2026 10:01,09-06-2026 10:04,Completed
Xyz7662219,Atlas,DC,09-06-2026 10:01,-NA-,Expired
Xyz7662226,Atlas,DC,09-06-2026 21:02,-NA-,Expired
Xyz7662232,Atlas,DC,09-06-2026 21:01,-NA-,Expired
Xyz7662247,Atlas,DC,09-06-2026 10:03,09-06-2026 10:04,Completed
Xyz7662316,Atlas,DC,09-06-2026 10:03,09-06-2026 10:23,Completed
Xyz7662333,Atlas,DC,09-06-2026 10:00,09-06-2026 10:51,Completed
Xyz7662393,Atlas,DC,09-06-2026 10:00,09-06-2026 10:01,Completed
Xyz7662395,Atlas,DC,09-06-2026 10:03,09-06-2026 10:04,Completed
Xyz7662396,Atlas,DC,09-06-2026 10:00,09-06-2026 10:01,Completed
Xyz7662403,Atlas,DC,09-06-2026 10:00,09-06-2026 10:08,Completed
Xyz7662404,Atlas,DC,09-06-2026 20:59,-NA-,Expired
Xyz7662442,Atlas,DC,09-06-2026 10:03,-NA-,Expired
Xyz7662459,Atlas,DC,09-06-2026 10:02,09-06-2026 10:05,Completed
Xyz7662464,Atlas,DC,09-06-2026 10:02,09-06-2026 10:03,Completed
Xyz7662465,Atlas,DC,09-06-2026 10:03,09-06-2026 10:03,Completed
Xyz7662501,Atlas,DC,09-06-2026 10:02,09-06-2026 10:03,Completed
Xyz7662559,Atlas,DC,09-06-2026 10:00,09-06-2026 10:01,Completed
Xyz7662572,Atlas,DC,09-06-2026 10:01,09-06-2026 10:07,Completed
Xyz7662575,Atlas,DC,09-06-2026 10:00,09-06-2026 10:01,Completed
Xyz7662578,Atlas,DC,09-06-2026 10:00,09-06-2026 10:01,Completed
Xyz7662594,Atlas,DC,09-06-2026 10:00,09-06-2026 10:01,Completed
Xyz7662632,Atlas,DC,09-06-2026 10:04,09-06-2026 10:04,Completed
Xyz7662700,Atlas,DC,09-06-2026 10:02,09-06-2026 10:05,Completed
Xyz7662736,Atlas,DC,09-06-2026 10:01,09-06-2026 10:14,Completed
Xyz7662753,Atlas,DC,09-06-2026 10:00,09-06-2026 10:01,Completed
Xyz7662777,Atlas,DC,09-06-2026 10:00,09-06-2026 10:01,Completed
Xyz7662781,Atlas,DC,09-06-2026 10:02,09-06-2026 10:03,Completed
Xyz7662788,Atlas,DC,09-06-2026 10:03,09-06-2026 10:03,Completed
Xyz7662806,Atlas,DC,09-06-2026 10:01,09-06-2026 10:01,Completed
Xyz7662822,Atlas,DC,09-06-2026 10:01,09-06-2026 10:02,Completed
Xyz7662855,Atlas,DC,09-06-2026 10:02,09-06-2026 10:03,Completed
Xyz7662899,Atlas,DC,09-06-2026 10:04,09-06-2026 10:04,Completed
Xyz7662921,Atlas,DC,09-06-2026 10:00,09-06-2026 10:01,Completed
Xyz7662933,Atlas,DC,09-06-2026 10:00,09-06-2026 10:08,Completed
Xyz7662937,Atlas,DC,09-06-2026 10:00,09-06-2026 10:01,Completed
Xyz7662938,Atlas,DC,09-06-2026 10:01,09-06-2026 10:01,Completed
Xyz7662943,Atlas,DC,09-06-2026 10:00,09-06-2026 10:02,Completed
Xyz7663008,Atlas,DC,09-06-2026 10:02,09-06-2026 10:02,Completed
Xyz7663070,Atlas,DC,09-06-2026 10:03,09-06-2026 10:10,Completed
Xyz7663096,Atlas,DC,09-06-2026 10:03,09-06-2026 10:04,Completed
Xyz7663126,Atlas,DC,09-06-2026 10:02,09-06-2026 10:23,Completed
Xyz7663130,Atlas,DC,09-06-2026 10:02,09-06-2026 10:03,Completed
Xyz7663145,Atlas,DC,09-06-2026 10:00,09-06-2026 10:01,Completed
Xyz7663168,Atlas,DC,09-06-2026 10:02,09-06-2026 10:03,Completed
Xyz7663206,Atlas,DC,09-06-2026 10:04,09-06-2026 10:05,Completed
Xyz7663215,Atlas,DC,09-06-2026 10:02,09-06-2026 11:07,Completed
Xyz7663240,Atlas,DC,09-06-2026 10:00,09-06-2026 10:03,Completed
Xyz7663247,Atlas,DC,09-06-2026 10:03,09-06-2026 10:07,Completed
Xyz7663298,Atlas,DC,09-06-2026 10:02,09-06-2026 10:03,Completed
Xyz7663329,Atlas,DC,09-06-2026 10:02,09-06-2026 10:09,Completed
Xyz7663350,Atlas,DC,09-06-2026 10:03,09-06-2026 10:03,Completed
Xyz7663442,Atlas,DC,09-06-2026 10:03,09-06-2026 10:07,Completed
Xyz7663454,Atlas,DC,09-06-2026 10:01,09-06-2026 10:18,Completed
Xyz7663511,Atlas,DC,09-06-2026 21:03,-NA-,Expired
Xyz7663582,Atlas,DC,09-06-2026 21:02,-NA-,Expired
Xyz7663618,Atlas,DC,09-06-2026 10:01,09-06-2026 10:01,Completed
Xyz7663750,Atlas,DC,09-06-2026 10:02,09-06-2026 10:03,Completed
Xyz7663791,Atlas,DC,09-06-2026 10:03,09-06-2026 12:20,Completed
Xyz7663797,Atlas,DC,09-06-2026 21:00,-NA-,Expired
Xyz7663823,Atlas,DC,09-06-2026 10:02,09-06-2026 10:03,Completed
Xyz7663964,Atlas,DC,09-06-2026 10:03,09-06-2026 10:04,Completed
Xyz7663967,Atlas,DC,09-06-2026 10:03,09-06-2026 10:04,Completed
Xyz7664017,Atlas,DC,09-06-2026 10:02,09-06-2026 12:22,Completed
Xyz7664079,Atlas,DC,09-06-2026 10:01,09-06-2026 10:01,Completed
Xyz7664098,Atlas,DC,09-06-2026 10:03,09-06-2026 10:03,Completed
Xyz7664119,Atlas,DC,09-06-2026 10:03,09-06-2026 10:03,Completed
Xyz7664164,Atlas,DC,09-06-2026 10:03,09-06-2026 10:04,Completed
Xyz7664166,Atlas,DC,09-06-2026 10:01,09-06-2026 10:02,Completed
Xyz7664211,Atlas,DC,09-06-2026 10:02,09-06-2026 10:03,Completed
Xyz7664244,Atlas,DC,09-06-2026 10:02,09-06-2026 11:22,Completed
Xyz7664316,Atlas,DC,09-06-2026 10:01,09-06-2026 10:01,Completed
Xyz7664360,Atlas,DC,09-06-2026 10:02,09-06-2026 10:02,Completed
Xyz7664362,Atlas,DC,09-06-2026 10:01,09-06-2026 11:25,Completed
Xyz7664363,Atlas,DC,09-06-2026 10:04,09-06-2026 10:20,Completed
Xyz7664401,Atlas,DC,09-06-2026 21:03,-NA-,Expired
Xyz7664426,Atlas,DC,09-06-2026 10:02,09-06-2026 10:03,Completed
Xyz7664523,Atlas,DC,09-06-2026 10:01,09-06-2026 10:02,Completed
Xyz7664525,Atlas,DC,09-06-2026 10:03,09-06-2026 10:04,Completed
Xyz7664578,Atlas,DC,09-06-2026 10:02,09-06-2026 10:03,Completed
Xyz7664684,Atlas,DC,09-06-2026 21:02,-NA-,Expired
Xyz7664693,Atlas,DC,09-06-2026 21:04,-NA-,Expired
Xyz7664794,Atlas,DC,09-06-2026 10:02,09-06-2026 10:03,Completed
Xyz7664841,Atlas,DC,09-06-2026 10:03,09-06-2026 10:03,Completed
Xyz7664856,Atlas,DC,09-06-2026 10:00,09-06-2026 10:15,Completed
Xyz7664865,Atlas,DC,09-06-2026 10:02,09-06-2026 10:03,Completed
Xyz7664924,Atlas,DC,09-06-2026 21:00,-NA-,Expired
Xyz7664939,Atlas,DC,09-06-2026 10:03,09-06-2026 10:05,Completed
Xyz7664952,Atlas,DC,09-06-2026 10:02,09-06-2026 10:03,Completed
Xyz7664959,Atlas,DC,09-06-2026 10:01,09-06-2026 10:01,Completed
Xyz7664992,Atlas,DC,09-06-2026 10:01,09-06-2026 10:02,Completed
Xyz7665237,Atlas,DC,09-06-2026 10:04,09-06-2026 10:51,Completed
Xyz7665265,Atlas,DC,09-06-2026 21:00,-NA-,Expired
Xyz7665367,Atlas,DC,09-06-2026 10:00,09-06-2026 11:43,Completed
Xyz7665452,Atlas,DC,09-06-2026 10:01,-NA-,Expired
Xyz7665562,Atlas,DC,09-06-2026 10:03,09-06-2026 10:07,Completed
Xyz7665563,Atlas,DC,09-06-2026 21:00,-NA-,Expired
Xyz7665598,Atlas,DC,09-06-2026 10:02,09-06-2026 10:03,Completed
Xyz7665603,Atlas,DC,09-06-2026 10:02,09-06-2026 10:43,Completed
Xyz7665619,Atlas,DC,09-06-2026 10:01,10-06-2026 09:01,Completed
Xyz7665659,Atlas,DC,09-06-2026 10:02,09-06-2026 10:03,Completed
Xyz7665704,Atlas,DC,09-06-2026 10:01,09-06-2026 10:59,Completed
Xyz7665715,Atlas,DC,09-06-2026 10:02,09-06-2026 10:03,Completed
Xyz7665795,Atlas,DC,09-06-2026 10:02,09-06-2026 11:09,Completed
Xyz7665817,Atlas,DC,09-06-2026 21:05,-NA-,Expired
Xyz7665823,Atlas,DC,09-06-2026 10:01,09-06-2026 14:06,Completed
Xyz7665849,Atlas,DC,09-06-2026 21:04,-NA-,Expired
Xyz7665855,Atlas,DC,09-06-2026 21:04,-NA-,Expired
Xyz7665858,Atlas,DC,09-06-2026 21:04,-NA-,Expired
Xyz7665970,Atlas,DC,09-06-2026 10:03,09-06-2026 10:04,Completed
Xyz7665974,Atlas,DC,09-06-2026 10:03,09-06-2026 10:06,Completed
Xyz7666005,Atlas,DC,09-06-2026 10:02,09-06-2026 11:18,Completed
Xyz7666080,Atlas,DC,09-06-2026 10:02,09-06-2026 10:02,Completed
Xyz7666155,Atlas,DC,09-06-2026 10:03,09-06-2026 10:16,Completed
Xyz7666296,Atlas,DC,09-06-2026 10:03,09-06-2026 10:04,Completed
Xyz7666344,Atlas,DC,09-06-2026 10:01,09-06-2026 10:05,Completed
Xyz7666367,Atlas,DC,09-06-2026 10:01,09-06-2026 10:02,Completed
Xyz7666410,Atlas,DC,09-06-2026 10:01,09-06-2026 10:03,Completed
Xyz7666422,Atlas,DC,09-06-2026 10:02,09-06-2026 10:02,Completed
Xyz7666524,Atlas,DC,09-06-2026 21:04,-NA-,Expired
Xyz7666562,Atlas,DC,09-06-2026 10:01,09-06-2026 10:03,Completed
Xyz7666574,Atlas,DC,09-06-2026 21:03,-NA-,Expired
Xyz7666595,Atlas,DC,09-06-2026 10:01,09-06-2026 10:01,Completed
Xyz7666596,Atlas,DC,09-06-2026 10:01,09-06-2026 10:02,Completed
Xyz7666616,Atlas,DC,09-06-2026 10:01,09-06-2026 10:10,Completed
Xyz7666636,Atlas,DC,09-06-2026 10:01,09-06-2026 10:02,Completed
Xyz7666716,Atlas,DC,09-06-2026 10:01,09-06-2026 10:02,Completed
Xyz7666762,Atlas,DC,09-06-2026 10:01,09-06-2026 10:02,Completed
Xyz7666777,Atlas,DC,09-06-2026 21:01,-NA-,Expired
Xyz7666806,Atlas,DC,09-06-2026 10:02,09-06-2026 10:11,Completed
Xyz7666862,Atlas,DC,09-06-2026 10:03,09-06-2026 10:04,Completed
Xyz7666990,Atlas,DC,09-06-2026 10:03,09-06-2026 10:03,Completed
Xyz7666991,Atlas,DC,09-06-2026 10:00,09-06-2026 10:01,Completed
Xyz7667125,Atlas,DC,09-06-2026 10:00,09-06-2026 10:01,Completed
Xyz7667136,Atlas,DC,09-06-2026 10:02,09-06-2026 10:02,Completed
Xyz7667154,Atlas,DC,09-06-2026 10:01,09-06-2026 10:01,Completed
Xyz7667157,Atlas,DC,09-06-2026 10:03,09-06-2026 10:04,Completed
Xyz7667164,Atlas,DC,09-06-2026 10:01,09-06-2026 10:04,Completed
Xyz7667217,Atlas,DC,09-06-2026 10:02,09-06-2026 13:59,Completed
Xyz7667231,Atlas,DC,09-06-2026 20:59,-NA-,Expired
Xyz7667246,Atlas,DC,09-06-2026 10:02,09-06-2026 10:06,Completed
Xyz7667250,Atlas,DC,09-06-2026 10:02,09-06-2026 10:51,Completed
Xyz7667262,Atlas,DC,09-06-2026 10:03,09-06-2026 10:03,Completed
Xyz7667287,Atlas,DC,09-06-2026 10:00,09-06-2026 10:00,Completed
Xyz7667345,Atlas,DC,09-06-2026 10:01,09-06-2026 10:02,Completed
Xyz7667453,Atlas,DC,09-06-2026 10:00,09-06-2026 10:01,Completed
Xyz7667459,Atlas,DC,09-06-2026 10:02,09-06-2026 10:05,Completed
Xyz7667465,Atlas,DC,09-06-2026 10:02,09-06-2026 10:02,Completed
Xyz7667471,Atlas,DC,09-06-2026 10:00,09-06-2026 10:01,Completed
Xyz7667491,Atlas,DC,09-06-2026 10:02,09-06-2026 10:03,Completed
Xyz7667493,Atlas,DC,09-06-2026 10:02,09-06-2026 10:02,Completed
Xyz7667494,Atlas,DC,09-06-2026 10:03,09-06-2026 10:04,Completed
Xyz7667496,Atlas,DC,09-06-2026 10:02,09-06-2026 10:02,Completed
Xyz7667541,Atlas,DC,09-06-2026 10:01,09-06-2026 10:02,Completed
Xyz7667549,Atlas,DC,09-06-2026 10:02,09-06-2026 10:03,Completed
Xyz7667554,Atlas,DC,09-06-2026 10:00,09-06-2026 10:01,Completed
Xyz7667557,Atlas,DC,09-06-2026 10:00,09-06-2026 10:01,Completed
Xyz7667566,Atlas,DC,09-06-2026 10:01,-NA-,Expired
Xyz7667593,Atlas,DC,09-06-2026 10:00,09-06-2026 10:02,Completed
Xyz7667594,Atlas,DC,09-06-2026 10:03,09-06-2026 10:16,Completed
Xyz7667608,Atlas,DC,09-06-2026 10:00,09-06-2026 10:01,Completed
Xyz7667636,Atlas,DC,09-06-2026 10:02,09-06-2026 10:02,Completed
Xyz7667667,Atlas,DC,09-06-2026 10:01,09-06-2026 10:01,Completed
Xyz7667691,Atlas,DC,09-06-2026 10:01,09-06-2026 10:01,Completed
Xyz7667695,Atlas,DC,09-06-2026 10:03,09-06-2026 10:04,Completed
Xyz7667716,Atlas,DC,09-06-2026 10:01,09-06-2026 10:02,Completed
Xyz7667794,Atlas,DC,09-06-2026 10:01,09-06-2026 10:01,Completed
Xyz7667795,Atlas,DC,09-06-2026 10:01,09-06-2026 10:02,Completed
Xyz7667808,Atlas,DC,09-06-2026 10:01,09-06-2026 10:02,Completed
Xyz7667840,Atlas,DC,09-06-2026 10:01,09-06-2026 10:28,Completed
Xyz7667980,Atlas,DC,09-06-2026 10:01,09-06-2026 10:01,Completed
Xyz7667993,Atlas,DC,09-06-2026 10:00,09-06-2026 10:02,Completed
Xyz7668066,Atlas,DC,09-06-2026 10:02,09-06-2026 10:03,Completed
Xyz7668072,Atlas,DC,09-06-2026 10:01,09-06-2026 10:02,Completed
Xyz7668147,Atlas,DC,09-06-2026 10:02,09-06-2026 10:04,Completed
Xyz7668157,Atlas,DC,09-06-2026 10:02,09-06-2026 10:02,Completed
Xyz7668166,Atlas,DC,09-06-2026 10:00,09-06-2026 10:01,Completed
Xyz7668212,Atlas,DC,09-06-2026 10:00,09-06-2026 10:01,Completed
Xyz7668214,Atlas,DC,09-06-2026 10:01,09-06-2026 10:01,Completed
Xyz7668233,Atlas,DC,09-06-2026 10:02,09-06-2026 10:02,Completed
Xyz7668239,Atlas,DC,09-06-2026 10:00,-NA-,Expired
Xyz7668299,Atlas,DC,09-06-2026 20:59,-NA-,Expired
Xyz7668314,Atlas,DC,09-06-2026 10:02,09-06-2026 10:03,Completed
Xyz7668319,Atlas,DC,09-06-2026 10:01,09-06-2026 10:01,Completed
Xyz7668326,Atlas,DC,09-06-2026 10:02,09-06-2026 10:05,Completed
Xyz7668330,Atlas,DC,09-06-2026 10:01,09-06-2026 10:01,Completed
Xyz7668331,Atlas,DC,09-06-2026 10:02,09-06-2026 10:02,Completed
Xyz7668337,Atlas,DC,09-06-2026 10:01,-NA-,Expired
Xyz7668362,Atlas,DC,09-06-2026 10:00,09-06-2026 10:01,Completed
Xyz7668366,Atlas,DC,09-06-2026 10:02,09-06-2026 10:02,Completed
Xyz7668369,Atlas,DC,09-06-2026 10:02,09-06-2026 10:02,Completed
Xyz7668406,Atlas,DC,09-06-2026 10:00,09-06-2026 10:01,Completed
Xyz7668414,Atlas,DC,09-06-2026 10:01,09-06-2026 10:01,Completed
Xyz7668444,Atlas,DC,09-06-2026 10:01,09-06-2026 10:03,Completed
Xyz7668445,Atlas,DC,09-06-2026 10:01,09-06-2026 10:02,Completed
Xyz7668453,Atlas,DC,09-06-2026 10:01,09-06-2026 10:09,Completed
Xyz7668465,Atlas,DC,09-06-2026 10:01,09-06-2026 10:01,Completed
Xyz7668468,Atlas,DC,09-06-2026 10:00,09-06-2026 10:01,Completed
Xyz7668493,Atlas,DC,09-06-2026 10:02,-NA-,Expired
Xyz7668509,Atlas,DC,09-06-2026 10:04,09-06-2026 10:04,Completed
Xyz7668510,Atlas,DC,09-06-2026 21:02,-NA-,Expired
Xyz7668549,Atlas,DC,09-06-2026 10:03,09-06-2026 10:04,Completed
Xyz7668708,Atlas,DC,09-06-2026 10:03,-NA-,Expired
Xyz7668723,Atlas,DC,09-06-2026 10:02,09-06-2026 10:07,Completed
Xyz7668778,Atlas,DC,09-06-2026 10:01,09-06-2026 10:02,Completed
Xyz7668834,Atlas,DC,09-06-2026 10:02,09-06-2026 10:02,Completed
Xyz7668926,Atlas,DC,09-06-2026 10:02,09-06-2026 10:02,Completed
Xyz7668962,Atlas,DC,09-06-2026 10:02,09-06-2026 10:03,Completed
Xyz7668999,Atlas,DC,09-06-2026 10:02,09-06-2026 10:04,Completed
Xyz7669018,Atlas,DC,09-06-2026 10:02,09-06-2026 10:37,Completed
Xyz7669022,Atlas,DC,09-06-2026 10:01,09-06-2026 10:02,Completed
Xyz7669097,Atlas,DC,09-06-2026 10:01,09-06-2026 10:09,Completed
Xyz7669099,Atlas,DC,09-06-2026 10:01,09-06-2026 10:02,Completed
Xyz7669106,Atlas,DC,09-06-2026 21:01,-NA-,Expired
Xyz7669118,Atlas,DC,09-06-2026 10:03,09-06-2026 10:03,Completed
Xyz7669209,Atlas,DC,09-06-2026 10:01,09-06-2026 10:02,Completed
Xyz7669227,Atlas,DC,09-06-2026 10:03,09-06-2026 10:03,Completed
Xyz7669272,Atlas,DC,09-06-2026 21:02,-NA-,Expired
Xyz7669295,Atlas,DC,09-06-2026 10:02,09-06-2026 10:04,Completed
Xyz7669315,Atlas,DC,09-06-2026 10:00,09-06-2026 10:01,Completed
Xyz7669316,Atlas,DC,09-06-2026 10:02,09-06-2026 10:02,Completed
Xyz7669352,Atlas,DC,09-06-2026 10:02,09-06-2026 10:22,Completed
Xyz7669355,Atlas,DC,09-06-2026 10:03,09-06-2026 10:13,Completed
Xyz7669429,Atlas,DC,09-06-2026 10:01,09-06-2026 10:02,Completed
Xyz7669442,Atlas,DC,09-06-2026 10:02,09-06-2026 10:03,Completed
Xyz7669545,Atlas,DC,09-06-2026 10:02,09-06-2026 10:03,Completed
Xyz7669606,Atlas,DC,09-06-2026 10:00,09-06-2026 10:01,Completed
Xyz7669674,Atlas,DC,09-06-2026 10:03,09-06-2026 10:04,Completed
Xyz7669736,Atlas,DC,09-06-2026 10:01,-NA-,Expired
Xyz7669752,Atlas,DC,09-06-2026 10:01,09-06-2026 10:02,Completed
Xyz7669912,Atlas,DC,09-06-2026 10:00,09-06-2026 10:02,Completed
Xyz7670079,Atlas,DC,09-06-2026 10:02,09-06-2026 10:02,Completed
Xyz7670141,Atlas,DC,09-06-2026 10:02,09-06-2026 10:03,Completed
Xyz7670167,Atlas,DC,09-06-2026 10:03,09-06-2026 10:04,Completed
Xyz7670210,Atlas,DC,09-06-2026 10:01,09-06-2026 10:02,Completed
Xyz7670264,Atlas,DC,09-06-2026 10:04,09-06-2026 10:05,Completed
Xyz7670273,Atlas,DC,09-06-2026 10:02,09-06-2026 10:02,Completed
Xyz7670338,Atlas,DC,09-06-2026 10:03,09-06-2026 10:04,Completed
Xyz7670345,Atlas,DC,09-06-2026 10:03,09-06-2026 10:04,Completed
Xyz7670352,Atlas,DC,09-06-2026 21:04,-NA-,Expired
Xyz7670364,Atlas,DC,09-06-2026 10:01,09-06-2026 10:02,Completed
Xyz7670424,Atlas,DC,09-06-2026 10:02,09-06-2026 10:03,Completed
Xyz7670446,Atlas,DC,09-06-2026 10:02,09-06-2026 10:03,Completed
Xyz7670482,Atlas,DC,09-06-2026 10:01,09-06-2026 10:02,Completed
Xyz7670608,Atlas,DC,09-06-2026 10:02,09-06-2026 10:03,Completed
Xyz7670617,Atlas,DC,09-06-2026 10:02,09-06-2026 10:02,Completed
Xyz7670626,Atlas,DC,09-06-2026 10:01,09-06-2026 10:02,Completed
Xyz7670662,Atlas,DC,09-06-2026 10:02,-NA-,Expired
Xyz7670676,Atlas,DC,09-06-2026 10:01,09-06-2026 10:02,Completed
Xyz7670709,Atlas,DC,09-06-2026 10:02,09-06-2026 10:02,Completed
Xyz7670732,Atlas,DC,09-06-2026 10:03,09-06-2026 10:03,Completed
Xyz7670755,Atlas,DC,09-06-2026 10:03,09-06-2026 10:03,Completed
Xyz7670762,Atlas,DC,09-06-2026 10:02,09-06-2026 10:03,Completed
Xyz7670763,Atlas,DC,09-06-2026 10:03,09-06-2026 10:05,Completed
Xyz7670767,Atlas,DC,09-06-2026 10:01,09-06-2026 10:04,Completed
Xyz7670781,Atlas,DC,09-06-2026 10:01,09-06-2026 10:02,Completed
Xyz7670799,Atlas,DC,09-06-2026 10:01,09-06-2026 10:02,Completed
Xyz7670839,Atlas,DC,09-06-2026 10:04,09-06-2026 10:04,Completed
Xyz7670840,Atlas,DC,09-06-2026 20:59,-NA-,Expired
Xyz7670875,Atlas,DC,09-06-2026 10:00,09-06-2026 10:00,Completed
Xyz7670878,Atlas,DC,09-06-2026 10:00,09-06-2026 10:01,Completed
Xyz7670921,Atlas,DC,09-06-2026 10:01,09-06-2026 10:02,Completed
Xyz7670928,Atlas,DC,09-06-2026 10:03,09-06-2026 10:18,Completed
Xyz7671051,Atlas,DC,09-06-2026 10:01,09-06-2026 10:02,Completed
Xyz7671054,Atlas,DC,09-06-2026 20:59,-NA-,Expired
Xyz7671062,Atlas,DC,09-06-2026 10:03,09-06-2026 10:03,Completed
Xyz7671088,Atlas,DC,09-06-2026 10:02,-NA-,Expired
Xyz7671093,Atlas,DC,09-06-2026 20:59,-NA-,Expired
Xyz7671098,Atlas,DC,09-06-2026 10:02,09-06-2026 10:11,Completed
Xyz7671164,Atlas,DC,09-06-2026 10:02,09-06-2026 10:02,Completed
Xyz7671235,Atlas,DC,09-06-2026 10:00,09-06-2026 10:01,Completed
Xyz7671268,Atlas,DC,09-06-2026 10:01,09-06-2026 10:12,Completed
Xyz7671275,Atlas,DC,09-06-2026 10:03,09-06-2026 10:04,Completed
Xyz7671282,Atlas,DC,09-06-2026 10:02,09-06-2026 10:03,Completed
Xyz7671284,Atlas,DC,09-06-2026 10:02,09-06-2026 10:03,Completed
Xyz7671311,Atlas,DC,09-06-2026 10:02,09-06-2026 10:03,Completed
Xyz7671314,Atlas,DC,09-06-2026 10:00,09-06-2026 10:01,Completed
Xyz7671320,Atlas,DC,09-06-2026 10:02,09-06-2026 10:03,Completed
Xyz7671385,Atlas,DC,09-06-2026 10:00,09-06-2026 10:02,Completed
Xyz7671392,Atlas,DC,09-06-2026 10:03,09-06-2026 10:04,Completed
Xyz7671414,Atlas,DC,09-06-2026 10:00,09-06-2026 10:02,Completed
Xyz7671433,Atlas,DC,09-06-2026 10:02,09-06-2026 10:03,Completed
Xyz7671437,Atlas,DC,09-06-2026 10:00,09-06-2026 10:02,Completed
Xyz7671447,Atlas,DC,09-06-2026 10:03,09-06-2026 10:38,Completed
Xyz7671456,Atlas,DC,09-06-2026 10:02,09-06-2026 10:03,Completed
Xyz7671503,Atlas,DC,09-06-2026 10:00,09-06-2026 10:01,Completed
Xyz7671507,Atlas,DC,09-06-2026 10:01,09-06-2026 10:02,Completed
Xyz7671541,Atlas,DC,09-06-2026 10:02,09-06-2026 10:02,Completed
Xyz7671543,Atlas,DC,09-06-2026 10:01,09-06-2026 10:02,Completed
Xyz7671573,Atlas,DC,09-06-2026 10:01,09-06-2026 10:01,Completed
Xyz7671593,Atlas,DC,09-06-2026 10:00,09-06-2026 10:11,Completed
Xyz7671641,Atlas,DC,09-06-2026 10:01,09-06-2026 10:10,Completed
Xyz7671684,Atlas,DC,09-06-2026 10:03,09-06-2026 10:04,Completed
Xyz7671820,Atlas,DC,09-06-2026 10:02,09-06-2026 10:03,Completed
Xyz7671873,Atlas,DC,09-06-2026 10:02,09-06-2026 10:03,Completed
Xyz7671875,Atlas,DC,09-06-2026 10:00,09-06-2026 10:01,Completed
Xyz7671887,Atlas,DC,09-06-2026 10:02,09-06-2026 10:03,Completed
Xyz7671982,Atlas,DC,09-06-2026 10:03,09-06-2026 10:37,Completed
Xyz7671990,Atlas,DC,09-06-2026 10:02,09-06-2026 10:03,Completed
Xyz7672018,Atlas,DC,09-06-2026 10:02,09-06-2026 10:03,Completed
Xyz7672029,Atlas,DC,09-06-2026 10:00,09-06-2026 13:41,Completed
Xyz7672044,Atlas,DC,09-06-2026 10:00,09-06-2026 10:11,Completed
Xyz7672054,Atlas,DC,09-06-2026 10:02,09-06-2026 10:02,Completed
Xyz7672083,Atlas,DC,09-06-2026 10:00,09-06-2026 10:02,Completed
Xyz7672139,Atlas,DC,09-06-2026 10:02,09-06-2026 10:02,Completed
Xyz7672152,Atlas,DC,09-06-2026 10:03,09-06-2026 10:16,Completed
Xyz7672165,Atlas,DC,09-06-2026 10:02,09-06-2026 10:08,Completed
Xyz7672177,Atlas,DC,09-06-2026 10:01,09-06-2026 10:52,Completed
Xyz7672178,Atlas,DC,09-06-2026 10:03,09-06-2026 10:44,Completed
Xyz7672199,Atlas,DC,09-06-2026 21:01,-NA-,Expired
Xyz7672200,Atlas,DC,09-06-2026 10:02,09-06-2026 10:02,Completed
Xyz7672206,Atlas,DC,09-06-2026 10:00,09-06-2026 10:02,Completed
Xyz7672220,Atlas,DC,09-06-2026 10:01,09-06-2026 11:12,Completed
Xyz7672251,Atlas,DC,09-06-2026 10:00,09-06-2026 10:13,Completed
Xyz7672256,Atlas,DC,09-06-2026 10:00,09-06-2026 10:02,Completed
Xyz7672259,Atlas,DC,09-06-2026 10:01,10-06-2026 09:43,Completed
Xyz7672282,Atlas,DC,09-06-2026 10:02,09-06-2026 10:02,Completed
Xyz7672394,Atlas,DC,09-06-2026 10:04,09-06-2026 10:10,Completed
Xyz7672403,Atlas,DC,09-06-2026 10:00,09-06-2026 10:39,Completed
Xyz7672408,Atlas,DC,09-06-2026 10:01,09-06-2026 10:40,Completed
Xyz7672412,Atlas,DC,09-06-2026 10:01,09-06-2026 10:01,Completed
Xyz7672440,Atlas,DC,09-06-2026 10:02,09-06-2026 10:02,Completed
Xyz7672441,Atlas,DC,09-06-2026 10:01,09-06-2026 10:01,Completed
Xyz7672450,Atlas,DC,09-06-2026 10:03,09-06-2026 10:08,Completed
Xyz7672520,Atlas,DC,09-06-2026 10:02,09-06-2026 10:08,Completed
Xyz7672532,Atlas,DC,09-06-2026 10:00,09-06-2026 10:41,Completed
Xyz7672571,Atlas,DC,09-06-2026 10:03,09-06-2026 10:03,Completed
Xyz7672579,Atlas,DC,09-06-2026 10:04,09-06-2026 10:05,Completed
Xyz7672584,Atlas,DC,09-06-2026 10:02,09-06-2026 10:02,Completed
Xyz7672587,Atlas,DC,09-06-2026 10:02,09-06-2026 10:03,Completed
Xyz7672606,Atlas,DC,09-06-2026 10:02,09-06-2026 10:03,Completed
Xyz7672610,Atlas,DC,09-06-2026 10:00,09-06-2026 10:02,Completed
Xyz7672629,Atlas,DC,09-06-2026 10:01,09-06-2026 10:10,Completed
Xyz7672649,Atlas,DC,09-06-2026 10:01,09-06-2026 10:02,Completed
Xyz7672660,Atlas,DC,09-06-2026 10:02,09-06-2026 10:35,Completed
Xyz7672668,Atlas,DC,09-06-2026 10:02,09-06-2026 10:03,Completed
Xyz7672675,Atlas,DC,09-06-2026 10:02,09-06-2026 14:05,Completed
Xyz7672692,Atlas,DC,09-06-2026 10:00,09-06-2026 10:01,Completed
Xyz7672693,Atlas,DC,09-06-2026 10:00,09-06-2026 10:01,Completed
Xyz7672696,Atlas,DC,09-06-2026 10:00,09-06-2026 10:01,Completed
Xyz7672714,Atlas,DC,09-06-2026 10:04,09-06-2026 10:04,Completed
Xyz7672767,Atlas,DC,09-06-2026 10:02,09-06-2026 10:03,Completed
Xyz7672774,Atlas,DC,09-06-2026 10:02,09-06-2026 14:11,Completed
Xyz7672777,Atlas,DC,09-06-2026 10:00,09-06-2026 15:11,Completed
Xyz7672781,Atlas,DC,09-06-2026 10:00,09-06-2026 10:23,Completed
Xyz7672810,Atlas,DC,09-06-2026 21:01,-NA-,Expired
Xyz7672838,Atlas,DC,09-06-2026 10:01,09-06-2026 10:02,Completed
Xyz7672873,Atlas,DC,09-06-2026 10:00,09-06-2026 10:01,Completed
Xyz7672874,Atlas,DC,09-06-2026 10:01,09-06-2026 10:39,Completed
Xyz7672892,Atlas,DC,09-06-2026 10:00,09-06-2026 10:01,Completed
Xyz7672906,Atlas,DC,09-06-2026 10:01,09-06-2026 10:02,Completed
Xyz7672914,Atlas,DC,09-06-2026 10:03,-NA-,Expired
Xyz7672924,Atlas,DC,09-06-2026 10:00,09-06-2026 10:01,Completed
Xyz7672928,Atlas,DC,09-06-2026 10:02,09-06-2026 10:02,Completed
Xyz7672931,Atlas,DC,09-06-2026 10:02,09-06-2026 10:09,Completed
Xyz7672934,Atlas,DC,09-06-2026 10:02,09-06-2026 10:02,Completed
Xyz7672937,Atlas,DC,09-06-2026 10:02,09-06-2026 10:02,Completed
Xyz7672938,Atlas,DC,09-06-2026 10:00,09-06-2026 10:10,Completed
Xyz7672986,Atlas,DC,09-06-2026 10:03,09-06-2026 11:37,Completed
Xyz7672999,Atlas,DC,09-06-2026 10:01,09-06-2026 10:08,Completed
Xyz7673009,Atlas,DC,09-06-2026 10:02,09-06-2026 10:09,Completed
Xyz7673010,Atlas,DC,09-06-2026 10:00,09-06-2026 10:08,Completed
Xyz7673013,Atlas,DC,09-06-2026 10:03,09-06-2026 10:08,Completed
Xyz7673027,Atlas,DC,09-06-2026 10:03,09-06-2026 10:04,Completed
Xyz7673036,Atlas,DC,09-06-2026 10:02,09-06-2026 10:03,Completed
Xyz7673039,Atlas,DC,09-06-2026 10:02,09-06-2026 10:03,Completed
Xyz7673053,Atlas,DC,09-06-2026 10:04,09-06-2026 10:05,Completed
Xyz7673066,Atlas,DC,09-06-2026 10:02,09-06-2026 10:09,Completed
Xyz7673078,Atlas,DC,09-06-2026 10:00,09-06-2026 10:01,Completed
Xyz7673087,Atlas,DC,09-06-2026 10:03,09-06-2026 12:04,Completed
Xyz7673129,Atlas,DC,09-06-2026 10:02,09-06-2026 10:02,Completed
Xyz7673138,Atlas,DC,09-06-2026 10:03,09-06-2026 10:10,Completed
Xyz7673149,Atlas,DC,09-06-2026 10:01,-NA-,Expired
Xyz7673155,Atlas,DC,09-06-2026 10:02,09-06-2026 10:02,Completed
Xyz7673218,Atlas,DC,09-06-2026 10:02,09-06-2026 10:03,Completed
Xyz7673220,Atlas,DC,09-06-2026 10:02,09-06-2026 10:03,Completed
Xyz7673221,Atlas,DC,09-06-2026 10:00,09-06-2026 10:01,Completed
Xyz7673222,Atlas,DC,09-06-2026 10:02,09-06-2026 10:03,Completed
Xyz7673231,Atlas,DC,09-06-2026 10:00,09-06-2026 10:01,Completed
Xyz7673275,Atlas,DC,09-06-2026 10:02,09-06-2026 14:09,Completed
Xyz7673281,Atlas,DC,09-06-2026 10:03,09-06-2026 11:27,Completed
Xyz7673290,Atlas,DC,09-06-2026 10:03,-NA-,Expired
Xyz7673291,Atlas,DC,09-06-2026 10:03,09-06-2026 10:08,Completed
Xyz7673305,Atlas,DC,09-06-2026 10:02,09-06-2026 10:02,Completed
Xyz7673306,Atlas,DC,09-06-2026 10:02,09-06-2026 10:02,Completed
Xyz7673310,Atlas,DC,09-06-2026 10:01,09-06-2026 10:02,Completed
Xyz7673353,Atlas,DC,09-06-2026 10:00,09-06-2026 10:09,Completed
Xyz7673357,Atlas,DC,09-06-2026 10:02,09-06-2026 10:09,Completed
Xyz7673388,Atlas,DC,09-06-2026 10:03,09-06-2026 11:36,Completed
Xyz7673454,Atlas,DC,09-06-2026 10:01,09-06-2026 10:02,Completed
Xyz7673465,Atlas,DC,09-06-2026 10:03,09-06-2026 10:08,Completed
Xyz7673466,Atlas,DC,09-06-2026 21:00,-NA-,Expired
Xyz7673471,Atlas,DC,09-06-2026 21:01,-NA-,Expired
Xyz7673472,Atlas,DC,09-06-2026 21:01,-NA-,Expired
Xyz7673478,Atlas,DC,09-06-2026 10:00,09-06-2026 10:01,Completed
Xyz7673491,Atlas,DC,09-06-2026 10:02,09-06-2026 10:03,Completed
Xyz7673510,Atlas,DC,09-06-2026 10:03,09-06-2026 10:03,Completed
Xyz7673514,Atlas,DC,09-06-2026 10:03,09-06-2026 10:32,Completed
Xyz7673554,Atlas,DC,09-06-2026 10:01,09-06-2026 10:14,Completed
Xyz7673561,Atlas,DC,09-06-2026 10:03,09-06-2026 10:10,Completed
Xyz7673563,Atlas,DC,09-06-2026 10:02,09-06-2026 10:10,Completed
Xyz7673589,Atlas,DC,09-06-2026 10:00,09-06-2026 10:01,Completed
Xyz7673609,Atlas,DC,09-06-2026 21:01,-NA-,Expired
Xyz7673616,Atlas,DC,09-06-2026 21:01,-NA-,Expired
Xyz7673619,Atlas,DC,09-06-2026 10:03,09-06-2026 10:04,Completed
Xyz7673635,Atlas,DC,09-06-2026 10:00,09-06-2026 10:01,Completed
Xyz7673643,Atlas,DC,09-06-2026 10:00,09-06-2026 10:01,Completed
Xyz7673654,Atlas,DC,09-06-2026 10:01,09-06-2026 10:13,Completed
Xyz7673666,Atlas,DC,09-06-2026 10:02,09-06-2026 10:08,Completed
Xyz7673669,Atlas,DC,09-06-2026 10:00,09-06-2026 10:09,Completed
Xyz7673692,Atlas,DC,09-06-2026 10:02,09-06-2026 10:04,Completed
Xyz7673729,Atlas,DC,09-06-2026 10:03,09-06-2026 10:19,Completed
Xyz7673733,Atlas,DC,09-06-2026 10:02,09-06-2026 10:02,Completed
Xyz7673738,Atlas,DC,09-06-2026 10:01,09-06-2026 10:01,Completed
Xyz7673751,Atlas,DC,09-06-2026 10:00,09-06-2026 10:01,Completed
Xyz7673766,Atlas,DC,09-06-2026 21:01,-NA-,Expired
Xyz7673768,Atlas,DC,09-06-2026 21:01,-NA-,Expired
Xyz7673777,Atlas,DC,09-06-2026 10:02,09-06-2026 10:06,Completed
Xyz7673778,Atlas,DC,09-06-2026 10:02,09-06-2026 10:06,Completed
Xyz7673781,Atlas,DC,09-06-2026 10:03,09-06-2026 10:05,Completed
Xyz7673788,Atlas,DC,09-06-2026 10:03,09-06-2026 10:04,Completed
Xyz7673790,Atlas,DC,09-06-2026 10:00,09-06-2026 12:12,Completed
Xyz7673813,Atlas,DC,09-06-2026 10:02,09-06-2026 10:05,Completed
Xyz7673816,Atlas,DC,09-06-2026 10:01,09-06-2026 10:12,Completed
Xyz7673818,Atlas,DC,09-06-2026 10:02,09-06-2026 14:06,Completed
Xyz7673841,Atlas,DC,09-06-2026 10:00,09-06-2026 10:03,Completed
Xyz7673847,Atlas,DC,09-06-2026 10:01,09-06-2026 10:03,Completed
Xyz7673873,Atlas,DC,09-06-2026 10:00,09-06-2026 10:01,Completed
Xyz7673912,Atlas,DC,09-06-2026 10:00,09-06-2026 10:02,Completed
Xyz7673954,Atlas,DC,09-06-2026 10:03,09-06-2026 10:07,Completed
Xyz7673973,Atlas,DC,09-06-2026 10:02,09-06-2026 10:04,Completed
Xyz7674026,Atlas,DC,09-06-2026 10:00,09-06-2026 10:02,Completed
Xyz7674030,Atlas,DC,09-06-2026 10:00,09-06-2026 10:01,Completed
Xyz7674072,Atlas,DC,09-06-2026 10:01,09-06-2026 10:03,Completed
Xyz7674086,Atlas,DC,09-06-2026 10:02,09-06-2026 10:03,Completed
Xyz7674095,Atlas,DC,09-06-2026 10:01,09-06-2026 10:01,Completed
Xyz7674141,Atlas,DC,09-06-2026 10:00,09-06-2026 10:04,Completed
Xyz7674182,Atlas,DC,09-06-2026 21:03,-NA-,Expired
Xyz7674209,Atlas,DC,09-06-2026 10:03,09-06-2026 10:04,Completed
Xyz7674225,Atlas,DC,09-06-2026 10:03,09-06-2026 10:03,Completed
Xyz7674261,Atlas,DC,09-06-2026 10:00,09-06-2026 14:05,Completed
Xyz7674262,Atlas,DC,09-06-2026 10:00,09-06-2026 10:01,Completed
Xyz7674278,Atlas,DC,09-06-2026 10:01,09-06-2026 10:01,Completed
Xyz7674312,Atlas,DC,09-06-2026 10:02,09-06-2026 10:03,Completed
Xyz7674352,Atlas,DC,09-06-2026 10:00,09-06-2026 10:01,Completed
Xyz7674360,Atlas,DC,09-06-2026 21:00,-NA-,Expired
Xyz7674402,Atlas,DC,09-06-2026 10:00,09-06-2026 10:14,Completed
Xyz7674409,Atlas,DC,09-06-2026 10:03,09-06-2026 10:04,Completed
Xyz7674419,Atlas,DC,09-06-2026 10:00,09-06-2026 10:40,Completed
Xyz7674426,Atlas,DC,09-06-2026 10:00,09-06-2026 10:01,Completed
Xyz7674466,Atlas,DC,09-06-2026 10:02,09-06-2026 10:03,Completed
Xyz7674471,Atlas,DC,09-06-2026 10:04,09-06-2026 10:05,Completed
Xyz7674473,Atlas,DC,09-06-2026 10:00,09-06-2026 10:01,Completed
Xyz7674477,Atlas,DC,09-06-2026 20:59,-NA-,Expired
Xyz7674482,Atlas,DC,09-06-2026 10:00,09-06-2026 10:01,Completed
Xyz7674495,Atlas,DC,09-06-2026 10:00,09-06-2026 10:11,Completed
Xyz7674507,Atlas,DC,09-06-2026 10:03,09-06-2026 10:47,Completed
Xyz7674527,Atlas,DC,09-06-2026 10:01,09-06-2026 10:23,Completed
Xyz7674552,Atlas,DC,09-06-2026 10:00,09-06-2026 10:01,Completed
Xyz7674568,Atlas,DC,09-06-2026 10:02,09-06-2026 10:02,Completed
Xyz7674574,Atlas,DC,09-06-2026 10:01,09-06-2026 10:01,Completed
Xyz7674579,Atlas,DC,09-06-2026 10:02,09-06-2026 10:03,Completed
Xyz7674584,Atlas,DC,09-06-2026 10:02,09-06-2026 10:03,Completed
Xyz7674596,Atlas,DC,09-06-2026 21:06,-NA-,Expired
Xyz7674681,Atlas,DC,09-06-2026 10:00,09-06-2026 10:01,Completed
Xyz7674683,Atlas,DC,09-06-2026 21:01,-NA-,Expired
Xyz7674684,Atlas,DC,09-06-2026 10:02,09-06-2026 10:02,Completed
Xyz7674698,Atlas,DC,09-06-2026 10:03,09-06-2026 10:12,Completed
Xyz7674727,Atlas,DC,09-06-2026 10:00,09-06-2026 10:01,Completed
Xyz7674759,Atlas,DC,09-06-2026 10:01,09-06-2026 10:01,Completed
Xyz7674778,Atlas,DC,09-06-2026 10:00,09-06-2026 10:08,Completed
Xyz7674789,Atlas,DC,09-06-2026 10:02,09-06-2026 10:03,Completed
Xyz7674837,Atlas,DC,09-06-2026 10:02,09-06-2026 10:15,Completed
Xyz7674847,Atlas,DC,09-06-2026 10:01,09-06-2026 10:01,Completed
Xyz7674851,Atlas,DC,09-06-2026 10:02,09-06-2026 10:06,Completed
Xyz7674869,Atlas,DC,09-06-2026 10:01,09-06-2026 10:01,Completed
Xyz7674943,Atlas,DC,09-06-2026 10:01,09-06-2026 10:01,Completed
Xyz7674947,Atlas,DC,09-06-2026 10:03,09-06-2026 11:40,Completed
Xyz7674957,Atlas,DC,09-06-2026 10:00,09-06-2026 10:01,Completed
Xyz7674990,Atlas,DC,09-06-2026 10:00,09-06-2026 10:02,Completed
Xyz7675007,Atlas,DC,09-06-2026 10:01,09-06-2026 10:02,Completed
Xyz7675015,Atlas,DC,09-06-2026 10:00,09-06-2026 10:01,Completed
Xyz7675018,Atlas,DC,09-06-2026 10:00,09-06-2026 10:23,Completed
Xyz7675043,Atlas,DC,09-06-2026 10:03,09-06-2026 10:03,Completed
Xyz7675069,Atlas,DC,09-06-2026 21:01,-NA-,Expired
Xyz7675171,Atlas,DC,09-06-2026 10:02,09-06-2026 10:03,Completed
Xyz7675175,Atlas,DC,09-06-2026 10:02,09-06-2026 10:03,Completed
Xyz7675188,Atlas,DC,09-06-2026 10:00,09-06-2026 10:01,Completed
Xyz7675190,Atlas,DC,09-06-2026 10:02,09-06-2026 10:03,Completed
Xyz7675202,Atlas,DC,09-06-2026 10:00,09-06-2026 10:01,Completed
Xyz7675218,Atlas,DC,09-06-2026 10:02,09-06-2026 10:03,Completed
Xyz7675219,Atlas,DC,09-06-2026 10:04,09-06-2026 10:05,Completed
Xyz7675220,Atlas,DC,09-06-2026 10:04,09-06-2026 10:04,Completed
Xyz7675254,Atlas,DC,09-06-2026 10:00,09-06-2026 10:01,Completed
Xyz7675326,Atlas,DC,09-06-2026 10:01,09-06-2026 10:02,Completed
Xyz7675379,Atlas,DC,09-06-2026 10:02,09-06-2026 10:40,Completed
Xyz7675382,Atlas,DC,09-06-2026 10:01,09-06-2026 10:04,Completed
Xyz7675388,Atlas,DC,09-06-2026 10:02,09-06-2026 10:03,Completed
Xyz7675393,Atlas,DC,09-06-2026 10:00,09-06-2026 10:01,Completed
Xyz7675436,Atlas,DC,09-06-2026 10:01,09-06-2026 10:01,Completed
Xyz7675452,Atlas,DC,09-06-2026 10:00,09-06-2026 10:05,Completed
Xyz7675463,Atlas,DC,09-06-2026 10:00,09-06-2026 10:01,Completed
Xyz7675484,Atlas,DC,09-06-2026 10:00,09-06-2026 10:01,Completed
Xyz7675501,Atlas,DC,09-06-2026 10:01,09-06-2026 10:43,Completed
Xyz7675570,Atlas,DC,09-06-2026 10:01,09-06-2026 10:01,Completed
Xyz7675586,Atlas,DC,09-06-2026 10:00,09-06-2026 10:01,Completed
Xyz7675595,Atlas,DC,09-06-2026 10:01,09-06-2026 10:01,Completed
Xyz7675628,Atlas,DC,09-06-2026 10:00,09-06-2026 10:09,Completed
Xyz7675645,Atlas,DC,09-06-2026 10:03,09-06-2026 10:04,Completed
Xyz7675653,Atlas,DC,09-06-2026 10:02,09-06-2026 10:05,Completed
Xyz7675654,Atlas,DC,09-06-2026 10:02,09-06-2026 10:04,Completed
Xyz7675655,Atlas,DC,09-06-2026 10:03,09-06-2026 10:05,Completed
Xyz7675686,Atlas,DC,09-06-2026 10:01,09-06-2026 10:01,Completed
Xyz7675697,Atlas,DC,09-06-2026 10:03,09-06-2026 10:03,Completed
Xyz7675782,Atlas,DC,09-06-2026 10:02,09-06-2026 10:03,Completed
Xyz7675790,Atlas,DC,09-06-2026 10:02,09-06-2026 10:03,Completed
Xyz7675793,Atlas,DC,09-06-2026 10:01,09-06-2026 10:02,Completed
Xyz7675795,Atlas,DC,09-06-2026 10:02,09-06-2026 10:03,Completed
Xyz7675810,Atlas,DC,09-06-2026 10:03,09-06-2026 10:04,Completed
Xyz7675851,Atlas,DC,09-06-2026 10:03,09-06-2026 10:04,Completed
Xyz7675881,Atlas,DC,09-06-2026 10:01,09-06-2026 10:02,Completed
Xyz7675886,Atlas,DC,09-06-2026 10:02,09-06-2026 10:03,Completed
Xyz7675941,Atlas,DC,09-06-2026 10:01,09-06-2026 12:06,Completed
Xyz7675958,Atlas,DC,09-06-2026 10:00,09-06-2026 10:01,Completed
Xyz7675959,Atlas,DC,09-06-2026 10:01,09-06-2026 10:02,Completed
Xyz7675971,Atlas,DC,09-06-2026 10:03,09-06-2026 10:08,Completed
Xyz7676134,Atlas,DC,09-06-2026 10:00,09-06-2026 10:02,Completed
Xyz7676172,Atlas,DC,09-06-2026 10:02,09-06-2026 10:05,Completed
Xyz7676175,Atlas,DC,09-06-2026 10:00,09-06-2026 10:01,Completed
Xyz7676192,Atlas,DC,09-06-2026 10:01,09-06-2026 10:02,Completed
Xyz7676205,Atlas,DC,09-06-2026 10:01,09-06-2026 11:18,Completed
Xyz7676208,Atlas,DC,09-06-2026 10:03,09-06-2026 10:05,Completed
Xyz7676247,Atlas,DC,09-06-2026 10:03,09-06-2026 10:06,Completed
Xyz7676264,Atlas,DC,09-06-2026 10:03,09-06-2026 10:04,Completed
Xyz7676284,Atlas,DC,09-06-2026 10:03,09-06-2026 10:04,Completed
Xyz7676313,Atlas,DC,09-06-2026 10:03,09-06-2026 10:04,Completed
Xyz7676332,Atlas,DC,09-06-2026 10:01,09-06-2026 10:02,Completed
Xyz7676339,Atlas,DC,09-06-2026 10:01,09-06-2026 10:02,Completed
Xyz7676363,Atlas,DC,09-06-2026 10:03,-NA-,Expired
Xyz7676365,Atlas,DC,09-06-2026 10:01,09-06-2026 10:32,Completed
Xyz7676371,Atlas,DC,09-06-2026 10:01,09-06-2026 11:00,Completed
Xyz7676380,Atlas,DC,09-06-2026 10:03,09-06-2026 10:03,Completed
Xyz7676435,Atlas,DC,09-06-2026 10:03,09-06-2026 10:03,Completed
Xyz7676442,Atlas,DC,09-06-2026 21:02,-NA-,Expired
Xyz7676468,Atlas,DC,09-06-2026 10:02,09-06-2026 10:04,Completed
Xyz7676471,Atlas,DC,09-06-2026 10:01,09-06-2026 10:14,Completed
Xyz7676483,Atlas,DC,09-06-2026 21:00,-NA-,Expired
Xyz7676489,Atlas,DC,09-06-2026 10:02,09-06-2026 10:03,Completed
Xyz7676508,Atlas,DC,09-06-2026 10:03,09-06-2026 10:03,Completed
Xyz7676545,Atlas,DC,09-06-2026 10:01,09-06-2026 12:03,Completed
Xyz7676560,Atlas,DC,09-06-2026 10:03,09-06-2026 10:08,Completed
Xyz7676577,Atlas,DC,09-06-2026 10:01,09-06-2026 10:02,Completed
Xyz7676757,Atlas,DC,09-06-2026 21:01,-NA-,Expired
Xyz7676763,Atlas,DC,09-06-2026 10:03,09-06-2026 10:21,Completed
Xyz7676786,Atlas,DC,09-06-2026 10:03,09-06-2026 10:04,Completed
Xyz7676787,Atlas,DC,09-06-2026 10:01,09-06-2026 10:02,Completed
Xyz7676790,Atlas,DC,09-06-2026 10:01,09-06-2026 10:02,Completed
Xyz7676791,Atlas,DC,09-06-2026 10:01,09-06-2026 10:02,Completed
Xyz7676801,Atlas,DC,09-06-2026 10:01,09-06-2026 10:03,Completed
Xyz7676848,Atlas,DC,09-06-2026 10:02,09-06-2026 10:02,Completed
Xyz7676855,Atlas,DC,09-06-2026 10:02,09-06-2026 10:02,Completed
Xyz7676867,Atlas,DC,09-06-2026 10:00,09-06-2026 10:01,Completed
Xyz7676869,Atlas,DC,09-06-2026 10:02,09-06-2026 10:02,Completed
Xyz7676875,Atlas,DC,09-06-2026 21:02,-NA-,Expired
Xyz7676890,Atlas,DC,09-06-2026 10:01,09-06-2026 10:01,Completed
Xyz7676912,Atlas,DC,09-06-2026 10:01,09-06-2026 10:02,Completed
Xyz7676922,Atlas,DC,09-06-2026 10:00,09-06-2026 10:01,Completed
Xyz7676982,Atlas,DC,09-06-2026 10:02,09-06-2026 10:03,Completed
Xyz7677026,Atlas,DC,09-06-2026 21:06,-NA-,Expired
Xyz7677178,Atlas,DC,09-06-2026 10:01,09-06-2026 10:02,Completed
Xyz7677226,Atlas,DC,09-06-2026 10:02,09-06-2026 10:02,Completed
Xyz7677305,Atlas,DC,09-06-2026 10:02,09-06-2026 10:39,Completed
Xyz7677319,Atlas,DC,09-06-2026 10:01,09-06-2026 10:02,Completed
Xyz7677338,Atlas,DC,09-06-2026 10:02,-NA-,Expired
Xyz7677339,Atlas,DC,09-06-2026 10:01,09-06-2026 10:01,Completed
Xyz7677340,Atlas,DC,09-06-2026 10:02,09-06-2026 10:03,Completed
Xyz7677342,Atlas,DC,09-06-2026 10:00,09-06-2026 10:01,Completed
Xyz7677372,Atlas,DC,09-06-2026 10:02,09-06-2026 10:03,Completed
Xyz7677454,Atlas,DC,09-06-2026 10:00,09-06-2026 10:01,Completed
Xyz7677487,Atlas,DC,09-06-2026 21:00,-NA-,Expired
Xyz7677578,Atlas,DC,09-06-2026 10:01,09-06-2026 10:02,Completed
Xyz7677666,Atlas,DC,09-06-2026 10:02,09-06-2026 10:03,Completed
Xyz7677672,Atlas,DC,09-06-2026 10:01,09-06-2026 10:01,Completed
Xyz7677677,Atlas,DC,09-06-2026 10:01,09-06-2026 10:01,Completed
Xyz7677693,Atlas,DC,09-06-2026 10:02,09-06-2026 10:02,Completed
Xyz7677704,Atlas,DC,09-06-2026 10:02,09-06-2026 10:02,Completed
Xyz7677721,Atlas,DC,09-06-2026 10:01,09-06-2026 10:02,Completed
Xyz7677732,Atlas,DC,09-06-2026 10:02,09-06-2026 10:03,Completed
Xyz7677768,Atlas,DC,09-06-2026 10:03,09-06-2026 10:04,Completed
Xyz7677797,Atlas,DC,09-06-2026 10:02,09-06-2026 10:08,Completed
Xyz7677811,Atlas,DC,09-06-2026 10:04,09-06-2026 10:04,Completed
Xyz7677818,Atlas,DC,09-06-2026 10:01,09-06-2026 10:02,Completed
Xyz7677822,Atlas,DC,09-06-2026 10:03,09-06-2026 10:15,Completed
Xyz7677845,Atlas,DC,09-06-2026 10:02,09-06-2026 10:06,Completed
Xyz7677937,Atlas,DC,09-06-2026 10:03,09-06-2026 10:03,Completed
Xyz7677995,Atlas,DC,09-06-2026 10:01,09-06-2026 10:02,Completed
Xyz7677998,Atlas,DC,09-06-2026 10:00,09-06-2026 10:02,Completed
Xyz7678058,Atlas,DC,09-06-2026 10:01,09-06-2026 10:01,Completed
Xyz7678113,Atlas,DC,09-06-2026 10:02,09-06-2026 10:02,Completed
Xyz7678114,Atlas,DC,09-06-2026 10:02,09-06-2026 10:08,Completed
Xyz7678127,Atlas,DC,09-06-2026 10:01,09-06-2026 10:05,Completed
Xyz7678129,Atlas,DC,09-06-2026 10:03,09-06-2026 10:03,Completed
Xyz7678147,Atlas,DC,09-06-2026 10:00,09-06-2026 10:07,Completed
Xyz7678185,Atlas,DC,09-06-2026 10:03,09-06-2026 10:05,Completed
Xyz7678203,Atlas,DC,09-06-2026 10:02,09-06-2026 10:02,Completed
Xyz7678240,Atlas,DC,09-06-2026 10:02,09-06-2026 10:02,Completed
Xyz7678325,Atlas,DC,09-06-2026 10:02,09-06-2026 10:03,Completed
Xyz7678380,Atlas,DC,09-06-2026 10:00,09-06-2026 10:01,Completed
Xyz7678387,Atlas,DC,09-06-2026 10:03,09-06-2026 10:05,Completed
Xyz7678509,Atlas,DC,09-06-2026 10:03,09-06-2026 10:05,Completed
Xyz7678517,Atlas,DC,09-06-2026 10:01,09-06-2026 10:01,Completed
Xyz7678538,Atlas,DC,09-06-2026 10:02,09-06-2026 10:05,Completed
Xyz7678570,Atlas,DC,09-06-2026 21:04,-NA-,Expired
Xyz7678571,Atlas,DC,09-06-2026 21:03,-NA-,Expired
Xyz7678576,Atlas,DC,09-06-2026 21:04,-NA-,Expired
Xyz7678622,Atlas,DC,09-06-2026 10:01,09-06-2026 10:22,Completed
Xyz7678632,Atlas,DC,09-06-2026 10:01,09-06-2026 10:01,Completed
Xyz7678635,Atlas,DC,09-06-2026 10:02,09-06-2026 10:02,Completed
Xyz7678640,Atlas,DC,09-06-2026 10:03,09-06-2026 10:07,Completed
Xyz7678671,Atlas,DC,09-06-2026 10:03,09-06-2026 12:45,Completed
Xyz7678673,Atlas,DC,09-06-2026 10:02,09-06-2026 10:02,Completed
Xyz7678678,Atlas,DC,09-06-2026 10:01,09-06-2026 10:12,Completed
Xyz7678716,Atlas,DC,09-06-2026 10:00,09-06-2026 10:01,Completed
Xyz7678722,Atlas,DC,09-06-2026 10:02,09-06-2026 10:02,Completed
Xyz7678775,Atlas,DC,09-06-2026 10:03,09-06-2026 10:04,Completed
Xyz7678792,Atlas,DC,09-06-2026 10:03,09-06-2026 10:03,Completed
Xyz7678850,Atlas,DC,09-06-2026 10:02,09-06-2026 11:23,Completed
Xyz7678909,Atlas,DC,09-06-2026 10:01,09-06-2026 10:02,Completed
Xyz7678957,Atlas,DC,09-06-2026 10:02,09-06-2026 10:02,Completed
Xyz7678962,Atlas,DC,09-06-2026 10:00,09-06-2026 10:01,Completed
Xyz7679085,Atlas,DC,09-06-2026 10:01,09-06-2026 10:01,Completed
Xyz7679087,Atlas,DC,09-06-2026 10:02,09-06-2026 10:02,Completed
Xyz7679103,Atlas,DC,09-06-2026 21:05,-NA-,Expired
Xyz7679168,Atlas,DC,09-06-2026 10:02,-NA-,Expired
Xyz7679169,Atlas,DC,09-06-2026 10:01,09-06-2026 10:02,Completed
Xyz7679209,Atlas,DC,09-06-2026 21:03,-NA-,Expired
Xyz7679226,Atlas,DC,09-06-2026 10:02,09-06-2026 10:07,Completed
Xyz7679231,Atlas,DC,09-06-2026 10:02,09-06-2026 10:05,Completed
Xyz7679301,Atlas,DC,09-06-2026 10:02,09-06-2026 10:03,Completed
Xyz7679306,Atlas,DC,09-06-2026 10:03,09-06-2026 10:04,Completed
Xyz7679344,Atlas,DC,09-06-2026 10:02,09-06-2026 10:02,Completed
Xyz7679357,Atlas,DC,09-06-2026 10:00,09-06-2026 10:02,Completed
Xyz7679390,Atlas,DC,09-06-2026 10:02,09-06-2026 10:08,Completed
Xyz7679404,Atlas,DC,09-06-2026 10:03,09-06-2026 10:05,Completed
Xyz7679422,Atlas,DC,09-06-2026 10:03,09-06-2026 10:14,Completed
Xyz7679478,Atlas,DC,09-06-2026 10:02,09-06-2026 10:03,Completed
Xyz7679482,Atlas,DC,09-06-2026 21:03,-NA-,Expired
Xyz7679492,Atlas,DC,09-06-2026 10:01,09-06-2026 10:44,Completed
Xyz7679509,Atlas,DC,09-06-2026 10:02,09-06-2026 10:03,Completed
Xyz7679554,Atlas,DC,09-06-2026 10:03,09-06-2026 10:04,Completed
Xyz7679581,Atlas,DC,09-06-2026 10:02,09-06-2026 10:08,Completed
Xyz7679613,Atlas,DC,09-06-2026 10:02,09-06-2026 10:02,Completed
Xyz7679622,Atlas,DC,09-06-2026 10:02,09-06-2026 10:02,Completed
Xyz7679639,Atlas,DC,09-06-2026 10:02,09-06-2026 10:03,Completed
Xyz7679666,Atlas,DC,09-06-2026 10:01,09-06-2026 10:02,Completed
Xyz7679671,Atlas,DC,09-06-2026 10:03,-NA-,Expired
Xyz7679674,Atlas,DC,09-06-2026 10:00,09-06-2026 10:03,Completed
Xyz7679681,Atlas,DC,09-06-2026 10:01,09-06-2026 10:01,Completed
Xyz7679701,Atlas,DC,09-06-2026 10:01,09-06-2026 10:02,Completed
Xyz7679771,Atlas,DC,09-06-2026 21:04,-NA-,Expired
Xyz7679805,Atlas,DC,09-06-2026 10:02,09-06-2026 12:23,Completed
Xyz7679884,Atlas,DC,09-06-2026 10:00,09-06-2026 10:01,Completed
Xyz7679915,Atlas,DC,09-06-2026 21:04,-NA-,Expired
Xyz7679919,Atlas,DC,09-06-2026 21:05,-NA-,Expired
Xyz7679924,Atlas,DC,09-06-2026 10:03,09-06-2026 10:14,Completed
Xyz7679926,Atlas,DC,09-06-2026 10:02,09-06-2026 10:42,Completed
Xyz7680013,Atlas,DC,09-06-2026 10:00,09-06-2026 10:16,Completed
Xyz7680018,Atlas,DC,09-06-2026 10:02,09-06-2026 10:02,Completed
Xyz7680036,Atlas,DC,09-06-2026 10:02,09-06-2026 10:02,Completed
Xyz7680043,Atlas,DC,09-06-2026 10:02,09-06-2026 10:03,Completed
Xyz7680075,Atlas,DC,09-06-2026 10:02,09-06-2026 10:03,Completed
Xyz7680097,Atlas,DC,09-06-2026 10:04,09-06-2026 10:05,Completed
Xyz7680124,Atlas,DC,09-06-2026 10:00,09-06-2026 10:01,Completed
Xyz7680152,Atlas,DC,09-06-2026 10:01,09-06-2026 10:02,Completed
Xyz7680202,Atlas,DC,09-06-2026 10:03,09-06-2026 10:03,Completed
Xyz7680208,Atlas,DC,09-06-2026 10:02,09-06-2026 10:07,Completed
Xyz7680210,Atlas,DC,09-06-2026 10:01,09-06-2026 10:02,Completed
Xyz7680258,Atlas,DC,09-06-2026 10:02,09-06-2026 10:02,Completed
Xyz7680290,Atlas,DC,09-06-2026 21:04,-NA-,Expired
Xyz7680337,Atlas,DC,09-06-2026 10:00,09-06-2026 10:01,Completed
Xyz7680339,Atlas,DC,09-06-2026 21:00,-NA-,Expired
Xyz7680437,Atlas,DC,09-06-2026 21:04,-NA-,Expired
Xyz7680498,Atlas,DC,09-06-2026 10:01,09-06-2026 10:02,Completed
Xyz7680536,Atlas,DC,09-06-2026 10:00,09-06-2026 10:01,Completed
Xyz7680633,Atlas,DC,09-06-2026 21:03,-NA-,Expired
Xyz7680634,Atlas,DC,09-06-2026 21:03,-NA-,Expired
Xyz7680657,Atlas,DC,09-06-2026 10:01,09-06-2026 10:07,Completed
Xyz7680712,Atlas,DC,09-06-2026 21:00,-NA-,Expired
Xyz7680714,Atlas,DC,09-06-2026 10:02,09-06-2026 10:03,Completed
Xyz7680796,Atlas,DC,09-06-2026 10:01,09-06-2026 10:04,Completed
Xyz7680858,Atlas,DC,09-06-2026 10:01,09-06-2026 11:20,Completed
Xyz7680861,Atlas,DC,09-06-2026 10:02,09-06-2026 11:19,Completed
Xyz7680863,Atlas,DC,09-06-2026 10:03,09-06-2026 11:20,Completed
Xyz7680874,Atlas,DC,09-06-2026 10:01,09-06-2026 10:01,Completed
Xyz7680880,Atlas,DC,09-06-2026 10:02,09-06-2026 10:03,Completed
Xyz7680888,Atlas,DC,09-06-2026 10:00,09-06-2026 10:01,Completed
Xyz7680889,Atlas,DC,09-06-2026 10:02,09-06-2026 10:03,Completed
Xyz7680908,Atlas,DC,09-06-2026 10:02,09-06-2026 10:11,Completed
Xyz7680918,Atlas,DC,09-06-2026 10:01,-NA-,Expired
Xyz7680921,Atlas,DC,09-06-2026 10:01,09-06-2026 11:23,Completed
Xyz7680952,Atlas,DC,09-06-2026 21:01,-NA-,Expired
Xyz7680956,Atlas,DC,09-06-2026 10:02,09-06-2026 10:02,Completed
Xyz7680967,Atlas,DC,09-06-2026 10:03,09-06-2026 10:03,Completed
Xyz7681009,Atlas,DC,09-06-2026 10:02,09-06-2026 10:03,Completed
Xyz7681027,Atlas,DC,09-06-2026 10:02,09-06-2026 10:03,Completed
Xyz7681043,Atlas,DC,09-06-2026 10:01,-NA-,Expired
Xyz7681060,Atlas,DC,09-06-2026 10:01,09-06-2026 10:01,Completed
Xyz7681087,Atlas,DC,09-06-2026 10:03,09-06-2026 10:04,Completed
Xyz7681116,Atlas,DC,09-06-2026 21:04,-NA-,Expired
Xyz7681143,Atlas,DC,09-06-2026 10:01,09-06-2026 10:02,Completed
Xyz7681218,Atlas,DC,09-06-2026 10:03,09-06-2026 11:32,Completed
Xyz7681276,Atlas,DC,09-06-2026 10:02,09-06-2026 10:02,Completed
Xyz7681292,Atlas,DC,09-06-2026 10:02,09-06-2026 10:03,Completed
Xyz7681296,Atlas,DC,09-06-2026 10:02,09-06-2026 10:03,Completed
Xyz7681306,Atlas,DC,09-06-2026 10:00,09-06-2026 10:01,Completed
Xyz7681312,Atlas,DC,09-06-2026 10:01,09-06-2026 10:03,Completed
Xyz7681340,Atlas,DC,09-06-2026 10:01,09-06-2026 11:24,Completed
Xyz7681358,Atlas,DC,09-06-2026 10:02,09-06-2026 10:07,Completed
Xyz7681365,Atlas,DC,09-06-2026 10:02,09-06-2026 10:03,Completed
Xyz7681375,Atlas,DC,09-06-2026 10:02,09-06-2026 10:02,Completed
Xyz7681396,Atlas,DC,09-06-2026 10:02,09-06-2026 10:03,Completed
Xyz7681397,Atlas,DC,09-06-2026 10:02,09-06-2026 10:03,Completed
Xyz7681399,Atlas,DC,09-06-2026 10:02,09-06-2026 10:03,Completed
Xyz7681412,Atlas,DC,09-06-2026 10:02,09-06-2026 10:07,Completed
Xyz7681486,Atlas,DC,09-06-2026 10:01,09-06-2026 10:37,Completed
Xyz7681525,Atlas,DC,09-06-2026 10:02,09-06-2026 10:03,Completed
Xyz7681566,Atlas,DC,09-06-2026 20:59,-NA-,Expired
Xyz7681583,Atlas,DC,09-06-2026 10:03,09-06-2026 10:07,Completed
Xyz7681623,Atlas,DC,09-06-2026 10:01,09-06-2026 11:24,Completed
Xyz7681634,Atlas,DC,09-06-2026 10:02,09-06-2026 10:02,Completed
Xyz7681753,Atlas,DC,09-06-2026 10:01,09-06-2026 10:02,Completed
Xyz7681755,Atlas,DC,09-06-2026 10:00,-NA-,Expired
Xyz7681782,Atlas,DC,09-06-2026 10:01,09-06-2026 10:02,Completed
Xyz7681825,Atlas,DC,09-06-2026 10:03,10-06-2026 09:01,Completed
Xyz7681862,Atlas,DC,09-06-2026 10:03,09-06-2026 10:06,Completed
Xyz7681881,Atlas,DC,09-06-2026 10:03,09-06-2026 10:03,Completed
Xyz7681929,Atlas,DC,09-06-2026 10:02,09-06-2026 10:08,Completed
Xyz7681970,Atlas,DC,09-06-2026 10:01,09-06-2026 12:20,Completed
Xyz7681971,Atlas,DC,09-06-2026 10:01,09-06-2026 10:02,Completed
Xyz7682053,Atlas,DC,09-06-2026 10:03,09-06-2026 10:03,Completed
Xyz7682127,Atlas,DC,09-06-2026 10:01,10-06-2026 09:37,Completed
Xyz7682139,Atlas,DC,09-06-2026 10:02,09-06-2026 10:03,Completed
Xyz7682173,Atlas,DC,09-06-2026 10:01,09-06-2026 10:04,Completed
Xyz7682174,Atlas,DC,09-06-2026 10:02,09-06-2026 10:04,Completed
Xyz7682201,Atlas,DC,09-06-2026 10:02,09-06-2026 10:03,Completed
Xyz7682253,Atlas,DC,09-06-2026 10:02,09-06-2026 10:05,Completed
Xyz7682267,Atlas,DC,09-06-2026 10:02,09-06-2026 10:03,Completed
Xyz7682274,Atlas,DC,09-06-2026 10:03,09-06-2026 10:11,Completed
Xyz7682286,Atlas,DC,09-06-2026 10:00,09-06-2026 10:01,Completed
Xyz7682291,Atlas,DC,09-06-2026 10:02,09-06-2026 10:03,Completed
Xyz7682307,Atlas,DC,09-06-2026 10:01,09-06-2026 10:01,Completed
Xyz7682325,Atlas,DC,09-06-2026 10:02,09-06-2026 10:04,Completed
Xyz7682326,Atlas,DC,09-06-2026 10:01,09-06-2026 10:08,Completed
Xyz7682376,Atlas,DC,09-06-2026 10:01,09-06-2026 10:02,Completed
Xyz7682380,Atlas,DC,09-06-2026 10:01,09-06-2026 10:24,Completed
Xyz7682382,Atlas,DC,09-06-2026 10:01,09-06-2026 10:05,Completed
Xyz7682421,Atlas,DC,09-06-2026 10:03,09-06-2026 10:03,Completed
Xyz7682426,Atlas,DC,09-06-2026 10:02,09-06-2026 10:02,Completed
Xyz7682439,Atlas,DC,09-06-2026 10:03,09-06-2026 10:04,Completed
Xyz7682457,Atlas,DC,09-06-2026 10:03,09-06-2026 11:25,Completed
Xyz7682459,Atlas,DC,09-06-2026 10:00,09-06-2026 11:21,Completed
Xyz7682496,Atlas,DC,09-06-2026 10:02,09-06-2026 10:03,Completed
Xyz7682533,Atlas,DC,09-06-2026 10:02,09-06-2026 13:36,Completed
Xyz7682563,Atlas,DC,09-06-2026 10:02,09-06-2026 10:04,Completed
Xyz7682565,Atlas,DC,09-06-2026 10:00,09-06-2026 10:01,Completed
Xyz7682585,Atlas,DC,09-06-2026 10:01,09-06-2026 10:15,Completed
Xyz7682593,Atlas,DC,09-06-2026 10:02,09-06-2026 13:41,Completed
Xyz7682600,Atlas,DC,09-06-2026 10:02,09-06-2026 14:04,Completed
Xyz7682636,Atlas,DC,09-06-2026 10:02,09-06-2026 10:07,Completed
Xyz7682693,Atlas,DC,09-06-2026 10:02,09-06-2026 12:22,Completed
Xyz7682742,Atlas,DC,09-06-2026 10:02,09-06-2026 10:03,Completed
Xyz7682762,Atlas,DC,09-06-2026 10:02,09-06-2026 10:05,Completed
Xyz7682764,Atlas,DC,09-06-2026 10:01,09-06-2026 10:02,Completed
Xyz7682822,Atlas,DC,09-06-2026 21:01,-NA-,Expired
Xyz7682839,Atlas,DC,09-06-2026 21:01,-NA-,Expired
Xyz7682883,Atlas,DC,09-06-2026 10:01,09-06-2026 10:02,Completed
Xyz7682898,Atlas,DC,09-06-2026 10:02,09-06-2026 10:02,Completed
Xyz7682927,Atlas,DC,09-06-2026 10:03,09-06-2026 10:04,Completed
Xyz7682942,Atlas,DC,09-06-2026 10:01,09-06-2026 10:08,Completed
Xyz7682967,Atlas,DC,09-06-2026 21:00,-NA-,Expired
Xyz7682979,Atlas,DC,09-06-2026 10:01,09-06-2026 10:01,Completed
Xyz7682991,Atlas,DC,09-06-2026 10:02,09-06-2026 10:02,Completed
Xyz7683022,Atlas,DC,09-06-2026 10:02,09-06-2026 10:03,Completed
Xyz7683031,Atlas,DC,09-06-2026 10:00,09-06-2026 12:19,Completed
Xyz7683041,Atlas,DC,09-06-2026 10:01,09-06-2026 10:02,Completed
Xyz7683042,Atlas,DC,09-06-2026 10:02,09-06-2026 12:19,Completed
Xyz7683049,Atlas,DC,09-06-2026 10:02,09-06-2026 10:03,Completed
Xyz7683123,Atlas,DC,09-06-2026 10:03,09-06-2026 10:04,Completed
Xyz7683128,Atlas,DC,09-06-2026 21:00,-NA-,Expired
Xyz7683152,Atlas,DC,09-06-2026 10:02,09-06-2026 10:04,Completed
Xyz7683268,Atlas,DC,09-06-2026 10:02,09-06-2026 10:02,Completed
Xyz7683290,Atlas,DC,09-06-2026 10:02,09-06-2026 10:05,Completed
Xyz7683309,Atlas,DC,09-06-2026 10:03,09-06-2026 10:10,Completed
Xyz7683349,Atlas,DC,09-06-2026 10:02,09-06-2026 10:03,Completed
Xyz7683351,Atlas,DC,09-06-2026 10:04,09-06-2026 10:04,Completed
Xyz7683365,Atlas,DC,09-06-2026 10:03,09-06-2026 10:03,Completed
Xyz7683397,Atlas,DC,09-06-2026 10:00,09-06-2026 10:01,Completed
Xyz7683401,Atlas,DC,09-06-2026 10:04,09-06-2026 10:06,Completed
Xyz7683403,Atlas,DC,09-06-2026 10:03,09-06-2026 10:03,Completed
Xyz7683428,Atlas,DC,09-06-2026 10:02,09-06-2026 10:05,Completed
Xyz7683473,Atlas,DC,09-06-2026 10:01,09-06-2026 10:09,Completed
Xyz7683475,Atlas,DC,09-06-2026 10:00,09-06-2026 10:01,Completed
Xyz7683529,Atlas,DC,09-06-2026 10:00,09-06-2026 13:30,Completed
Xyz7683568,Atlas,DC,09-06-2026 10:02,09-06-2026 10:03,Completed
Xyz7683607,Atlas,DC,09-06-2026 10:00,09-06-2026 10:03,Completed
Xyz7683616,Atlas,DC,09-06-2026 10:00,09-06-2026 10:03,Completed
Xyz7683636,Atlas,DC,09-06-2026 10:02,09-06-2026 10:14,Completed
Xyz7683656,Atlas,DC,09-06-2026 10:00,09-06-2026 10:03,Completed
Xyz7683744,Atlas,DC,09-06-2026 10:01,09-06-2026 10:02,Completed
Xyz7683791,Atlas,DC,09-06-2026 10:02,09-06-2026 10:03,Completed
Xyz7683812,Atlas,DC,09-06-2026 10:02,09-06-2026 10:04,Completed
Xyz7683845,Atlas,DC,09-06-2026 10:01,09-06-2026 10:02,Completed
Xyz7683853,Atlas,DC,09-06-2026 10:02,09-06-2026 12:57,Completed
Xyz7683862,Atlas,DC,09-06-2026 10:01,09-06-2026 10:06,Completed
Xyz7683890,Atlas,DC,09-06-2026 10:02,09-06-2026 13:08,Completed
Xyz7683906,Atlas,DC,09-06-2026 10:01,09-06-2026 10:02,Completed
Xyz7683932,Atlas,DC,09-06-2026 10:03,09-06-2026 10:03,Completed
Xyz7684040,Atlas,DC,09-06-2026 10:01,09-06-2026 10:02,Completed
Xyz7684048,Atlas,DC,09-06-2026 10:02,09-06-2026 10:06,Completed
Xyz7684078,Atlas,DC,09-06-2026 10:00,09-06-2026 10:01,Completed
Xyz7684086,Atlas,DC,09-06-2026 21:00,-NA-,Expired
Xyz7684109,Atlas,DC,09-06-2026 10:01,09-06-2026 10:01,Completed
Xyz7684115,Atlas,DC,09-06-2026 10:03,09-06-2026 10:04,Completed
Xyz7684142,Atlas,DC,09-06-2026 21:02,-NA-,Expired
Xyz7684151,Atlas,DC,09-06-2026 10:03,09-06-2026 10:03,Completed
Xyz7684178,Atlas,DC,09-06-2026 10:00,09-06-2026 10:04,Completed
Xyz7684236,Atlas,DC,09-06-2026 10:02,09-06-2026 10:02,Completed
Xyz7684244,Atlas,DC,09-06-2026 10:02,09-06-2026 10:14,Completed
Xyz7684245,Atlas,DC,09-06-2026 10:02,09-06-2026 10:05,Completed
Xyz7684321,Atlas,DC,09-06-2026 21:02,-NA-,Expired
Xyz7684341,Atlas,DC,09-06-2026 10:02,09-06-2026 10:10,Completed
Xyz7684344,Atlas,DC,09-06-2026 10:02,09-06-2026 10:02,Completed
Xyz7684366,Atlas,DC,09-06-2026 10:02,09-06-2026 10:07,Completed
Xyz7684380,Atlas,DC,09-06-2026 10:02,09-06-2026 10:03,Completed
Xyz7684382,Atlas,DC,09-06-2026 10:04,09-06-2026 10:05,Completed
Xyz7684422,Atlas,DC,09-06-2026 10:00,09-06-2026 10:01,Completed
Xyz7684431,Atlas,DC,09-06-2026 10:01,09-06-2026 10:04,Completed
Xyz7684451,Atlas,DC,09-06-2026 10:00,09-06-2026 10:15,Completed
Xyz7684455,Atlas,DC,09-06-2026 10:01,09-06-2026 10:02,Completed
Xyz7684474,Atlas,DC,09-06-2026 10:03,09-06-2026 10:04,Completed
Xyz7684499,Atlas,DC,09-06-2026 10:02,09-06-2026 10:07,Completed
Xyz7684503,Atlas,DC,09-06-2026 10:02,09-06-2026 10:02,Completed
Xyz7684509,Atlas,DC,09-06-2026 10:00,09-06-2026 10:01,Completed
Xyz7684515,Atlas,DC,09-06-2026 21:02,-NA-,Expired
Xyz7684562,Atlas,DC,09-06-2026 10:02,09-06-2026 10:02,Completed
Xyz7684569,Atlas,DC,09-06-2026 10:02,09-06-2026 10:02,Completed
Xyz7684577,Atlas,DC,09-06-2026 10:04,09-06-2026 10:04,Completed
Xyz7684583,Atlas,DC,09-06-2026 10:02,09-06-2026 10:03,Completed
Xyz7684640,Atlas,DC,09-06-2026 10:02,09-06-2026 10:02,Completed
Xyz7684741,Atlas,DC,09-06-2026 10:01,09-06-2026 10:01,Completed
Xyz7684762,Atlas,DC,09-06-2026 10:01,-NA-,Expired
Xyz7684799,Atlas,DC,09-06-2026 10:03,09-06-2026 10:03,Completed
Xyz7684805,Atlas,DC,09-06-2026 10:02,09-06-2026 11:16,Completed
Xyz7684818,Atlas,DC,09-06-2026 10:02,09-06-2026 10:06,Completed
Xyz7684820,Atlas,DC,09-06-2026 10:02,09-06-2026 10:02,Completed
Xyz7684829,Atlas,DC,09-06-2026 10:03,09-06-2026 10:03,Completed
Xyz7684863,Atlas,DC,09-06-2026 10:03,09-06-2026 10:04,Completed
Xyz7684929,Atlas,DC,09-06-2026 10:01,09-06-2026 10:02,Completed
Xyz7684931,Atlas,DC,09-06-2026 10:00,09-06-2026 10:10,Completed
Xyz7684936,Atlas,DC,09-06-2026 10:04,09-06-2026 10:04,Completed
Xyz7685017,Atlas,DC,09-06-2026 10:01,09-06-2026 10:02,Completed
Xyz7685038,Atlas,DC,09-06-2026 10:02,09-06-2026 10:02,Completed
Xyz7685058,Atlas,DC,09-06-2026 10:00,09-06-2026 10:09,Completed
Xyz7685063,Atlas,DC,09-06-2026 10:00,09-06-2026 10:05,Completed
Xyz7685078,Atlas,DC,09-06-2026 10:02,09-06-2026 10:02,Completed
Xyz7685112,Atlas,DC,09-06-2026 10:02,09-06-2026 10:02,Completed
Xyz7685132,Atlas,DC,09-06-2026 10:03,09-06-2026 10:03,Completed
Xyz7685182,Atlas,DC,09-06-2026 10:00,09-06-2026 10:01,Completed
Xyz7685290,Atlas,DC,09-06-2026 10:03,09-06-2026 10:03,Completed
Xyz7685312,Atlas,DC,09-06-2026 10:02,09-06-2026 10:03,Completed
Xyz7685316,Atlas,DC,09-06-2026 10:00,09-06-2026 10:04,Completed
Xyz7685324,Atlas,DC,09-06-2026 10:03,09-06-2026 10:13,Completed
Xyz7685331,Atlas,DC,09-06-2026 10:02,09-06-2026 10:07,Completed
Xyz7685332,Atlas,DC,09-06-2026 10:01,09-06-2026 10:07,Completed
Xyz7685339,Atlas,DC,09-06-2026 10:03,09-06-2026 10:03,Completed
Xyz7685416,Atlas,DC,09-06-2026 10:01,09-06-2026 10:01,Completed
Xyz7685446,Atlas,DC,09-06-2026 10:01,09-06-2026 10:01,Completed
Xyz7685486,Atlas,DC,09-06-2026 10:03,09-06-2026 10:04,Completed
Xyz7685498,Atlas,DC,09-06-2026 10:00,09-06-2026 10:01,Completed
Xyz7685506,Atlas,DC,09-06-2026 21:01,-NA-,Expired
Xyz7685511,Atlas,DC,09-06-2026 10:02,09-06-2026 10:02,Completed
Xyz7685548,Atlas,DC,09-06-2026 10:02,09-06-2026 10:14,Completed
Xyz7685585,Atlas,DC,09-06-2026 10:03,09-06-2026 10:04,Completed
Xyz7685616,Atlas,DC,09-06-2026 10:01,09-06-2026 10:01,Completed
Xyz7685641,Atlas,DC,09-06-2026 10:03,09-06-2026 10:04,Completed
Xyz7685694,Atlas,DC,09-06-2026 10:02,09-06-2026 10:03,Completed
Xyz7685695,Atlas,DC,09-06-2026 10:01,09-06-2026 11:21,Completed
Xyz7685794,Atlas,DC,09-06-2026 10:03,09-06-2026 10:06,Completed
Xyz7685807,Atlas,DC,09-06-2026 10:01,09-06-2026 11:20,Completed
Xyz7685879,Atlas,DC,09-06-2026 10:02,09-06-2026 10:02,Completed
Xyz7685883,Atlas,DC,09-06-2026 10:01,09-06-2026 10:02,Completed
Xyz7685889,Atlas,DC,09-06-2026 10:03,09-06-2026 10:04,Completed
Xyz7685922,Atlas,DC,09-06-2026 10:02,09-06-2026 10:03,Completed
Xyz7685952,Atlas,DC,09-06-2026 10:01,09-06-2026 11:48,Completed
Xyz7685971,Atlas,DC,09-06-2026 10:01,09-06-2026 10:02,Completed
Xyz7685985,Atlas,DC,09-06-2026 10:02,09-06-2026 12:23,Completed
Xyz7685999,Atlas,DC,09-06-2026 10:03,09-06-2026 10:04,Completed
Xyz7686030,Atlas,DC,09-06-2026 10:01,09-06-2026 10:02,Completed
Xyz7686041,Atlas,DC,09-06-2026 10:01,09-06-2026 10:02,Completed
Xyz7686044,Atlas,DC,09-06-2026 10:01,09-06-2026 10:02,Completed
Xyz7686058,Atlas,DC,09-06-2026 10:03,09-06-2026 10:04,Completed
Xyz7686063,Atlas,DC,09-06-2026 10:01,09-06-2026 10:02,Completed
Xyz7686072,Atlas,DC,09-06-2026 10:03,09-06-2026 10:03,Completed
Xyz7686124,Atlas,DC,09-06-2026 10:03,09-06-2026 10:04,Completed
Xyz7686140,Atlas,DC,09-06-2026 10:01,09-06-2026 11:24,Completed
Xyz7686142,Atlas,DC,09-06-2026 10:03,09-06-2026 11:23,Completed
Xyz7686143,Atlas,DC,09-06-2026 10:01,09-06-2026 11:21,Completed
Xyz7686190,Atlas,DC,09-06-2026 10:03,09-06-2026 10:03,Completed
Xyz7686205,Atlas,DC,09-06-2026 10:03,09-06-2026 10:14,Completed
Xyz7686222,Atlas,DC,09-06-2026 10:00,09-06-2026 10:01,Completed
Xyz7686351,Atlas,DC,09-06-2026 10:03,09-06-2026 10:04,Completed
Xyz7686421,Atlas,DC,09-06-2026 10:02,09-06-2026 10:03,Completed
Xyz7686445,Atlas,DC,09-06-2026 10:01,09-06-2026 10:02,Completed
Xyz7686449,Atlas,DC,09-06-2026 10:02,09-06-2026 10:03,Completed
Xyz7686454,Atlas,DC,09-06-2026 10:01,09-06-2026 10:02,Completed
Xyz7686455,Atlas,DC,09-06-2026 10:02,09-06-2026 10:03,Completed
Xyz7686465,Atlas,DC,09-06-2026 10:01,09-06-2026 10:02,Completed
Xyz7686467,Atlas,DC,09-06-2026 10:01,09-06-2026 10:02,Completed
Xyz7686498,Atlas,DC,09-06-2026 10:02,09-06-2026 10:08,Completed
Xyz7686499,Atlas,DC,09-06-2026 10:03,09-06-2026 10:03,Completed
Xyz7686559,Atlas,DC,09-06-2026 10:03,09-06-2026 11:48,Completed
Xyz7686660,Atlas,DC,09-06-2026 10:03,09-06-2026 10:04,Completed
Xyz7686662,Atlas,DC,09-06-2026 10:03,09-06-2026 10:04,Completed
Xyz7686685,Atlas,DC,09-06-2026 10:01,09-06-2026 10:04,Completed
Xyz7686715,Atlas,DC,09-06-2026 10:02,09-06-2026 10:03,Completed
Xyz7686782,Atlas,DC,09-06-2026 21:03,-NA-,Expired
Xyz7686783,Atlas,DC,09-06-2026 10:03,09-06-2026 10:04,Completed
Xyz7686819,Atlas,DC,09-06-2026 10:02,09-06-2026 10:02,Completed
Xyz7686850,Atlas,DC,09-06-2026 10:01,09-06-2026 11:21,Completed
Xyz7686852,Atlas,DC,09-06-2026 10:03,09-06-2026 11:23,Completed
Xyz7686856,Atlas,DC,09-06-2026 10:01,09-06-2026 11:23,Completed
Xyz7686877,Atlas,DC,09-06-2026 10:00,09-06-2026 11:21,Completed
Xyz7687025,Atlas,DC,09-06-2026 10:02,09-06-2026 10:04,Completed
Xyz7687058,Atlas,DC,09-06-2026 10:02,09-06-2026 10:05,Completed
Xyz7687065,Atlas,DC,09-06-2026 10:00,09-06-2026 10:02,Completed
Xyz7687066,Atlas,DC,09-06-2026 10:02,09-06-2026 10:04,Completed
Xyz7687068,Atlas,DC,09-06-2026 10:02,09-06-2026 10:03,Completed
Xyz7687082,Atlas,DC,09-06-2026 10:03,09-06-2026 10:07,Completed
Xyz7687101,Atlas,DC,09-06-2026 10:02,09-06-2026 10:03,Completed
Xyz7687156,Atlas,DC,09-06-2026 10:01,09-06-2026 10:02,Completed
Xyz7687173,Atlas,DC,09-06-2026 10:02,09-06-2026 10:03,Completed
Xyz7687211,Atlas,DC,09-06-2026 10:01,09-06-2026 10:02,Completed
Xyz7687239,Atlas,DC,09-06-2026 10:01,09-06-2026 10:02,Completed
Xyz7687270,Atlas,DC,09-06-2026 10:01,09-06-2026 10:02,Completed
Xyz7687293,Atlas,DC,09-06-2026 21:00,-NA-,Expired
Xyz7687322,Atlas,DC,09-06-2026 10:01,09-06-2026 10:03,Completed
Xyz7687340,Atlas,DC,09-06-2026 10:01,09-06-2026 10:01,Completed
Xyz7687352,Atlas,DC,09-06-2026 10:03,09-06-2026 10:04,Completed
Xyz7687426,Atlas,DC,09-06-2026 10:01,09-06-2026 10:02,Completed
Xyz7687442,Atlas,DC,09-06-2026 10:00,09-06-2026 10:06,Completed
Xyz7687457,Atlas,DC,09-06-2026 10:01,09-06-2026 10:02,Completed
Xyz7687495,Atlas,DC,09-06-2026 10:03,09-06-2026 10:04,Completed
Xyz7687512,Atlas,DC,09-06-2026 10:00,09-06-2026 10:01,Completed
Xyz7687557,Atlas,DC,09-06-2026 10:03,-NA-,Expired
Xyz7687559,Atlas,DC,09-06-2026 10:01,-NA-,Expired
Xyz7687582,Atlas,DC,09-06-2026 10:03,09-06-2026 10:04,Completed
Xyz7687686,Atlas,DC,09-06-2026 10:00,09-06-2026 10:01,Completed
Xyz7687704,Atlas,DC,09-06-2026 10:01,09-06-2026 10:02,Completed
Xyz7687705,Atlas,DC,09-06-2026 10:01,09-06-2026 10:01,Completed
Xyz7687710,Atlas,DC,09-06-2026 10:00,-NA-,Expired
Xyz7687727,Atlas,DC,09-06-2026 21:02,-NA-,Expired
Xyz7687734,Atlas,DC,09-06-2026 21:01,09-06-2026 21:04,Completed
Xyz7687735,Atlas,DC,09-06-2026 21:02,09-06-2026 21:03,Completed
Xyz7687779,Atlas,DC,09-06-2026 10:00,09-06-2026 10:01,Completed
Xyz7687785,Atlas,DC,09-06-2026 10:00,09-06-2026 10:01,Completed
Xyz7687794,Atlas,DC,09-06-2026 10:04,09-06-2026 10:04,Completed
Xyz7687807,Atlas,DC,09-06-2026 10:00,09-06-2026 10:14,Completed
Xyz7687881,Atlas,DC,09-06-2026 10:02,09-06-2026 10:03,Completed
Xyz7687888,Atlas,DC,09-06-2026 10:00,09-06-2026 10:01,Completed
Xyz7687958,Atlas,DC,09-06-2026 10:03,09-06-2026 10:04,Completed
Xyz7687971,Atlas,DC,09-06-2026 10:02,09-06-2026 10:03,Completed
Xyz7687993,Atlas,DC,09-06-2026 10:02,09-06-2026 10:03,Completed
Xyz7687995,Atlas,DC,09-06-2026 10:02,09-06-2026 10:03,Completed
Xyz7687999,Atlas,DC,09-06-2026 10:00,09-06-2026 10:01,Completed
Xyz7688019,Atlas,DC,09-06-2026 10:00,09-06-2026 10:01,Completed
Xyz7688021,Atlas,DC,09-06-2026 10:03,09-06-2026 10:04,Completed
Xyz7688024,Atlas,DC,09-06-2026 20:59,-NA-,Expired
Xyz7688048,Atlas,DC,09-06-2026 10:00,09-06-2026 10:01,Completed
Xyz7688061,Atlas,DC,09-06-2026 10:03,09-06-2026 10:04,Completed
Xyz7688066,Atlas,DC,09-06-2026 10:04,09-06-2026 10:05,Completed
Xyz7688069,Atlas,DC,09-06-2026 10:00,09-06-2026 10:05,Completed
Xyz7688072,Atlas,DC,09-06-2026 10:00,09-06-2026 10:01,Completed
Xyz7688105,Atlas,DC,09-06-2026 10:04,09-06-2026 10:04,Completed
Xyz7688135,Atlas,DC,09-06-2026 10:02,09-06-2026 10:09,Completed
Xyz7688169,Atlas,DC,09-06-2026 10:02,09-06-2026 10:02,Completed
Xyz7688185,Atlas,DC,09-06-2026 10:01,09-06-2026 10:02,Completed
Xyz7688191,Atlas,DC,09-06-2026 10:01,09-06-2026 10:03,Completed
Xyz7688201,Atlas,DC,09-06-2026 10:03,09-06-2026 10:07,Completed
Xyz7688253,Atlas,DC,09-06-2026 10:02,09-06-2026 10:03,Completed
Xyz7688258,Atlas,DC,09-06-2026 10:00,09-06-2026 10:01,Completed
Xyz7688288,Atlas,DC,09-06-2026 10:02,09-06-2026 10:05,Completed
Xyz7688296,Atlas,DC,09-06-2026 10:03,09-06-2026 10:04,Completed
Xyz7688337,Atlas,DC,09-06-2026 10:00,09-06-2026 10:01,Completed
Xyz7688375,Atlas,DC,09-06-2026 10:03,09-06-2026 10:04,Completed
Xyz7688396,Atlas,DC,09-06-2026 10:02,09-06-2026 10:02,Completed
Xyz7688397,Atlas,DC,09-06-2026 10:02,09-06-2026 10:02,Completed
Xyz7688398,Atlas,DC,09-06-2026 10:01,09-06-2026 10:01,Completed
Xyz7688412,Atlas,DC,09-06-2026 10:02,09-06-2026 10:03,Completed
Xyz7688442,Atlas,DC,09-06-2026 10:02,09-06-2026 10:08,Completed
Xyz7688447,Atlas,DC,09-06-2026 10:01,09-06-2026 10:02,Completed
Xyz7688455,Atlas,DC,09-06-2026 10:02,09-06-2026 10:02,Completed
Xyz7688466,Atlas,DC,09-06-2026 21:02,09-06-2026 22:24,Completed
Xyz7688468,Atlas,DC,09-06-2026 21:03,09-06-2026 21:04,Completed
Xyz7688514,Atlas,DC,09-06-2026 10:02,09-06-2026 10:03,Completed
Xyz7688523,Atlas,DC,09-06-2026 10:01,09-06-2026 12:12,Completed
Xyz7688525,Atlas,DC,09-06-2026 10:01,09-06-2026 12:12,Completed
Xyz7688537,Atlas,DC,09-06-2026 10:00,09-06-2026 10:01,Completed
Xyz7688571,Atlas,DC,09-06-2026 10:02,09-06-2026 10:03,Completed
Xyz7688650,Atlas,DC,09-06-2026 20:59,-NA-,Expired
Xyz7688652,Atlas,DC,09-06-2026 10:00,09-06-2026 10:44,Completed
Xyz7688667,Atlas,DC,09-06-2026 10:02,09-06-2026 10:04,Completed
Xyz7688684,Atlas,DC,09-06-2026 10:03,09-06-2026 10:04,Completed
Xyz7688687,Atlas,DC,09-06-2026 10:02,09-06-2026 10:03,Completed
Xyz7688749,Atlas,DC,09-06-2026 10:01,09-06-2026 10:01,Completed
Xyz7688782,Atlas,DC,09-06-2026 10:01,09-06-2026 10:01,Completed
Xyz7688799,Atlas,DC,09-06-2026 10:01,09-06-2026 10:02,Completed
Xyz7688862,Atlas,DC,09-06-2026 10:02,09-06-2026 10:03,Completed
Xyz7688866,Atlas,DC,09-06-2026 10:00,09-06-2026 10:05,Completed
Xyz7688880,Atlas,DC,09-06-2026 10:00,09-06-2026 10:02,Completed
Xyz7688918,Atlas,DC,09-06-2026 10:04,09-06-2026 10:04,Completed
Xyz7688921,Atlas,DC,09-06-2026 10:01,09-06-2026 10:01,Completed
Xyz7688926,Atlas,DC,09-06-2026 10:01,09-06-2026 10:01,Completed
Xyz7688956,Atlas,DC,09-06-2026 10:01,09-06-2026 10:02,Completed
Xyz7688978,Atlas,DC,09-06-2026 10:01,09-06-2026 10:02,Completed
Xyz7688979,Atlas,DC,09-06-2026 10:00,09-06-2026 10:01,Completed
Xyz7688988,Atlas,DC,09-06-2026 10:02,09-06-2026 10:03,Completed
Xyz7689002,Atlas,DC,09-06-2026 10:02,09-06-2026 10:04,Completed
Xyz7689007,Atlas,DC,09-06-2026 10:02,09-06-2026 10:04,Completed
Xyz7689028,Atlas,DC,09-06-2026 10:02,09-06-2026 10:03,Completed
Xyz7689038,Atlas,DC,09-06-2026 10:00,09-06-2026 10:01,Completed
Xyz7689070,Atlas,DC,09-06-2026 10:02,09-06-2026 10:03,Completed
Xyz7689077,Atlas,DC,09-06-2026 10:02,09-06-2026 10:03,Completed
Xyz7689085,Atlas,DC,09-06-2026 10:03,-NA-,Expired
Xyz7689090,Atlas,DC,09-06-2026 10:02,09-06-2026 10:03,Completed
Xyz7689116,Atlas,DC,09-06-2026 10:03,09-06-2026 10:04,Completed
Xyz7689127,Atlas,DC,09-06-2026 10:02,09-06-2026 10:02,Completed
Xyz7689155,Atlas,DC,09-06-2026 10:02,09-06-2026 10:03,Completed
Xyz7689157,Atlas,DC,09-06-2026 10:00,09-06-2026 10:01,Completed
Xyz7689158,Atlas,DC,09-06-2026 10:00,09-06-2026 10:01,Completed
Xyz7689170,Atlas,DC,09-06-2026 10:00,09-06-2026 10:01,Completed
Xyz7689201,Atlas,DC,09-06-2026 10:02,09-06-2026 10:02,Completed
Xyz7689248,Atlas,DC,09-06-2026 10:02,09-06-2026 10:03,Completed
Xyz7689251,Atlas,DC,09-06-2026 10:01,09-06-2026 10:02,Completed
Xyz7689258,Atlas,DC,09-06-2026 10:01,09-06-2026 10:02,Completed
Xyz7689263,Atlas,DC,09-06-2026 10:03,09-06-2026 10:04,Completed
Xyz7689378,Atlas,DC,09-06-2026 10:00,09-06-2026 10:01,Completed
Xyz7689379,Atlas,DC,09-06-2026 10:02,09-06-2026 10:09,Completed
Xyz7689419,Atlas,DC,09-06-2026 10:02,09-06-2026 10:02,Completed
Xyz7689449,Atlas,DC,09-06-2026 10:01,09-06-2026 10:30,Completed
Xyz7689450,Atlas,DC,09-06-2026 10:01,09-06-2026 10:32,Completed
Xyz7689455,Atlas,DC,09-06-2026 10:03,09-06-2026 10:31,Completed
Xyz7689499,Atlas,DC,09-06-2026 10:01,09-06-2026 10:02,Completed
Xyz7689551,Atlas,DC,09-06-2026 10:02,09-06-2026 10:02,Completed
Xyz7689589,Atlas,DC,09-06-2026 10:02,09-06-2026 10:26,Completed
Xyz7689635,Atlas,DC,09-06-2026 10:01,09-06-2026 10:01,Completed
Xyz7689653,Atlas,DC,09-06-2026 10:00,09-06-2026 10:01,Completed
Xyz7689684,Atlas,DC,09-06-2026 10:01,09-06-2026 10:02,Completed
Xyz7689698,Atlas,DC,09-06-2026 10:03,09-06-2026 10:03,Completed
Xyz7689733,Atlas,DC,09-06-2026 10:00,09-06-2026 10:03,Completed
Xyz7689740,Atlas,DC,09-06-2026 10:03,09-06-2026 10:03,Completed
Xyz7689766,Atlas,DC,09-06-2026 10:02,09-06-2026 10:02,Completed
Xyz7689769,Atlas,DC,09-06-2026 10:01,09-06-2026 10:02,Completed
Xyz7689773,Atlas,DC,09-06-2026 10:00,09-06-2026 10:01,Completed
Xyz7689827,Atlas,DC,09-06-2026 10:02,09-06-2026 10:03,Completed
Xyz7689832,Atlas,DC,09-06-2026 10:01,09-06-2026 10:02,Completed
Xyz7689873,Atlas,DC,09-06-2026 10:02,09-06-2026 10:03,Completed
Xyz7689906,Atlas,DC,09-06-2026 10:03,09-06-2026 10:03,Completed
Xyz7689931,Atlas,DC,09-06-2026 10:02,09-06-2026 10:03,Completed
Xyz7689936,Atlas,DC,09-06-2026 10:02,09-06-2026 10:03,Completed
Xyz7689947,Atlas,DC,09-06-2026 10:01,09-06-2026 10:03,Completed
Xyz7689958,Atlas,DC,09-06-2026 10:01,09-06-2026 10:02,Completed
Xyz7689981,Atlas,DC,09-06-2026 10:01,09-06-2026 10:02,Completed
Xyz7690021,Atlas,DC,09-06-2026 10:03,09-06-2026 10:04,Completed
Xyz7690039,Atlas,DC,09-06-2026 10:01,09-06-2026 10:11,Completed
Xyz7690073,Atlas,DC,09-06-2026 10:02,09-06-2026 10:03,Completed
Xyz7690089,Atlas,DC,09-06-2026 10:02,09-06-2026 10:03,Completed
Xyz7690124,Atlas,DC,09-06-2026 10:03,09-06-2026 10:04,Completed
Xyz7690148,Atlas,DC,09-06-2026 10:02,09-06-2026 10:03,Completed
Xyz7690166,Atlas,DC,09-06-2026 10:02,09-06-2026 10:02,Completed
Xyz7690196,Atlas,DC,09-06-2026 10:01,09-06-2026 10:02,Completed
Xyz7690214,Atlas,DC,09-06-2026 10:00,09-06-2026 10:01,Completed
Xyz7690223,Atlas,DC,09-06-2026 10:00,09-06-2026 10:01,Completed
Xyz7690233,Atlas,DC,09-06-2026 10:00,09-06-2026 10:01,Completed
Xyz7690237,Atlas,DC,09-06-2026 10:02,10-06-2026 09:48,Completed
Xyz7690269,Atlas,DC,09-06-2026 10:00,09-06-2026 10:02,Completed
Xyz7690299,Atlas,DC,09-06-2026 10:01,09-06-2026 10:02,Completed
Xyz7690302,Atlas,DC,09-06-2026 10:02,09-06-2026 10:03,Completed
Xyz7690304,Atlas,DC,09-06-2026 10:00,09-06-2026 10:01,Completed
Xyz7690333,Atlas,DC,09-06-2026 10:01,09-06-2026 10:01,Completed
Xyz7690348,Atlas,DC,09-06-2026 10:02,09-06-2026 10:03,Completed
Xyz7690354,Atlas,DC,09-06-2026 10:02,09-06-2026 10:04,Completed
Xyz7690358,Atlas,DC,09-06-2026 20:59,-NA-,Expired
Xyz7690369,Atlas,DC,09-06-2026 10:02,09-06-2026 10:04,Completed
Xyz7690375,Atlas,DC,09-06-2026 10:02,09-06-2026 10:02,Completed
Xyz7690381,Atlas,DC,09-06-2026 10:00,09-06-2026 10:02,Completed
Xyz7690389,Atlas,DC,09-06-2026 10:00,09-06-2026 10:01,Completed
Xyz7690398,Atlas,DC,09-06-2026 10:02,09-06-2026 10:03,Completed
Xyz7690417,Atlas,DC,09-06-2026 10:00,09-06-2026 10:02,Completed
Xyz7690423,Atlas,DC,09-06-2026 10:00,09-06-2026 10:01,Completed
Xyz7690430,Atlas,DC,09-06-2026 10:00,09-06-2026 10:09,Completed
Xyz7690431,Atlas,DC,09-06-2026 10:02,09-06-2026 10:05,Completed
Xyz7690439,Atlas,DC,09-06-2026 10:02,09-06-2026 10:03,Completed
Xyz7690440,Atlas,DC,09-06-2026 10:02,09-06-2026 10:03,Completed
Xyz7690525,Atlas,DC,09-06-2026 10:02,09-06-2026 10:03,Completed
Xyz7690560,Atlas,DC,09-06-2026 10:02,09-06-2026 10:11,Completed
Xyz7690625,Atlas,DC,09-06-2026 10:00,09-06-2026 10:01,Completed
Xyz7690632,Atlas,DC,09-06-2026 10:03,09-06-2026 10:03,Completed
Xyz7690639,Atlas,DC,09-06-2026 10:01,09-06-2026 10:03,Completed
Xyz7690659,Atlas,DC,09-06-2026 10:01,09-06-2026 10:02,Completed
Xyz7690677,Atlas,DC,09-06-2026 10:00,09-06-2026 10:00,Completed
Xyz7690738,Atlas,DC,09-06-2026 10:00,09-06-2026 10:01,Completed
Xyz7690755,Atlas,DC,09-06-2026 10:01,09-06-2026 10:02,Completed
Xyz7690788,Atlas,DC,09-06-2026 10:02,09-06-2026 10:03,Completed
Xyz7690797,Atlas,DC,09-06-2026 10:01,09-06-2026 10:02,Completed
Xyz7690832,Atlas,DC,09-06-2026 10:02,09-06-2026 10:03,Completed
Xyz7690847,Atlas,DC,09-06-2026 10:02,09-06-2026 10:06,Completed
Xyz7690862,Atlas,DC,09-06-2026 10:01,09-06-2026 10:02,Completed
Xyz7690883,Atlas,DC,09-06-2026 10:01,09-06-2026 10:02,Completed
Xyz7690935,Atlas,DC,09-06-2026 10:00,09-06-2026 10:02,Completed
Xyz7690938,Atlas,DC,09-06-2026 10:01,09-06-2026 10:02,Completed
Xyz7690951,Atlas,DC,09-06-2026 10:01,09-06-2026 10:03,Completed
Xyz7690970,Atlas,DC,09-06-2026 10:02,09-06-2026 10:03,Completed
Xyz7690992,Atlas,DC,09-06-2026 10:01,09-06-2026 11:10,Completed
Xyz7690996,Atlas,DC,09-06-2026 10:00,09-06-2026 10:01,Completed
Xyz7691093,Atlas,DC,09-06-2026 10:00,09-06-2026 10:10,Completed
Xyz7691107,Atlas,DC,09-06-2026 10:01,09-06-2026 10:36,Completed
Xyz7691130,Atlas,DC,09-06-2026 10:01,-NA-,Expired
Xyz7691182,Atlas,DC,09-06-2026 10:00,09-06-2026 10:44,Completed
Xyz7691227,Atlas,DC,09-06-2026 10:03,09-06-2026 10:03,Completed
Xyz7691280,Atlas,DC,09-06-2026 10:02,09-06-2026 10:03,Completed
Xyz7691294,Atlas,DC,09-06-2026 10:03,09-06-2026 12:21,Completed
Xyz7691349,Atlas,DC,09-06-2026 10:00,09-06-2026 10:01,Completed
Xyz7691379,Atlas,DC,09-06-2026 10:02,09-06-2026 10:03,Completed
Xyz7691383,Atlas,DC,09-06-2026 10:02,09-06-2026 10:04,Completed
Xyz7691410,Atlas,DC,09-06-2026 10:01,09-06-2026 10:02,Completed
Xyz7691413,Atlas,DC,09-06-2026 10:00,09-06-2026 10:01,Completed
Xyz7691417,Atlas,DC,09-06-2026 10:00,09-06-2026 10:02,Completed
Xyz7691455,Atlas,DC,09-06-2026 10:00,09-06-2026 10:13,Completed
Xyz7691465,Atlas,DC,09-06-2026 10:00,09-06-2026 10:02,Completed
Xyz7691523,Atlas,DC,09-06-2026 10:01,09-06-2026 10:02,Completed
Xyz7691591,Atlas,DC,09-06-2026 10:00,09-06-2026 10:01,Completed
Xyz7691593,Atlas,DC,09-06-2026 10:03,09-06-2026 10:13,Completed
Xyz7691689,Atlas,DC,09-06-2026 10:01,09-06-2026 10:01,Completed
Xyz7691718,Atlas,DC,09-06-2026 10:03,09-06-2026 10:03,Completed
Xyz7691863,Atlas,DC,09-06-2026 10:02,09-06-2026 10:02,Completed
Xyz7691884,Atlas,DC,09-06-2026 10:02,09-06-2026 10:02,Completed
Xyz7691936,Atlas,DC,09-06-2026 10:02,09-06-2026 10:03,Completed
Xyz7691974,Atlas,DC,09-06-2026 10:02,09-06-2026 10:07,Completed
Xyz7692002,Atlas,DC,09-06-2026 10:02,09-06-2026 10:04,Completed
Xyz7692019,Atlas,DC,09-06-2026 10:01,09-06-2026 10:01,Completed
Xyz7692135,Atlas,DC,09-06-2026 10:02,09-06-2026 10:02,Completed
Xyz7692141,Atlas,DC,09-06-2026 10:02,09-06-2026 10:02,Completed
Xyz7692152,Atlas,DC,09-06-2026 10:02,09-06-2026 10:04,Completed
Xyz7692159,Atlas,DC,09-06-2026 10:02,09-06-2026 10:07,Completed
Xyz7692161,Atlas,DC,09-06-2026 10:01,09-06-2026 10:02,Completed
Xyz7692162,Atlas,DC,09-06-2026 10:01,09-06-2026 10:02,Completed
Xyz7692189,Atlas,DC,09-06-2026 10:02,09-06-2026 10:02,Completed
Xyz7692190,Atlas,DC,09-06-2026 10:02,09-06-2026 10:03,Completed
Xyz7692195,Atlas,DC,09-06-2026 10:01,09-06-2026 10:01,Completed
Xyz7692225,Atlas,DC,09-06-2026 10:01,09-06-2026 10:01,Completed
Xyz7692226,Atlas,DC,09-06-2026 10:01,09-06-2026 10:02,Completed
Xyz7692286,Atlas,DC,09-06-2026 10:02,09-06-2026 10:07,Completed
Xyz7692295,Atlas,DC,09-06-2026 10:02,09-06-2026 10:07,Completed
Xyz7692301,Atlas,DC,09-06-2026 10:02,09-06-2026 10:02,Completed
Xyz7692303,Atlas,DC,09-06-2026 10:02,09-06-2026 10:03,Completed
Xyz7692330,Atlas,DC,09-06-2026 10:01,09-06-2026 10:02,Completed
Xyz7692332,Atlas,DC,09-06-2026 10:03,09-06-2026 10:17,Completed
Xyz7692334,Atlas,DC,09-06-2026 10:01,09-06-2026 10:06,Completed
Xyz7692361,Atlas,DC,09-06-2026 10:02,09-06-2026 10:07,Completed
Xyz7692386,Atlas,DC,09-06-2026 10:02,09-06-2026 10:05,Completed
Xyz7692403,Atlas,DC,09-06-2026 10:02,09-06-2026 10:03,Completed
Xyz7692447,Atlas,DC,09-06-2026 10:02,09-06-2026 10:03,Completed
Xyz7692449,Atlas,DC,09-06-2026 10:01,09-06-2026 10:01,Completed
Xyz7692456,Atlas,DC,09-06-2026 10:01,09-06-2026 10:01,Completed
Xyz7692488,Atlas,DC,09-06-2026 10:02,09-06-2026 10:02,Completed
Xyz7692502,Atlas,DC,09-06-2026 10:01,09-06-2026 10:02,Completed
Xyz7692521,Atlas,DC,09-06-2026 10:02,09-06-2026 10:03,Completed
Xyz7692559,Atlas,DC,09-06-2026 10:02,09-06-2026 10:02,Completed
Xyz7692560,Atlas,DC,09-06-2026 10:02,09-06-2026 10:02,Completed
Xyz7692583,Atlas,DC,09-06-2026 10:03,09-06-2026 10:04,Completed
Xyz7692634,Atlas,DC,09-06-2026 10:02,09-06-2026 10:02,Completed
Xyz7692673,Atlas,DC,09-06-2026 10:02,09-06-2026 10:02,Completed
Xyz7692695,Atlas,DC,09-06-2026 10:02,09-06-2026 10:02,Completed
Xyz7692707,Atlas,DC,09-06-2026 10:01,09-06-2026 10:01,Completed
Xyz7692748,Atlas,DC,09-06-2026 10:01,09-06-2026 10:01,Completed
Xyz7692875,Atlas,DC,09-06-2026 10:02,09-06-2026 10:09,Completed
Xyz7692901,Atlas,DC,09-06-2026 10:02,09-06-2026 10:02,Completed
Xyz7692911,Atlas,DC,09-06-2026 10:02,09-06-2026 10:02,Completed
Xyz7692913,Atlas,DC,09-06-2026 10:02,09-06-2026 10:03,Completed
Xyz7692917,Atlas,DC,09-06-2026 10:02,09-06-2026 10:03,Completed
Xyz7692933,Atlas,DC,09-06-2026 10:02,09-06-2026 10:06,Completed
Xyz7692951,Atlas,DC,09-06-2026 20:59,-NA-,Expired
Xyz7692956,Atlas,DC,09-06-2026 10:03,09-06-2026 10:03,Completed
Xyz7692973,Atlas,DC,09-06-2026 10:04,09-06-2026 10:15,Completed
Xyz7692983,Atlas,DC,09-06-2026 10:03,09-06-2026 10:03,Completed
Xyz7692995,Atlas,DC,09-06-2026 10:02,09-06-2026 10:04,Completed
Xyz7693000,Atlas,DC,09-06-2026 10:02,09-06-2026 10:06,Completed
Xyz7693006,Atlas,DC,09-06-2026 10:03,09-06-2026 10:56,Completed
Xyz7693021,Atlas,DC,09-06-2026 10:01,09-06-2026 10:01,Completed
Xyz7693024,Atlas,DC,09-06-2026 10:01,09-06-2026 10:01,Completed
Xyz7693039,Atlas,DC,09-06-2026 10:02,09-06-2026 10:02,Completed
Xyz7693041,Atlas,DC,09-06-2026 10:02,09-06-2026 10:02,Completed
Xyz7693049,Atlas,DC,09-06-2026 10:03,09-06-2026 10:03,Completed
Xyz7693057,Atlas,DC,09-06-2026 10:00,09-06-2026 10:13,Completed
Xyz7693063,Atlas,DC,09-06-2026 10:00,09-06-2026 10:08,Completed
Xyz7693064,Atlas,DC,09-06-2026 10:02,09-06-2026 10:02,Completed
Xyz7693091,Atlas,DC,09-06-2026 10:02,09-06-2026 10:03,Completed
Xyz7693101,Atlas,DC,09-06-2026 10:02,09-06-2026 10:02,Completed
Xyz7693119,Atlas,DC,09-06-2026 10:02,09-06-2026 10:08,Completed
Xyz7693135,Atlas,DC,09-06-2026 10:01,09-06-2026 10:07,Completed
Xyz7693171,Atlas,DC,09-06-2026 10:02,09-06-2026 10:03,Completed
Xyz7693173,Atlas,DC,09-06-2026 10:01,09-06-2026 10:01,Completed
Xyz7693205,Atlas,DC,09-06-2026 10:01,09-06-2026 10:08,Completed
Xyz7693240,Atlas,DC,09-06-2026 10:03,09-06-2026 10:04,Completed
Xyz7693305,Atlas,DC,09-06-2026 10:04,09-06-2026 10:04,Completed
Xyz7693320,Atlas,DC,09-06-2026 10:04,09-06-2026 10:04,Completed
Xyz7693488,Atlas,DC,09-06-2026 10:01,09-06-2026 10:01,Completed
Xyz7693578,Atlas,DC,09-06-2026 10:01,09-06-2026 10:02,Completed
Xyz7693580,Atlas,DC,09-06-2026 10:01,09-06-2026 10:02,Completed
Xyz7693588,Atlas,DC,09-06-2026 10:02,09-06-2026 10:08,Completed
Xyz7693606,Atlas,DC,09-06-2026 10:02,09-06-2026 10:02,Completed
Xyz7693608,Atlas,DC,09-06-2026 10:02,09-06-2026 10:03,Completed
Xyz7693647,Atlas,DC,09-06-2026 10:02,09-06-2026 10:02,Completed
Xyz7693709,Atlas,DC,09-06-2026 10:03,09-06-2026 10:08,Completed
Xyz7693710,Atlas,DC,09-06-2026 10:02,09-06-2026 10:07,Completed
Xyz7693712,Atlas,DC,09-06-2026 10:00,09-06-2026 10:02,Completed
Xyz7693733,Atlas,DC,09-06-2026 10:02,09-06-2026 10:08,Completed
Xyz7693755,Atlas,DC,09-06-2026 10:02,09-06-2026 14:50,Completed
Xyz7693772,Atlas,DC,09-06-2026 10:02,09-06-2026 10:06,Completed
Xyz7693802,Atlas,DC,09-06-2026 10:02,09-06-2026 10:03,Completed
Xyz7693805,Atlas,DC,09-06-2026 10:02,09-06-2026 10:02,Completed
Xyz7693825,Atlas,DC,09-06-2026 10:02,09-06-2026 10:05,Completed
Xyz7693832,Atlas,DC,09-06-2026 10:01,09-06-2026 10:01,Completed
Xyz7693834,Atlas,DC,09-06-2026 10:00,09-06-2026 10:02,Completed
Xyz7693873,Atlas,DC,09-06-2026 10:03,09-06-2026 10:03,Completed
Xyz7693904,Atlas,DC,09-06-2026 10:02,09-06-2026 10:03,Completed
Xyz7693989,Atlas,DC,09-06-2026 10:03,09-06-2026 10:03,Completed
Xyz7694015,Atlas,DC,09-06-2026 10:02,09-06-2026 10:03,Completed
Xyz7694051,Atlas,DC,09-06-2026 10:02,09-06-2026 10:02,Completed
Xyz7694093,Atlas,DC,09-06-2026 10:02,09-06-2026 10:16,Completed
Xyz7694103,Atlas,DC,09-06-2026 10:03,09-06-2026 10:04,Completed
Xyz7694122,Atlas,DC,09-06-2026 10:00,09-06-2026 10:05,Completed
Xyz7694131,Atlas,DC,09-06-2026 10:00,09-06-2026 10:01,Completed
Xyz7694134,Atlas,DC,09-06-2026 10:01,09-06-2026 10:01,Completed
Xyz7694155,Atlas,DC,09-06-2026 10:01,09-06-2026 10:02,Completed
Xyz7694159,Atlas,DC,09-06-2026 10:01,09-06-2026 10:02,Completed
Xyz7694166,Atlas,DC,09-06-2026 10:02,09-06-2026 10:03,Completed
Xyz7694232,Atlas,DC,09-06-2026 10:03,09-06-2026 10:06,Completed
Xyz7694234,Atlas,DC,09-06-2026 10:00,09-06-2026 10:01,Completed
Xyz7694242,Atlas,DC,09-06-2026 10:01,09-06-2026 10:02,Completed
Xyz7694267,Atlas,DC,09-06-2026 10:03,09-06-2026 10:03,Completed
Xyz7694270,Atlas,DC,09-06-2026 10:01,09-06-2026 10:02,Completed
Xyz7694285,Atlas,DC,09-06-2026 10:03,09-06-2026 10:04,Completed
Xyz7694462,Atlas,DC,09-06-2026 10:02,09-06-2026 10:06,Completed
Xyz7694505,Atlas,DC,09-06-2026 10:03,09-06-2026 10:04,Completed
Xyz7694583,Atlas,DC,09-06-2026 10:02,09-06-2026 10:03,Completed
Xyz7694639,Atlas,DC,09-06-2026 10:01,09-06-2026 10:01,Completed
Xyz7694650,Atlas,DC,09-06-2026 10:01,09-06-2026 10:01,Completed
Xyz7694695,Atlas,DC,09-06-2026 10:02,09-06-2026 10:04,Completed
Xyz7694737,Atlas,DC,09-06-2026 10:02,09-06-2026 10:02,Completed
Xyz7694766,Atlas,DC,09-06-2026 10:02,09-06-2026 10:02,Completed
Xyz7694815,Atlas,DC,09-06-2026 10:01,09-06-2026 10:02,Completed
Xyz7694858,Atlas,DC,09-06-2026 10:01,09-06-2026 10:02,Completed
Xyz7694938,Atlas,DC,09-06-2026 10:00,09-06-2026 10:01,Completed
Xyz7694987,Atlas,DC,09-06-2026 10:01,09-06-2026 10:01,Completed
Xyz7695018,Atlas,DC,09-06-2026 10:02,09-06-2026 10:03,Completed
Xyz7695031,Atlas,DC,09-06-2026 10:01,09-06-2026 10:01,Completed
Xyz7695066,Atlas,DC,09-06-2026 10:02,09-06-2026 10:03,Completed
Xyz7695112,Atlas,DC,09-06-2026 10:00,09-06-2026 10:01,Completed
Xyz7695126,Atlas,DC,09-06-2026 10:01,09-06-2026 10:02,Completed
Xyz7695193,Atlas,DC,09-06-2026 10:03,09-06-2026 10:09,Completed
Xyz7695203,Atlas,DC,09-06-2026 10:01,09-06-2026 10:02,Completed
Xyz7695205,Atlas,DC,09-06-2026 10:02,09-06-2026 10:03,Completed
Xyz7695216,Atlas,DC,09-06-2026 10:01,09-06-2026 10:02,Completed
Xyz7695243,Atlas,DC,09-06-2026 10:00,09-06-2026 10:02,Completed
Xyz7695247,Atlas,DC,09-06-2026 10:02,09-06-2026 10:03,Completed
Xyz7695248,Atlas,DC,09-06-2026 10:02,09-06-2026 10:03,Completed
Xyz7695256,Atlas,DC,09-06-2026 10:00,09-06-2026 10:01,Completed
Xyz7695258,Atlas,DC,09-06-2026 10:02,09-06-2026 10:02,Completed
Xyz7695268,Atlas,DC,09-06-2026 10:02,09-06-2026 10:03,Completed
Xyz7695293,Atlas,DC,09-06-2026 21:01,-NA-,Expired
Xyz7695359,Atlas,DC,09-06-2026 21:01,-NA-,Expired
Xyz7695418,Atlas,DC,09-06-2026 10:01,09-06-2026 10:01,Completed
Xyz7695422,Atlas,DC,09-06-2026 10:02,09-06-2026 10:03,Completed
Xyz7695433,Atlas,DC,09-06-2026 10:01,09-06-2026 10:06,Completed
Xyz7695440,Atlas,DC,09-06-2026 10:02,09-06-2026 10:07,Completed
Xyz7695478,Atlas,DC,09-06-2026 10:00,09-06-2026 10:05,Completed
Xyz7695481,Atlas,DC,09-06-2026 10:02,09-06-2026 10:04,Completed
Xyz7695482,Atlas,DC,09-06-2026 10:02,09-06-2026 10:04,Completed
Xyz7695492,Atlas,DC,09-06-2026 10:02,09-06-2026 10:06,Completed
Xyz7695510,Atlas,DC,09-06-2026 10:02,09-06-2026 10:03,Completed
Xyz7695554,Atlas,DC,09-06-2026 10:04,09-06-2026 10:06,Completed
Xyz7695587,Atlas,DC,09-06-2026 10:01,09-06-2026 10:02,Completed
Xyz7695588,Atlas,DC,09-06-2026 10:02,09-06-2026 10:03,Completed
Xyz7695591,Atlas,DC,09-06-2026 10:02,09-06-2026 10:03,Completed
Xyz7695601,Atlas,DC,09-06-2026 10:02,09-06-2026 10:07,Completed
Xyz7695633,Atlas,DC,09-06-2026 10:01,09-06-2026 10:02,Completed
Xyz7695640,Atlas,DC,09-06-2026 10:00,09-06-2026 10:02,Completed
Xyz7695655,Atlas,DC,09-06-2026 10:02,09-06-2026 11:24,Completed
Xyz7695669,Atlas,DC,09-06-2026 10:01,09-06-2026 10:02,Completed
Xyz7695672,Atlas,DC,09-06-2026 10:01,09-06-2026 10:01,Completed
Xyz7695673,Atlas,DC,09-06-2026 10:01,09-06-2026 10:02,Completed
Xyz7695675,Atlas,DC,09-06-2026 10:01,09-06-2026 10:02,Completed
Xyz7695677,Atlas,DC,09-06-2026 10:01,09-06-2026 10:03,Completed
Xyz7695733,Atlas,DC,09-06-2026 10:02,09-06-2026 10:02,Completed
Xyz7695776,Atlas,DC,09-06-2026 10:02,09-06-2026 13:35,Completed
Xyz7695783,Atlas,DC,09-06-2026 10:03,09-06-2026 10:03,Completed
Xyz7695856,Atlas,DC,09-06-2026 10:00,09-06-2026 10:01,Completed
Xyz7695887,Atlas,DC,09-06-2026 10:01,09-06-2026 10:02,Completed
Xyz7695912,Atlas,DC,09-06-2026 10:02,09-06-2026 10:14,Completed
Xyz7695937,Atlas,DC,09-06-2026 10:01,09-06-2026 10:01,Completed
Xyz7695987,Atlas,DC,09-06-2026 10:01,09-06-2026 10:02,Completed
Xyz7695995,Atlas,DC,09-06-2026 10:03,09-06-2026 10:03,Completed
Xyz7696099,Atlas,DC,09-06-2026 10:01,09-06-2026 10:02,Completed
Xyz7696129,Atlas,DC,09-06-2026 10:02,09-06-2026 10:03,Completed
Xyz7696133,Atlas,DC,09-06-2026 10:01,09-06-2026 10:01,Completed
Xyz7696153,Atlas,DC,09-06-2026 20:59,-NA-,Expired
Xyz7696156,Atlas,DC,09-06-2026 20:59,-NA-,Expired
Xyz7696158,Atlas,DC,09-06-2026 20:59,-NA-,Expired
Xyz7696161,Atlas,DC,09-06-2026 10:01,09-06-2026 10:01,Completed
Xyz7696163,Atlas,DC,09-06-2026 10:02,09-06-2026 10:03,Completed
Xyz7696179,Atlas,DC,09-06-2026 10:02,09-06-2026 10:02,Completed
Xyz7696185,Atlas,DC,09-06-2026 10:01,09-06-2026 11:22,Completed
Xyz7696189,Atlas,DC,09-06-2026 10:02,09-06-2026 10:03,Completed
Xyz7696202,Atlas,DC,09-06-2026 10:00,09-06-2026 10:34,Completed
Xyz7696226,Atlas,DC,09-06-2026 10:02,09-06-2026 10:03,Completed
Xyz7696237,Atlas,DC,09-06-2026 10:02,09-06-2026 10:02,Completed
Xyz7696242,Atlas,DC,09-06-2026 10:02,09-06-2026 10:03,Completed
Xyz7696248,Atlas,DC,09-06-2026 10:00,09-06-2026 10:01,Completed
Xyz7696250,Atlas,DC,09-06-2026 10:02,09-06-2026 10:03,Completed
Xyz7696252,Atlas,DC,09-06-2026 10:01,09-06-2026 10:06,Completed
Xyz7696254,Atlas,DC,09-06-2026 10:01,09-06-2026 10:01,Completed
Xyz7696255,Atlas,DC,09-06-2026 10:02,09-06-2026 10:08,Completed
Xyz7696257,Atlas,DC,09-06-2026 10:02,09-06-2026 10:05,Completed
Xyz7696259,Atlas,DC,09-06-2026 10:01,09-06-2026 10:02,Completed
Xyz7696281,Atlas,DC,09-06-2026 10:02,09-06-2026 12:20,Completed
Xyz7696296,Atlas,DC,09-06-2026 10:04,09-06-2026 10:10,Completed
Xyz7696337,Atlas,DC,09-06-2026 10:01,09-06-2026 10:01,Completed
Xyz7696340,Atlas,DC,09-06-2026 10:00,09-06-2026 10:01,Completed
Xyz7696349,Atlas,DC,09-06-2026 10:02,09-06-2026 10:02,Completed
Xyz7696372,Atlas,DC,09-06-2026 10:03,09-06-2026 10:04,Completed
Xyz7696375,Atlas,DC,09-06-2026 10:02,09-06-2026 10:03,Completed
Xyz7696432,Atlas,DC,09-06-2026 10:03,09-06-2026 10:04,Completed
Xyz7696441,Atlas,DC,09-06-2026 10:02,09-06-2026 10:03,Completed
Xyz7696447,Atlas,DC,09-06-2026 10:03,09-06-2026 10:04,Completed
Xyz7696448,Atlas,DC,09-06-2026 10:01,09-06-2026 10:02,Completed
Xyz7696462,Atlas,DC,09-06-2026 10:02,09-06-2026 10:09,Completed
Xyz7696487,Atlas,DC,09-06-2026 10:02,09-06-2026 10:03,Completed
Xyz7696531,Atlas,DC,09-06-2026 10:01,09-06-2026 10:02,Completed
Xyz7696533,Atlas,DC,09-06-2026 10:01,09-06-2026 10:02,Completed
Xyz7696584,Atlas,DC,09-06-2026 10:00,09-06-2026 10:01,Completed
Xyz7696585,Atlas,DC,09-06-2026 10:03,09-06-2026 10:03,Completed
Xyz7696603,Atlas,DC,09-06-2026 10:00,09-06-2026 10:01,Completed
Xyz7696604,Atlas,DC,09-06-2026 10:01,09-06-2026 10:01,Completed
Xyz7696607,Atlas,DC,09-06-2026 10:00,09-06-2026 10:01,Completed
Xyz7696659,Atlas,DC,09-06-2026 10:01,09-06-2026 10:02,Completed
Xyz7696702,Atlas,DC,09-06-2026 10:03,09-06-2026 10:12,Completed
Xyz7696720,Atlas,DC,09-06-2026 10:02,09-06-2026 10:02,Completed
Xyz7696781,Atlas,DC,09-06-2026 10:01,09-06-2026 10:03,Completed
Xyz7696841,Atlas,DC,09-06-2026 10:02,09-06-2026 10:03,Completed
Xyz7696865,Atlas,DC,09-06-2026 10:00,09-06-2026 10:00,Completed
Xyz7696877,Atlas,DC,09-06-2026 10:02,09-06-2026 10:55,Completed
Xyz7696885,Atlas,DC,09-06-2026 10:03,09-06-2026 10:04,Completed
Xyz7696911,Atlas,DC,09-06-2026 10:00,09-06-2026 10:01,Completed
Xyz7696914,Atlas,DC,09-06-2026 10:04,09-06-2026 10:04,Completed
Xyz7696916,Atlas,DC,09-06-2026 10:01,09-06-2026 10:02,Completed
Xyz7696917,Atlas,DC,09-06-2026 10:02,09-06-2026 10:07,Completed
Xyz7696918,Atlas,DC,09-06-2026 10:01,09-06-2026 10:02,Completed
Xyz7696923,Atlas,DC,09-06-2026 10:00,09-06-2026 10:01,Completed
Xyz7696942,Atlas,DC,09-06-2026 10:01,09-06-2026 10:02,Completed
Xyz7696952,Atlas,DC,09-06-2026 10:04,09-06-2026 10:04,Completed
Xyz7696967,Atlas,DC,09-06-2026 10:01,09-06-2026 10:02,Completed
Xyz7697085,Atlas,DC,09-06-2026 10:01,09-06-2026 10:02,Completed
Xyz7697089,Atlas,DC,09-06-2026 10:02,09-06-2026 10:02,Completed
Xyz7697090,Atlas,DC,09-06-2026 10:02,09-06-2026 10:02,Completed
Xyz7697103,Atlas,DC,09-06-2026 10:01,09-06-2026 12:47,Completed
Xyz7697118,Atlas,DC,09-06-2026 10:00,09-06-2026 10:03,Completed
Xyz7697162,Atlas,DC,09-06-2026 10:02,09-06-2026 10:10,Completed
Xyz7697186,Atlas,DC,09-06-2026 10:01,09-06-2026 10:06,Completed
Xyz7697187,Atlas,DC,09-06-2026 10:02,09-06-2026 10:03,Completed
Xyz7697214,Atlas,DC,09-06-2026 10:01,09-06-2026 11:24,Completed
Xyz7697215,Atlas,DC,09-06-2026 10:01,09-06-2026 11:30,Completed
Xyz7697219,Atlas,DC,09-06-2026 10:02,09-06-2026 10:03,Completed
Xyz7697249,Atlas,DC,09-06-2026 10:03,09-06-2026 10:03,Completed
Xyz7697273,Atlas,DC,09-06-2026 10:02,09-06-2026 10:07,Completed
Xyz7697282,Atlas,DC,09-06-2026 10:01,09-06-2026 12:14,Completed
Xyz7697330,Atlas,DC,09-06-2026 10:02,09-06-2026 10:02,Completed
Xyz7697427,Atlas,DC,09-06-2026 10:01,09-06-2026 10:07,Completed
Xyz7697446,Atlas,DC,09-06-2026 10:01,09-06-2026 10:06,Completed
Xyz7697472,Atlas,DC,09-06-2026 10:02,09-06-2026 10:02,Completed
Xyz7697565,Atlas,DC,09-06-2026 10:01,09-06-2026 10:02,Completed
Xyz7697597,Atlas,DC,09-06-2026 10:02,09-06-2026 10:03,Completed
Xyz7697644,Atlas,DC,09-06-2026 10:01,09-06-2026 10:01,Completed
Xyz7697667,Atlas,DC,09-06-2026 10:01,09-06-2026 10:02,Completed
Xyz7697677,Atlas,DC,09-06-2026 10:03,09-06-2026 14:09,Completed
Xyz7697690,Atlas,DC,09-06-2026 10:02,09-06-2026 10:04,Completed
Xyz7697712,Atlas,DC,09-06-2026 10:01,09-06-2026 10:01,Completed
Xyz7697715,Atlas,DC,09-06-2026 10:00,09-06-2026 10:02,Completed
Xyz7697735,Atlas,DC,09-06-2026 10:00,09-06-2026 10:01,Completed
Xyz7697751,Atlas,DC,09-06-2026 10:00,09-06-2026 10:01,Completed
Xyz7697848,Atlas,DC,09-06-2026 10:01,09-06-2026 10:02,Completed
Xyz7697885,Atlas,DC,09-06-2026 10:02,09-06-2026 10:03,Completed
Xyz7697894,Atlas,DC,09-06-2026 10:02,09-06-2026 10:02,Completed
Xyz7697906,Atlas,DC,09-06-2026 10:02,09-06-2026 12:18,Completed
Xyz7697994,Atlas,DC,09-06-2026 10:00,09-06-2026 10:01,Completed
Xyz7698005,Atlas,DC,09-06-2026 10:03,09-06-2026 10:03,Completed
Xyz7698017,Atlas,DC,09-06-2026 10:02,09-06-2026 10:03,Completed
Xyz7698018,Atlas,DC,09-06-2026 10:01,09-06-2026 10:01,Completed
Xyz7698049,Atlas,DC,09-06-2026 10:02,09-06-2026 10:04,Completed
Xyz7698126,Atlas,DC,09-06-2026 10:02,09-06-2026 10:03,Completed
Xyz7698128,Atlas,DC,09-06-2026 10:02,09-06-2026 10:02,Completed
Xyz7698145,Atlas,DC,09-06-2026 10:02,09-06-2026 10:03,Completed
Xyz7698185,Atlas,DC,09-06-2026 10:02,09-06-2026 10:02,Completed
Xyz7698237,Atlas,DC,09-06-2026 10:01,09-06-2026 10:02,Completed
Xyz7698239,Atlas,DC,09-06-2026 10:01,09-06-2026 10:02,Completed
Xyz7698240,Atlas,DC,09-06-2026 10:01,09-06-2026 10:02,Completed
Xyz7698357,Atlas,DC,09-06-2026 10:03,09-06-2026 10:04,Completed
Xyz7698360,Atlas,DC,09-06-2026 10:01,09-06-2026 10:03,Completed
Xyz7698401,Atlas,DC,09-06-2026 10:02,09-06-2026 10:15,Completed
Xyz7698466,Atlas,DC,09-06-2026 10:02,09-06-2026 10:03,Completed
Xyz7698470,Atlas,DC,09-06-2026 10:02,09-06-2026 10:03,Completed
Xyz7698597,Atlas,DC,09-06-2026 10:01,09-06-2026 10:08,Completed
Xyz7698613,Atlas,DC,09-06-2026 10:00,09-06-2026 10:02,Completed
Xyz7698614,Atlas,DC,09-06-2026 10:02,09-06-2026 13:35,Completed
Xyz7698624,Atlas,DC,09-06-2026 10:00,09-06-2026 10:01,Completed
Xyz7698626,Atlas,DC,09-06-2026 10:00,09-06-2026 10:01,Completed
Xyz7698642,Atlas,DC,09-06-2026 10:02,09-06-2026 10:03,Completed
Xyz7698683,Atlas,DC,09-06-2026 10:01,09-06-2026 10:02,Completed
Xyz7698707,Atlas,DC,09-06-2026 10:01,09-06-2026 10:03,Completed
Xyz7698766,Atlas,DC,09-06-2026 10:03,09-06-2026 10:03,Completed
Xyz7698830,Atlas,DC,09-06-2026 10:01,09-06-2026 10:01,Completed
Xyz7698862,Atlas,DC,09-06-2026 10:01,09-06-2026 10:20,Completed
Xyz7698898,Atlas,DC,09-06-2026 10:01,09-06-2026 10:02,Completed
Xyz7699005,Atlas,DC,09-06-2026 10:01,09-06-2026 10:02,Completed
Xyz7699034,Atlas,DC,09-06-2026 10:02,09-06-2026 10:06,Completed
Xyz7699057,Atlas,DC,09-06-2026 10:02,09-06-2026 10:36,Completed
Xyz7699065,Atlas,DC,09-06-2026 10:04,09-06-2026 10:04,Completed
Xyz7699084,Atlas,DC,09-06-2026 10:03,09-06-2026 14:08,Completed
Xyz7699108,Atlas,DC,09-06-2026 10:01,09-06-2026 10:02,Completed
Xyz7699145,Atlas,DC,09-06-2026 10:02,09-06-2026 10:03,Completed
Xyz7699158,Atlas,DC,09-06-2026 10:01,09-06-2026 10:04,Completed
Xyz7699178,Atlas,DC,09-06-2026 10:02,09-06-2026 10:03,Completed
Xyz7699185,Atlas,DC,09-06-2026 10:02,09-06-2026 10:02,Completed
Xyz7699260,Atlas,DC,09-06-2026 10:02,09-06-2026 10:03,Completed
Xyz7699265,Atlas,DC,09-06-2026 21:02,-NA-,Expired
Xyz7699304,Atlas,DC,09-06-2026 10:01,09-06-2026 10:02,Completed
Xyz7699367,Atlas,DC,09-06-2026 10:02,09-06-2026 10:03,Completed
Xyz7699402,Atlas,DC,09-06-2026 10:03,09-06-2026 10:04,Completed
Xyz7699403,Atlas,DC,09-06-2026 10:02,09-06-2026 10:03,Completed
Xyz7699440,Atlas,DC,09-06-2026 10:02,09-06-2026 10:07,Completed
Xyz7699442,Atlas,DC,09-06-2026 10:01,09-06-2026 10:01,Completed
Xyz7699443,Atlas,DC,09-06-2026 10:02,09-06-2026 10:02,Completed
Xyz7699448,Atlas,DC,09-06-2026 10:02,09-06-2026 10:02,Completed
Xyz7699452,Atlas,DC,09-06-2026 10:02,09-06-2026 10:02,Completed
Xyz7699457,Atlas,DC,09-06-2026 10:02,09-06-2026 10:02,Completed
Xyz7699468,Atlas,DC,09-06-2026 10:01,09-06-2026 10:01,Completed
Xyz7699515,Atlas,DC,09-06-2026 10:02,09-06-2026 10:02,Completed
Xyz7699611,Atlas,DC,09-06-2026 10:00,09-06-2026 10:02,Completed
Xyz7699630,Atlas,DC,09-06-2026 10:00,09-06-2026 10:06,Completed
Xyz7699633,Atlas,DC,09-06-2026 10:02,09-06-2026 10:03,Completed
Xyz7699636,Atlas,DC,09-06-2026 10:02,09-06-2026 10:02,Completed
Xyz7699640,Atlas,DC,09-06-2026 10:03,09-06-2026 10:03,Completed
Xyz7699692,Atlas,DC,09-06-2026 10:02,09-06-2026 10:02,Completed
Xyz7699697,Atlas,DC,09-06-2026 10:03,09-06-2026 10:03,Completed
Xyz7699731,Atlas,DC,09-06-2026 10:02,09-06-2026 10:02,Completed
Xyz7699733,Atlas,DC,09-06-2026 10:01,09-06-2026 10:05,Completed
Xyz7699774,Atlas,DC,09-06-2026 10:00,09-06-2026 10:01,Completed
Xyz7699831,Atlas,DC,09-06-2026 10:01,09-06-2026 10:38,Completed
Xyz7699832,Atlas,DC,09-06-2026 10:01,09-06-2026 10:36,Completed
Xyz7699836,Atlas,DC,09-06-2026 10:01,09-06-2026 10:02,Completed
Xyz7699852,Atlas,DC,09-06-2026 10:01,09-06-2026 10:02,Completed
Xyz7699873,Atlas,DC,09-06-2026 10:01,09-06-2026 10:02,Completed
Xyz7699874,Atlas,DC,09-06-2026 10:01,09-06-2026 10:02,Completed
Xyz7699877,Atlas,DC,09-06-2026 10:03,09-06-2026 10:04,Completed
Xyz7699919,Atlas,DC,09-06-2026 10:01,09-06-2026 10:01,Completed
Xyz7699933,Atlas,DC,09-06-2026 10:00,09-06-2026 10:01,Completed
Xyz7699943,Atlas,DC,09-06-2026 10:02,09-06-2026 10:03,Completed
Xyz7699944,Atlas,DC,09-06-2026 10:01,09-06-2026 10:01,Completed
Xyz7699954,Atlas,DC,09-06-2026 10:01,09-06-2026 10:01,Completed
Xyz7699959,Atlas,DC,09-06-2026 10:03,09-06-2026 10:05,Completed
Xyz7699987,Atlas,DC,09-06-2026 10:01,09-06-2026 10:02,Completed
Xyz7700009,Atlas,DC,09-06-2026 10:02,09-06-2026 10:03,Completed
Xyz7700011,Atlas,DC,09-06-2026 10:04,09-06-2026 10:05,Completed
Xyz7700065,Atlas,DC,09-06-2026 10:00,09-06-2026 10:01,Completed
Xyz7700075,Atlas,DC,09-06-2026 21:01,-NA-,Expired
Xyz7700125,Atlas,DC,09-06-2026 10:00,09-06-2026 10:01,Completed
Xyz7700164,Atlas,DC,09-06-2026 10:02,09-06-2026 10:02,Completed
Xyz7700208,Atlas,DC,09-06-2026 10:02,09-06-2026 10:03,Completed
Xyz7700218,Atlas,DC,09-06-2026 10:01,09-06-2026 10:03,Completed
Xyz7700248,Atlas,DC,09-06-2026 10:02,09-06-2026 10:51,Completed
Xyz7700250,Atlas,DC,09-06-2026 10:02,09-06-2026 10:02,Completed
Xyz7700252,Atlas,DC,09-06-2026 10:01,09-06-2026 10:01,Completed
Xyz7700273,Atlas,DC,09-06-2026 10:01,09-06-2026 11:00,Completed
Xyz7700295,Atlas,DC,09-06-2026 10:02,09-06-2026 10:02,Completed
Xyz7700302,Atlas,DC,09-06-2026 10:02,09-06-2026 10:03,Completed
Xyz7700322,Atlas,DC,09-06-2026 10:02,09-06-2026 10:46,Completed
Xyz7700333,Atlas,DC,09-06-2026 20:59,-NA-,Expired
Xyz7700362,Atlas,DC,09-06-2026 10:01,09-06-2026 10:01,Completed
Xyz7700373,Atlas,DC,09-06-2026 10:02,09-06-2026 10:02,Completed
Xyz7700375,Atlas,DC,09-06-2026 10:02,09-06-2026 10:02,Completed
Xyz7700396,Atlas,DC,09-06-2026 10:02,09-06-2026 10:02,Completed
Xyz7700477,Atlas,DC,09-06-2026 10:00,09-06-2026 10:13,Completed
Xyz7700485,Atlas,DC,09-06-2026 10:01,09-06-2026 10:02,Completed
Xyz7700486,Atlas,DC,09-06-2026 10:00,09-06-2026 10:04,Completed
Xyz7700488,Atlas,DC,09-06-2026 10:01,09-06-2026 10:02,Completed
Xyz7700497,Atlas,DC,09-06-2026 10:02,09-06-2026 10:05,Completed
Xyz7700503,Atlas,DC,09-06-2026 10:01,09-06-2026 10:05,Completed
Xyz7700563,Atlas,DC,09-06-2026 10:02,09-06-2026 10:07,Completed
Xyz7700569,Atlas,DC,09-06-2026 10:02,09-06-2026 10:05,Completed
Xyz7700570,Atlas,DC,09-06-2026 10:02,09-06-2026 10:05,Completed
Xyz7700574,Atlas,DC,09-06-2026 10:02,09-06-2026 10:02,Completed
Xyz7700606,Atlas,DC,09-06-2026 10:02,09-06-2026 10:02,Completed
Xyz7700651,Atlas,DC,09-06-2026 10:02,09-06-2026 10:02,Completed
Xyz7700656,Atlas,DC,09-06-2026 21:01,-NA-,Expired
Xyz7700676,Atlas,DC,09-06-2026 21:02,-NA-,Expired
Xyz7700678,Atlas,DC,09-06-2026 10:00,09-06-2026 10:01,Completed
Xyz7700706,Atlas,DC,09-06-2026 10:02,09-06-2026 10:02,Completed
Xyz7700717,Atlas,DC,09-06-2026 10:02,09-06-2026 10:03,Completed
Xyz7700733,Atlas,DC,09-06-2026 10:00,09-06-2026 10:01,Completed
Xyz7700742,Atlas,DC,09-06-2026 10:01,09-06-2026 10:06,Completed
Xyz7700749,Atlas,DC,09-06-2026 10:01,09-06-2026 10:02,Completed
Xyz7700795,Atlas,DC,09-06-2026 10:01,09-06-2026 10:04,Completed
Xyz7700800,Atlas,DC,09-06-2026 10:01,09-06-2026 10:02,Completed
Xyz7700808,Atlas,DC,09-06-2026 10:00,09-06-2026 10:01,Completed
Xyz7700831,Atlas,DC,09-06-2026 10:00,09-06-2026 10:01,Completed
Xyz7700858,Atlas,DC,09-06-2026 10:01,09-06-2026 10:02,Completed
Xyz7700878,Atlas,DC,09-06-2026 10:01,09-06-2026 10:01,Completed
Xyz7700890,Atlas,DC,09-06-2026 10:03,09-06-2026 10:03,Completed
Xyz7700939,Atlas,DC,09-06-2026 10:01,09-06-2026 10:02,Completed
Xyz7700940,Atlas,DC,09-06-2026 10:01,09-06-2026 10:02,Completed
Xyz7700962,Atlas,DC,09-06-2026 10:02,09-06-2026 10:03,Completed
Xyz7700979,Atlas,DC,09-06-2026 10:04,09-06-2026 10:04,Completed
Xyz7700980,Atlas,DC,09-06-2026 10:02,09-06-2026 10:02,Completed
Xyz7700996,Atlas,DC,09-06-2026 10:01,09-06-2026 10:01,Completed
Xyz7701027,Atlas,DC,09-06-2026 10:02,09-06-2026 10:03,Completed
Xyz7701061,Atlas,DC,09-06-2026 10:02,09-06-2026 10:02,Completed
Xyz7701084,Atlas,DC,09-06-2026 10:01,09-06-2026 10:02,Completed
Xyz7701092,Atlas,DC,09-06-2026 10:02,09-06-2026 10:08,Completed
Xyz7701104,Atlas,DC,09-06-2026 10:00,09-06-2026 10:03,Completed
Xyz7701255,Atlas,DC,09-06-2026 10:01,09-06-2026 10:04,Completed
Xyz7701297,Atlas,DC,09-06-2026 10:01,09-06-2026 10:02,Completed
Xyz7701352,Atlas,DC,09-06-2026 10:01,09-06-2026 10:03,Completed
Xyz7701372,Atlas,DC,09-06-2026 10:00,09-06-2026 10:03,Completed
Xyz7701414,Atlas,DC,09-06-2026 10:04,09-06-2026 10:04,Completed
Xyz7701423,Atlas,DC,09-06-2026 10:03,09-06-2026 10:04,Completed
Xyz7701426,Atlas,DC,09-06-2026 10:02,09-06-2026 10:02,Completed
Xyz7701445,Atlas,DC,09-06-2026 10:02,09-06-2026 12:19,Completed
Xyz7701504,Atlas,DC,09-06-2026 10:00,10-06-2026 09:01,Completed
Xyz7701510,Atlas,DC,09-06-2026 10:03,09-06-2026 10:04,Completed
Xyz7701558,Atlas,DC,09-06-2026 10:00,09-06-2026 10:01,Completed
Xyz7701567,Atlas,DC,09-06-2026 10:02,09-06-2026 10:02,Completed
Xyz7701584,Atlas,DC,09-06-2026 10:02,09-06-2026 10:02,Completed
Xyz7701587,Atlas,DC,09-06-2026 10:02,09-06-2026 10:02,Completed
Xyz7701591,Atlas,DC,09-06-2026 10:01,09-06-2026 10:09,Completed
Xyz7701613,Atlas,DC,09-06-2026 10:00,09-06-2026 10:02,Completed
Xyz7701629,Atlas,DC,09-06-2026 10:02,09-06-2026 12:19,Completed
Xyz7701647,Atlas,DC,09-06-2026 10:01,09-06-2026 10:02,Completed
Xyz7701648,Atlas,DC,09-06-2026 10:01,09-06-2026 10:02,Completed
Xyz7701770,Atlas,DC,09-06-2026 10:03,09-06-2026 10:04,Completed
Xyz7701785,Atlas,DC,09-06-2026 10:03,09-06-2026 10:03,Completed
Xyz7701815,Atlas,DC,09-06-2026 10:00,09-06-2026 10:00,Completed
Xyz7701882,Atlas,DC,09-06-2026 10:02,09-06-2026 10:03,Completed
Xyz7701922,Atlas,DC,09-06-2026 10:04,09-06-2026 10:04,Completed
Xyz7701928,Atlas,DC,09-06-2026 10:02,09-06-2026 10:02,Completed
Xyz7701947,Atlas,DC,09-06-2026 10:02,09-06-2026 10:04,Completed
Xyz7701949,Atlas,DC,09-06-2026 10:00,09-06-2026 10:01,Completed
Xyz7702006,Atlas,DC,09-06-2026 10:02,09-06-2026 10:02,Completed
Xyz7702010,Atlas,DC,09-06-2026 10:01,09-06-2026 10:01,Completed
Xyz7702067,Atlas,DC,09-06-2026 10:02,09-06-2026 12:21,Completed
Xyz7702072,Atlas,DC,09-06-2026 10:01,09-06-2026 12:19,Completed
Xyz7702082,Atlas,DC,09-06-2026 10:01,09-06-2026 10:06,Completed
Xyz7702113,Atlas,DC,09-06-2026 10:01,09-06-2026 10:01,Completed
Xyz7702118,Atlas,DC,09-06-2026 10:02,09-06-2026 10:03,Completed
Xyz7702131,Atlas,DC,09-06-2026 10:00,09-06-2026 10:01,Completed
Xyz7702218,Atlas,DC,09-06-2026 10:02,09-06-2026 10:03,Completed
Xyz7702225,Atlas,DC,09-06-2026 10:02,09-06-2026 10:03,Completed
Xyz7702232,Atlas,DC,09-06-2026 10:03,09-06-2026 10:03,Completed
Xyz7702234,Atlas,DC,09-06-2026 10:00,09-06-2026 10:01,Completed
Xyz7702268,Atlas,DC,09-06-2026 10:01,09-06-2026 10:02,Completed
Xyz7702269,Atlas,DC,09-06-2026 10:01,09-06-2026 10:01,Completed
Xyz7702279,Atlas,DC,09-06-2026 10:02,09-06-2026 12:19,Completed
Xyz7702366,Atlas,DC,09-06-2026 10:01,09-06-2026 10:02,Completed
Xyz7702399,Atlas,DC,09-06-2026 10:03,09-06-2026 10:04,Completed
Xyz7702432,Atlas,DC,09-06-2026 10:02,09-06-2026 10:04,Completed
Xyz7702450,Atlas,DC,09-06-2026 21:00,-NA-,Expired
Xyz7702453,Atlas,DC,09-06-2026 10:01,-NA-,Expired
Xyz7702482,Atlas,DC,09-06-2026 10:01,09-06-2026 10:02,Completed
Xyz7702484,Atlas,DC,09-06-2026 10:02,09-06-2026 10:02,Completed
Xyz7702497,Atlas,DC,09-06-2026 10:03,09-06-2026 10:03,Completed
Xyz7702507,Atlas,DC,09-06-2026 10:02,09-06-2026 10:06,Completed
Xyz7702517,Atlas,DC,09-06-2026 10:02,09-06-2026 10:03,Completed
Xyz7702610,Atlas,DC,09-06-2026 10:03,09-06-2026 11:24,Completed
Xyz7702613,Atlas,DC,09-06-2026 10:01,09-06-2026 11:23,Completed
Xyz7702630,Atlas,DC,09-06-2026 20:59,-NA-,Expired
Xyz7702631,Atlas,DC,09-06-2026 21:00,-NA-,Expired
Xyz7702632,Atlas,DC,09-06-2026 20:59,-NA-,Expired
Xyz7702653,Atlas,DC,09-06-2026 10:02,09-06-2026 10:03,Completed
Xyz7702698,Atlas,DC,09-06-2026 10:02,09-06-2026 10:03,Completed
Xyz7702737,Atlas,DC,09-06-2026 10:01,09-06-2026 10:05,Completed
Xyz7702787,Atlas,DC,09-06-2026 10:01,09-06-2026 11:24,Completed
Xyz7702804,Atlas,DC,09-06-2026 10:01,09-06-2026 10:01,Completed
Xyz7702816,Atlas,DC,09-06-2026 10:01,09-06-2026 10:03,Completed
Xyz7702880,Atlas,DC,09-06-2026 10:01,09-06-2026 10:16,Completed
Xyz7702906,Atlas,DC,09-06-2026 10:01,09-06-2026 10:02,Completed
Xyz7702917,Atlas,DC,09-06-2026 10:01,09-06-2026 10:02,Completed
Xyz7702924,Atlas,DC,09-06-2026 10:02,09-06-2026 10:05,Completed
Xyz7702998,Atlas,DC,09-06-2026 10:02,09-06-2026 10:03,Completed
Xyz7703014,Atlas,DC,09-06-2026 10:00,09-06-2026 11:24,Completed
Xyz7703071,Atlas,DC,09-06-2026 10:02,09-06-2026 10:03,Completed
Xyz7703079,Atlas,DC,09-06-2026 10:02,09-06-2026 10:08,Completed
Xyz7703097,Atlas,DC,09-06-2026 10:01,09-06-2026 10:01,Completed
Xyz7703110,Atlas,DC,09-06-2026 10:03,09-06-2026 10:51,Completed
Xyz7703112,Atlas,DC,09-06-2026 10:01,09-06-2026 10:03,Completed
Xyz7703123,Atlas,DC,09-06-2026 10:00,09-06-2026 10:01,Completed
Xyz7703125,Atlas,DC,09-06-2026 10:01,09-06-2026 10:02,Completed
Xyz7703155,Atlas,DC,09-06-2026 10:01,09-06-2026 10:02,Completed
Xyz7703171,Atlas,DC,09-06-2026 10:01,09-06-2026 10:02,Completed
Xyz7703209,Atlas,DC,09-06-2026 10:04,09-06-2026 10:04,Completed
Xyz7703236,Atlas,DC,09-06-2026 10:01,09-06-2026 10:02,Completed
Xyz7703240,Atlas,DC,09-06-2026 10:01,09-06-2026 10:02,Completed
Xyz7703272,Atlas,DC,09-06-2026 10:02,09-06-2026 10:07,Completed
Xyz7703361,Atlas,DC,09-06-2026 10:02,09-06-2026 10:12,Completed
Xyz7703382,Atlas,DC,09-06-2026 10:01,09-06-2026 12:12,Completed
Xyz7703441,Atlas,DC,09-06-2026 10:03,09-06-2026 10:05,Completed
Xyz7703443,Atlas,DC,09-06-2026 10:03,09-06-2026 10:03,Completed
Xyz7703458,Atlas,DC,09-06-2026 10:02,09-06-2026 12:18,Completed
Xyz7703601,Atlas,DC,09-06-2026 21:02,-NA-,Expired
Xyz7703651,Atlas,DC,09-06-2026 10:00,09-06-2026 10:15,Completed
Xyz7703687,Atlas,DC,09-06-2026 10:02,09-06-2026 10:07,Completed
Xyz7703693,Atlas,DC,09-06-2026 10:01,09-06-2026 10:01,Completed
Xyz7703702,Atlas,DC,09-06-2026 10:02,09-06-2026 10:03,Completed
Xyz7703714,Atlas,DC,09-06-2026 10:01,09-06-2026 10:08,Completed
Xyz7703726,Atlas,DC,09-06-2026 10:00,09-06-2026 12:12,Completed
Xyz7703739,Atlas,DC,09-06-2026 10:01,09-06-2026 10:01,Completed
Xyz7703742,Atlas,DC,09-06-2026 10:01,09-06-2026 10:02,Completed
Xyz7703771,Atlas,DC,09-06-2026 10:00,09-06-2026 10:06,Completed
Xyz7703805,Atlas,DC,09-06-2026 10:00,09-06-2026 10:01,Completed
Xyz7703806,Atlas,DC,09-06-2026 10:02,09-06-2026 10:02,Completed
Xyz7703807,Atlas,DC,09-06-2026 10:02,09-06-2026 10:03,Completed
Xyz7703858,Atlas,DC,09-06-2026 10:01,09-06-2026 10:02,Completed
Xyz7703863,Atlas,DC,09-06-2026 10:01,09-06-2026 10:02,Completed
Xyz7703877,Atlas,DC,09-06-2026 10:00,09-06-2026 10:01,Completed
Xyz7703894,Atlas,DC,09-06-2026 10:02,09-06-2026 10:02,Completed
Xyz7703896,Atlas,DC,09-06-2026 10:03,09-06-2026 10:03,Completed
Xyz7703898,Atlas,DC,09-06-2026 20:59,-NA-,Expired
Xyz7703899,Atlas,DC,09-06-2026 21:00,-NA-,Expired
Xyz7703908,Atlas,DC,09-06-2026 10:02,09-06-2026 10:04,Completed
Xyz7703970,Atlas,DC,09-06-2026 10:01,09-06-2026 10:02,Completed
Xyz7704000,Atlas,DC,09-06-2026 10:01,09-06-2026 10:02,Completed
Xyz7704020,Atlas,DC,09-06-2026 10:03,09-06-2026 10:04,Completed
Xyz7704044,Atlas,DC,09-06-2026 10:01,09-06-2026 10:02,Completed
Xyz7704071,Atlas,DC,09-06-2026 10:03,09-06-2026 10:04,Completed
Xyz7704079,Atlas,DC,09-06-2026 10:01,09-06-2026 10:04,Completed
Xyz7704123,Atlas,DC,09-06-2026 10:01,09-06-2026 11:28,Completed
Xyz7704124,Atlas,DC,09-06-2026 10:04,09-06-2026 11:23,Completed
Xyz7704156,Atlas,DC,09-06-2026 10:01,09-06-2026 10:02,Completed
Xyz7704159,Atlas,DC,09-06-2026 10:02,09-06-2026 10:02,Completed
Xyz7704167,Atlas,DC,09-06-2026 10:03,09-06-2026 11:23,Completed
Xyz7704195,Atlas,DC,09-06-2026 10:01,09-06-2026 10:02,Completed
Xyz7704210,Atlas,DC,09-06-2026 10:01,09-06-2026 10:01,Completed
Xyz7704246,Atlas,DC,09-06-2026 10:00,09-06-2026 10:03,Completed
Xyz7704253,Atlas,DC,09-06-2026 10:03,09-06-2026 10:06,Completed
Xyz7704314,Atlas,DC,09-06-2026 10:04,09-06-2026 10:04,Completed
Xyz7704331,Atlas,DC,09-06-2026 10:02,09-06-2026 10:10,Completed
Xyz7704332,Atlas,DC,09-06-2026 10:01,09-06-2026 10:02,Completed
Xyz7704347,Atlas,DC,09-06-2026 10:01,09-06-2026 12:19,Completed
Xyz7704355,Atlas,DC,09-06-2026 10:00,09-06-2026 10:03,Completed
Xyz7704382,Atlas,DC,09-06-2026 21:04,09-06-2026 21:04,Completed
Xyz7704384,Atlas,DC,09-06-2026 21:04,09-06-2026 21:05,Completed
Xyz7704402,Atlas,DC,09-06-2026 10:01,09-06-2026 10:01,Completed
Xyz7704430,Atlas,DC,09-06-2026 10:03,09-06-2026 10:03,Completed
Xyz7704474,Atlas,DC,09-06-2026 10:02,09-06-2026 10:06,Completed
Xyz7704481,Atlas,DC,09-06-2026 10:01,09-06-2026 10:02,Completed
Xyz7704502,Atlas,DC,09-06-2026 21:00,-NA-,Expired
Xyz7704527,Atlas,DC,09-06-2026 10:00,09-06-2026 10:02,Completed
Xyz7704563,Atlas,DC,09-06-2026 10:02,09-06-2026 10:06,Completed
Xyz7704581,Atlas,DC,09-06-2026 10:00,09-06-2026 13:40,Completed
Xyz7704586,Atlas,DC,09-06-2026 10:02,09-06-2026 10:08,Completed
Xyz7704621,Atlas,DC,09-06-2026 10:02,09-06-2026 10:02,Completed
Xyz7704622,Atlas,DC,09-06-2026 10:02,09-06-2026 10:03,Completed
Xyz7704624,Atlas,DC,09-06-2026 10:01,09-06-2026 10:01,Completed
Xyz7704630,Atlas,DC,09-06-2026 10:03,09-06-2026 10:03,Completed
Xyz7704654,Atlas,DC,09-06-2026 10:01,09-06-2026 10:02,Completed
Xyz7704661,Atlas,DC,09-06-2026 10:01,09-06-2026 10:02,Completed
Xyz7704673,Atlas,DC,09-06-2026 10:01,09-06-2026 10:02,Completed
Xyz7704693,Atlas,DC,09-06-2026 21:03,10-06-2026 04:29,Completed
Xyz7704710,Atlas,DC,09-06-2026 10:00,09-06-2026 10:01,Completed
Xyz7704719,Atlas,DC,09-06-2026 10:02,09-06-2026 10:02,Completed
Xyz7704734,Atlas,DC,09-06-2026 10:00,09-06-2026 10:01,Completed
Xyz7704738,Atlas,DC,09-06-2026 10:03,09-06-2026 10:39,Completed
Xyz7704742,Atlas,DC,09-06-2026 21:03,09-06-2026 21:04,Completed
Xyz7704759,Atlas,DC,09-06-2026 10:01,09-06-2026 10:01,Completed
Xyz7704762,Atlas,DC,09-06-2026 10:02,09-06-2026 10:03,Completed
Xyz7704822,Atlas,DC,09-06-2026 10:01,09-06-2026 10:02,Completed
Xyz7704825,Atlas,DC,09-06-2026 10:01,09-06-2026 10:01,Completed
Xyz7704829,Atlas,DC,09-06-2026 10:02,09-06-2026 10:02,Completed
Xyz7704831,Atlas,DC,09-06-2026 10:02,09-06-2026 10:02,Completed
Xyz7704889,Atlas,DC,09-06-2026 10:02,09-06-2026 10:06,Completed
Xyz7704913,Atlas,DC,09-06-2026 10:02,09-06-2026 10:02,Completed
Xyz7704914,Atlas,DC,09-06-2026 10:01,09-06-2026 10:02,Completed
Xyz7704942,Atlas,DC,09-06-2026 21:03,-NA-,Expired
Xyz7704981,Atlas,DC,09-06-2026 10:03,09-06-2026 10:03,Completed
Xyz7704983,Atlas,DC,09-06-2026 10:02,09-06-2026 10:02,Completed
Xyz7705005,Atlas,DC,09-06-2026 10:02,09-06-2026 10:03,Completed
Xyz7705008,Atlas,DC,09-06-2026 10:01,09-06-2026 10:06,Completed
Xyz7705009,Atlas,DC,09-06-2026 10:01,09-06-2026 10:01,Completed
Xyz7705017,Atlas,DC,09-06-2026 10:02,09-06-2026 10:02,Completed
Xyz7705028,Atlas,DC,09-06-2026 10:00,09-06-2026 10:01,Completed
Xyz7705035,Atlas,DC,09-06-2026 10:02,09-06-2026 10:10,Completed
Xyz7705037,Atlas,DC,09-06-2026 10:01,09-06-2026 10:01,Completed
Xyz7705106,Atlas,DC,09-06-2026 10:00,09-06-2026 10:02,Completed
Xyz7705115,Atlas,DC,09-06-2026 10:03,09-06-2026 10:04,Completed
Xyz7705132,Atlas,DC,09-06-2026 20:59,-NA-,Expired
Xyz7705155,Atlas,DC,09-06-2026 10:02,09-06-2026 10:02,Completed
Xyz7705169,Atlas,DC,09-06-2026 10:02,09-06-2026 10:02,Completed
Xyz7705174,Atlas,DC,09-06-2026 10:02,09-06-2026 10:04,Completed
Xyz7705226,Atlas,DC,09-06-2026 10:03,09-06-2026 10:03,Completed
Xyz7705260,Atlas,DC,09-06-2026 10:01,09-06-2026 10:02,Completed
Xyz7705264,Atlas,DC,09-06-2026 10:01,09-06-2026 10:02,Completed
Xyz7705271,Atlas,DC,09-06-2026 10:02,09-06-2026 10:03,Completed
Xyz7705294,Atlas,DC,09-06-2026 10:02,09-06-2026 10:06,Completed
Xyz7705301,Atlas,DC,09-06-2026 10:01,09-06-2026 10:03,Completed
Xyz7705323,Atlas,DC,09-06-2026 10:01,09-06-2026 10:15,Completed
Xyz7705340,Atlas,DC,09-06-2026 10:00,09-06-2026 10:01,Completed
Xyz7705374,Atlas,DC,09-06-2026 10:03,-NA-,Expired
Xyz7705393,Atlas,DC,09-06-2026 10:02,09-06-2026 10:04,Completed
Xyz7705400,Atlas,DC,09-06-2026 10:02,09-06-2026 10:12,Completed
Xyz7705404,Atlas,DC,09-06-2026 10:01,09-06-2026 10:01,Completed
Xyz7705429,Atlas,DC,09-06-2026 10:01,09-06-2026 11:59,Completed
Xyz7705515,Atlas,DC,09-06-2026 10:01,09-06-2026 10:02,Completed
Xyz7705550,Atlas,DC,09-06-2026 10:01,09-06-2026 10:02,Completed
Xyz7705552,Atlas,DC,09-06-2026 10:02,09-06-2026 10:02,Completed
Xyz7705561,Atlas,DC,09-06-2026 21:00,-NA-,Expired
Xyz7705584,Atlas,DC,09-06-2026 10:00,09-06-2026 10:01,Completed
Xyz7705585,Atlas,DC,09-06-2026 10:02,09-06-2026 10:02,Completed
Xyz7705618,Atlas,DC,09-06-2026 10:03,09-06-2026 10:25,Completed
Xyz7705643,Atlas,DC,09-06-2026 10:01,09-06-2026 10:01,Completed
Xyz7705676,Atlas,DC,09-06-2026 10:02,09-06-2026 10:43,Completed
Xyz7705677,Atlas,DC,09-06-2026 10:02,09-06-2026 10:02,Completed
Xyz7705690,Atlas,DC,09-06-2026 10:01,09-06-2026 10:01,Completed
Xyz7705785,Atlas,DC,09-06-2026 10:01,09-06-2026 10:01,Completed
Xyz7705788,Atlas,DC,09-06-2026 10:02,09-06-2026 10:03,Completed
Xyz7705818,Atlas,DC,09-06-2026 10:02,09-06-2026 10:02,Completed
Xyz7705843,Atlas,DC,09-06-2026 10:01,09-06-2026 10:02,Completed
Xyz7705845,Atlas,DC,09-06-2026 10:00,09-06-2026 10:01,Completed
Xyz7705850,Atlas,DC,09-06-2026 10:02,09-06-2026 10:04,Completed
Xyz7705854,Atlas,DC,09-06-2026 10:02,09-06-2026 10:02,Completed
Xyz7705884,Atlas,DC,09-06-2026 10:01,09-06-2026 10:02,Completed
Xyz7705898,Atlas,DC,09-06-2026 10:01,09-06-2026 10:01,Completed
Xyz7705908,Atlas,DC,09-06-2026 10:02,09-06-2026 10:17,Completed
Xyz7705915,Atlas,DC,09-06-2026 10:02,09-06-2026 10:02,Completed
Xyz7705916,Atlas,DC,09-06-2026 10:01,09-06-2026 10:01,Completed
Xyz7705935,Atlas,DC,09-06-2026 10:02,09-06-2026 10:02,Completed
Xyz7705936,Atlas,DC,09-06-2026 10:02,09-06-2026 10:02,Completed
Xyz7705981,Atlas,DC,09-06-2026 10:01,09-06-2026 10:02,Completed
Xyz7706063,Atlas,DC,09-06-2026 10:02,09-06-2026 10:02,Completed
Xyz7706090,Atlas,DC,09-06-2026 10:03,09-06-2026 10:04,Completed
Xyz7706113,Atlas,DC,09-06-2026 10:04,09-06-2026 10:06,Completed
Xyz7706116,Atlas,DC,09-06-2026 10:01,09-06-2026 10:03,Completed
Xyz7706118,Atlas,DC,09-06-2026 10:01,09-06-2026 10:02,Completed
Xyz7706125,Atlas,DC,09-06-2026 10:02,09-06-2026 10:02,Completed
Xyz7706142,Atlas,DC,09-06-2026 10:00,09-06-2026 10:01,Completed
Xyz7706175,Atlas,DC,09-06-2026 10:02,09-06-2026 10:03,Completed
Xyz7706186,Atlas,DC,09-06-2026 10:01,09-06-2026 10:01,Completed
Xyz7706206,Atlas,DC,09-06-2026 10:03,09-06-2026 10:03,Completed
Xyz7706228,Atlas,DC,09-06-2026 10:03,09-06-2026 10:04,Completed
Xyz7706239,Atlas,DC,09-06-2026 10:03,09-06-2026 10:16,Completed
Xyz7706272,Atlas,DC,09-06-2026 10:02,09-06-2026 10:02,Completed
Xyz7706281,Atlas,DC,09-06-2026 10:02,09-06-2026 10:02,Completed
Xyz7706284,Atlas,DC,09-06-2026 10:02,09-06-2026 10:02,Completed
Xyz7706286,Atlas,DC,09-06-2026 10:02,09-06-2026 10:02,Completed
Xyz7706291,Atlas,DC,09-06-2026 10:02,09-06-2026 10:09,Completed
Xyz7706293,Atlas,DC,09-06-2026 10:00,09-06-2026 10:01,Completed
Xyz7706295,Atlas,DC,09-06-2026 10:01,09-06-2026 10:02,Completed
Xyz7706299,Atlas,DC,09-06-2026 10:02,09-06-2026 10:03,Completed
Xyz7706355,Atlas,DC,09-06-2026 10:00,09-06-2026 10:01,Completed
Xyz7706379,Atlas,DC,09-06-2026 10:00,09-06-2026 10:01,Completed
Xyz7706380,Atlas,DC,09-06-2026 10:00,09-06-2026 10:03,Completed
Xyz7706417,Atlas,DC,09-06-2026 10:00,09-06-2026 10:01,Completed
Xyz7706433,Atlas,DC,09-06-2026 10:01,09-06-2026 10:01,Completed
Xyz7706485,Atlas,DC,09-06-2026 10:02,09-06-2026 10:02,Completed
Xyz7706545,Atlas,DC,09-06-2026 21:03,-NA-,Expired
Xyz7706550,Atlas,DC,09-06-2026 10:00,09-06-2026 10:01,Completed
Xyz7706562,Atlas,DC,09-06-2026 10:00,09-06-2026 10:01,Completed
Xyz7706601,Atlas,DC,09-06-2026 10:00,09-06-2026 10:04,Completed
Xyz7706602,Atlas,DC,09-06-2026 10:02,09-06-2026 10:02,Completed
Xyz7706629,Atlas,DC,09-06-2026 10:03,09-06-2026 10:03,Completed
Xyz7706690,Atlas,DC,09-06-2026 10:02,09-06-2026 10:03,Completed
Xyz7706719,Atlas,DC,09-06-2026 10:00,09-06-2026 10:04,Completed
Xyz7706737,Atlas,DC,09-06-2026 10:01,09-06-2026 10:01,Completed
Xyz7706738,Atlas,DC,09-06-2026 20:59,-NA-,Expired
Xyz7706739,Atlas,DC,09-06-2026 20:59,-NA-,Expired
Xyz7706740,Atlas,DC,09-06-2026 20:59,-NA-,Expired
Xyz7706743,Atlas,DC,09-06-2026 20:59,-NA-,Expired
Xyz7706763,Atlas,DC,09-06-2026 10:02,09-06-2026 10:03,Completed
Xyz7706766,Atlas,DC,09-06-2026 10:02,09-06-2026 10:02,Completed
Xyz7706784,Atlas,DC,09-06-2026 10:01,09-06-2026 10:16,Completed
Xyz7706806,Atlas,DC,09-06-2026 10:02,09-06-2026 10:02,Completed
Xyz7706818,Atlas,DC,09-06-2026 20:59,-NA-,Expired
Xyz7706820,Atlas,DC,09-06-2026 10:02,09-06-2026 10:03,Completed
Xyz7706856,Atlas,DC,09-06-2026 10:02,09-06-2026 10:02,Completed
Xyz7706879,Atlas,DC,09-06-2026 10:02,09-06-2026 10:05,Completed
Xyz7706897,Atlas,DC,09-06-2026 10:00,09-06-2026 10:01,Completed
Xyz7706934,Atlas,DC,09-06-2026 10:01,09-06-2026 10:02,Completed
Xyz7706970,Atlas,DC,09-06-2026 10:01,09-06-2026 10:02,Completed
Xyz7706972,Atlas,DC,09-06-2026 10:01,09-06-2026 10:03,Completed
Xyz7706986,Atlas,DC,09-06-2026 20:59,-NA-,Expired
Xyz7706988,Atlas,DC,09-06-2026 10:01,09-06-2026 10:01,Completed
Xyz7706991,Atlas,DC,09-06-2026 10:01,-NA-,Expired
Xyz7706992,Atlas,DC,09-06-2026 20:59,-NA-,Expired
Xyz7707001,Atlas,DC,09-06-2026 10:02,09-06-2026 10:03,Completed
Xyz7707005,Atlas,DC,09-06-2026 21:02,-NA-,Expired
Xyz7707007,Atlas,DC,09-06-2026 10:01,09-06-2026 10:02,Completed
Xyz7707008,Atlas,DC,09-06-2026 10:01,09-06-2026 10:02,Completed
Xyz7707047,Atlas,DC,09-06-2026 20:59,-NA-,Expired
Xyz7707065,Atlas,DC,09-06-2026 10:00,09-06-2026 10:03,Completed
Xyz7707066,Atlas,DC,09-06-2026 10:02,09-06-2026 10:03,Completed
Xyz7707078,Atlas,DC,09-06-2026 10:00,09-06-2026 10:01,Completed
Xyz7707082,Atlas,DC,09-06-2026 20:59,-NA-,Expired
Xyz7707083,Atlas,DC,09-06-2026 20:59,-NA-,Expired
Xyz7707084,Atlas,DC,09-06-2026 20:59,-NA-,Expired
Xyz7707097,Atlas,DC,09-06-2026 10:02,09-06-2026 10:05,Completed
Xyz7707105,Atlas,DC,09-06-2026 10:02,09-06-2026 10:03,Completed
Xyz7707147,Atlas,DC,09-06-2026 10:00,09-06-2026 14:12,Completed
Xyz7707171,Atlas,DC,09-06-2026 10:01,09-06-2026 10:02,Completed
Xyz7707204,Atlas,DC,09-06-2026 10:00,09-06-2026 10:01,Completed
Xyz7707260,Atlas,DC,09-06-2026 10:02,09-06-2026 10:02,Completed
Xyz7707307,Atlas,DC,09-06-2026 10:03,09-06-2026 10:04,Completed
Xyz7707311,Atlas,DC,09-06-2026 10:01,09-06-2026 10:02,Completed
Xyz7707346,Atlas,DC,09-06-2026 20:59,-NA-,Expired
Xyz7707347,Atlas,DC,09-06-2026 20:59,-NA-,Expired
Xyz7707352,Atlas,DC,09-06-2026 21:03,-NA-,Expired
Xyz7707363,Atlas,DC,09-06-2026 20:59,-NA-,Expired
Xyz7707364,Atlas,DC,09-06-2026 10:02,-NA-,Expired
Xyz7707366,Atlas,DC,09-06-2026 20:59,-NA-,Expired
Xyz7707368,Atlas,DC,09-06-2026 20:59,-NA-,Expired
Xyz7707374,Atlas,DC,09-06-2026 20:59,-NA-,Expired
Xyz7707463,Atlas,DC,09-06-2026 10:01,09-06-2026 10:01,Completed
Xyz7707547,Atlas,DC,09-06-2026 10:01,09-06-2026 10:01,Completed
Xyz7707560,Atlas,DC,09-06-2026 10:00,09-06-2026 10:01,Completed
Xyz7707592,Atlas,DC,09-06-2026 10:02,09-06-2026 10:43,Completed
Xyz7707623,Atlas,DC,09-06-2026 10:03,09-06-2026 11:24,Completed
Xyz7707649,Atlas,DC,09-06-2026 10:00,09-06-2026 10:01,Completed
Xyz7707702,Atlas,DC,09-06-2026 10:03,09-06-2026 10:05,Completed
Xyz7707735,Atlas,DC,09-06-2026 10:01,09-06-2026 10:02,Completed
Xyz7707741,Atlas,DC,09-06-2026 10:01,09-06-2026 10:06,Completed
Xyz7707761,Atlas,DC,09-06-2026 10:01,09-06-2026 11:41,Completed
Xyz7707767,Atlas,DC,09-06-2026 10:01,09-06-2026 11:20,Completed
Xyz7707805,Atlas,DC,09-06-2026 10:03,09-06-2026 10:03,Completed
Xyz7707848,Atlas,DC,09-06-2026 10:02,09-06-2026 10:02,Completed
Xyz7707863,Atlas,DC,09-06-2026 10:02,09-06-2026 10:30,Completed
Xyz7707866,Atlas,DC,09-06-2026 20:59,-NA-,Expired
Xyz7707872,Atlas,DC,09-06-2026 20:59,-NA-,Expired
Xyz7707925,Atlas,DC,09-06-2026 10:02,09-06-2026 10:03,Completed
Xyz7707930,Atlas,DC,09-06-2026 21:03,-NA-,Expired
Xyz7707934,Atlas,DC,09-06-2026 20:59,-NA-,Expired
Xyz7707960,Atlas,DC,09-06-2026 10:02,09-06-2026 10:09,Completed
Xyz7707968,Atlas,DC,09-06-2026 10:02,09-06-2026 10:02,Completed
Xyz7707971,Atlas,DC,09-06-2026 10:01,09-06-2026 10:02,Completed
Xyz7708011,Atlas,DC,09-06-2026 10:02,09-06-2026 10:02,Completed
Xyz7708060,Atlas,DC,09-06-2026 10:02,09-06-2026 10:02,Completed
Xyz7708121,Atlas,DC,09-06-2026 10:01,09-06-2026 10:02,Completed
Xyz7708124,Atlas,DC,09-06-2026 10:01,09-06-2026 10:01,Completed
Xyz7708138,Atlas,DC,09-06-2026 10:03,09-06-2026 10:03,Completed
Xyz7708196,Atlas,DC,09-06-2026 10:03,09-06-2026 10:04,Completed
Xyz7708199,Atlas,DC,09-06-2026 10:03,09-06-2026 10:03,Completed
Xyz7708257,Atlas,DC,09-06-2026 10:01,09-06-2026 10:51,Completed
Xyz7708274,Atlas,DC,09-06-2026 10:00,09-06-2026 10:01,Completed
Xyz7708278,Atlas,DC,09-06-2026 10:03,09-06-2026 10:04,Completed
Xyz7708304,Atlas,DC,09-06-2026 10:00,09-06-2026 10:01,Completed
Xyz7708308,Atlas,DC,09-06-2026 10:01,09-06-2026 10:02,Completed
Xyz7708316,Atlas,DC,09-06-2026 10:03,09-06-2026 10:03,Completed
Xyz7708357,Atlas,DC,09-06-2026 10:01,09-06-2026 10:02,Completed
Xyz7708384,Atlas,DC,09-06-2026 10:02,09-06-2026 10:03,Completed
Xyz7708470,Atlas,DC,09-06-2026 10:01,09-06-2026 10:01,Completed
Xyz7708527,Atlas,DC,09-06-2026 10:02,09-06-2026 10:03,Completed
Xyz7708572,Atlas,DC,09-06-2026 10:01,09-06-2026 10:01,Completed
Xyz7708576,Atlas,DC,09-06-2026 10:02,09-06-2026 10:02,Completed
Xyz7708583,Atlas,DC,09-06-2026 10:02,09-06-2026 10:03,Completed
Xyz7708584,Atlas,DC,09-06-2026 10:02,09-06-2026 10:02,Completed
Xyz7708643,Atlas,DC,09-06-2026 10:00,09-06-2026 10:01,Completed
Xyz7708666,Atlas,DC,09-06-2026 10:02,09-06-2026 10:03,Completed
Xyz7708683,Atlas,DC,09-06-2026 10:02,09-06-2026 10:02,Completed
Xyz7708702,Atlas,DC,09-06-2026 10:01,09-06-2026 10:02,Completed
Xyz7708746,Atlas,DC,09-06-2026 10:00,09-06-2026 10:06,Completed
Xyz7708793,Atlas,DC,09-06-2026 10:01,09-06-2026 10:02,Completed
Xyz7708799,Atlas,DC,09-06-2026 10:01,09-06-2026 10:01,Completed
Xyz7708827,Atlas,DC,09-06-2026 10:00,09-06-2026 10:01,Completed
Xyz7708858,Atlas,DC,09-06-2026 10:02,09-06-2026 10:03,Completed
Xyz7708864,Atlas,DC,09-06-2026 10:03,09-06-2026 10:03,Completed
Xyz7708893,Atlas,DC,09-06-2026 21:00,-NA-,Expired
Xyz7708899,Atlas,DC,09-06-2026 20:59,-NA-,Expired
Xyz7708918,Atlas,DC,09-06-2026 10:01,-NA-,Expired
Xyz7708946,Atlas,DC,09-06-2026 10:03,09-06-2026 10:03,Completed
Xyz7708961,Atlas,DC,09-06-2026 10:00,09-06-2026 10:01,Completed
Xyz7708987,Atlas,DC,09-06-2026 10:01,09-06-2026 13:38,Completed
Xyz7709094,Atlas,DC,09-06-2026 10:01,09-06-2026 10:03,Completed
Xyz7709123,Atlas,DC,09-06-2026 10:01,09-06-2026 10:01,Completed
Xyz7709159,Atlas,DC,09-06-2026 10:00,09-06-2026 10:01,Completed
Xyz7709178,Atlas,DC,09-06-2026 10:01,09-06-2026 10:01,Completed
Xyz7709186,Atlas,DC,09-06-2026 10:02,09-06-2026 10:02,Completed
Xyz7709211,Atlas,DC,09-06-2026 20:59,-NA-,Expired
Xyz7709215,Atlas,DC,09-06-2026 10:01,09-06-2026 10:01,Completed
Xyz7709232,Atlas,DC,09-06-2026 10:03,09-06-2026 10:04,Completed
Xyz7709233,Atlas,DC,09-06-2026 10:01,09-06-2026 10:02,Completed
Xyz7709235,Atlas,DC,09-06-2026 10:01,09-06-2026 10:11,Completed
Xyz7709238,Atlas,DC,09-06-2026 10:00,09-06-2026 10:01,Completed
Xyz7709311,Atlas,DC,09-06-2026 10:01,09-06-2026 10:01,Completed
Xyz7709324,Atlas,DC,09-06-2026 10:01,09-06-2026 10:01,Completed
Xyz7709347,Atlas,DC,09-06-2026 10:01,09-06-2026 10:17,Completed
Xyz7709394,Atlas,DC,09-06-2026 10:01,09-06-2026 10:02,Completed
Xyz7709403,Atlas,DC,09-06-2026 10:02,09-06-2026 10:02,Completed
Xyz7709408,Atlas,DC,09-06-2026 10:03,09-06-2026 10:04,Completed
Xyz7709410,Atlas,DC,09-06-2026 10:01,09-06-2026 10:02,Completed
Xyz7709416,Atlas,DC,09-06-2026 10:01,09-06-2026 10:01,Completed
Xyz7709444,Atlas,DC,09-06-2026 10:00,09-06-2026 10:01,Completed
Xyz7709451,Atlas,DC,09-06-2026 10:01,09-06-2026 10:02,Completed
Xyz7709469,Atlas,DC,09-06-2026 10:01,09-06-2026 10:02,Completed
Xyz7709481,Atlas,DC,09-06-2026 10:01,09-06-2026 10:01,Completed
Xyz7709571,Atlas,DC,09-06-2026 10:01,09-06-2026 10:01,Completed
Xyz7709587,Atlas,DC,09-06-2026 10:03,09-06-2026 10:04,Completed
Xyz7709623,Atlas,DC,09-06-2026 10:01,09-06-2026 10:02,Completed
Xyz7709672,Atlas,DC,09-06-2026 10:01,09-06-2026 10:02,Completed
Xyz7709712,Atlas,DC,09-06-2026 10:00,09-06-2026 10:01,Completed
Xyz7709720,Atlas,DC,09-06-2026 10:00,09-06-2026 10:01,Completed
Xyz7709740,Atlas,DC,09-06-2026 10:00,09-06-2026 10:01,Completed
Xyz7709788,Atlas,DC,09-06-2026 21:00,-NA-,Expired
Xyz7709797,Atlas,DC,09-06-2026 10:02,09-06-2026 10:02,Completed
Xyz7709818,Atlas,DC,09-06-2026 10:01,09-06-2026 10:01,Completed
Xyz7709820,Atlas,DC,09-06-2026 10:04,09-06-2026 10:04,Completed
Xyz7709834,Atlas,DC,09-06-2026 10:01,09-06-2026 10:02,Completed
Xyz7709873,Atlas,DC,09-06-2026 10:02,09-06-2026 10:13,Completed
Xyz7709921,Atlas,DC,09-06-2026 10:04,09-06-2026 12:11,Completed
Xyz7709953,Atlas,DC,09-06-2026 10:00,09-06-2026 10:03,Completed
Xyz7709999,Atlas,DC,09-06-2026 10:00,09-06-2026 10:01,Completed
Xyz7710005,Atlas,DC,09-06-2026 10:02,09-06-2026 10:03,Completed
Xyz7710020,Atlas,DC,09-06-2026 10:01,09-06-2026 10:01,Completed
Xyz7710046,Atlas,DC,09-06-2026 10:01,09-06-2026 10:02,Completed
Xyz7710048,Atlas,DC,09-06-2026 10:01,09-06-2026 10:01,Completed
Xyz7710083,Atlas,DC,09-06-2026 10:02,09-06-2026 10:03,Completed
Xyz7710086,Atlas,DC,09-06-2026 10:02,09-06-2026 10:03,Completed
Xyz7710097,Atlas,DC,09-06-2026 10:03,09-06-2026 10:04,Completed
Xyz7710137,Atlas,DC,09-06-2026 10:01,09-06-2026 10:02,Completed
Xyz7710160,Atlas,DC,09-06-2026 10:03,09-06-2026 10:05,Completed
Xyz7710164,Atlas,DC,09-06-2026 10:02,09-06-2026 10:03,Completed
Xyz7710171,Atlas,DC,09-06-2026 10:00,09-06-2026 10:01,Completed
Xyz7710214,Atlas,DC,09-06-2026 10:01,09-06-2026 10:44,Completed
Xyz7710222,Atlas,DC,09-06-2026 10:02,09-06-2026 10:02,Completed
Xyz7710340,Atlas,DC,09-06-2026 10:01,09-06-2026 10:02,Completed
Xyz7710390,Atlas,DC,09-06-2026 21:00,-NA-,Expired
Xyz7710418,Atlas,DC,09-06-2026 10:01,09-06-2026 10:02,Completed
Xyz7710421,Atlas,DC,09-06-2026 10:00,09-06-2026 10:01,Completed
Xyz7710428,Atlas,DC,09-06-2026 10:03,09-06-2026 10:07,Completed
Xyz7710481,Atlas,DC,09-06-2026 10:01,09-06-2026 10:01,Completed
Xyz7710482,Atlas,DC,09-06-2026 10:01,09-06-2026 10:02,Completed
Xyz7710495,Atlas,DC,09-06-2026 10:03,09-06-2026 13:33,Completed
Xyz7710515,Atlas,DC,09-06-2026 10:03,09-06-2026 10:04,Completed
Xyz7710521,Atlas,DC,09-06-2026 10:02,09-06-2026 10:02,Completed
Xyz7710526,Atlas,DC,09-06-2026 10:00,09-06-2026 10:01,Completed
Xyz7710541,Atlas,DC,09-06-2026 10:00,09-06-2026 10:44,Completed
Xyz7710562,Atlas,DC,09-06-2026 10:02,09-06-2026 10:02,Completed
Xyz7710592,Atlas,DC,09-06-2026 10:00,09-06-2026 10:01,Completed
Xyz7710624,Atlas,DC,09-06-2026 10:00,09-06-2026 10:01,Completed
Xyz7710681,Atlas,DC,09-06-2026 10:03,09-06-2026 10:10,Completed
Xyz7710687,Atlas,DC,09-06-2026 10:04,09-06-2026 10:04,Completed
Xyz7710710,Atlas,DC,09-06-2026 10:01,09-06-2026 10:02,Completed
Xyz7710723,Atlas,DC,09-06-2026 10:01,09-06-2026 10:02,Completed
Xyz7710727,Atlas,DC,09-06-2026 10:01,09-06-2026 10:02,Completed
Xyz7710734,Atlas,DC,09-06-2026 10:02,09-06-2026 10:03,Completed
Xyz7710745,Atlas,DC,09-06-2026 10:02,09-06-2026 10:03,Completed
Xyz7710774,Atlas,DC,09-06-2026 10:02,09-06-2026 11:01,Completed
Xyz7710801,Atlas,DC,09-06-2026 10:01,09-06-2026 10:01,Completed
Xyz7710828,Atlas,DC,09-06-2026 10:01,09-06-2026 10:02,Completed
Xyz7710854,Atlas,DC,09-06-2026 10:01,09-06-2026 10:02,Completed
Xyz7710868,Atlas,DC,09-06-2026 10:03,09-06-2026 10:04,Completed
Xyz7710872,Atlas,DC,09-06-2026 10:01,09-06-2026 10:01,Completed
Xyz7710891,Atlas,DC,09-06-2026 10:00,09-06-2026 10:02,Completed
Xyz7710894,Atlas,DC,09-06-2026 10:01,09-06-2026 10:01,Completed
Xyz7710897,Atlas,DC,09-06-2026 10:01,09-06-2026 10:02,Completed
Xyz7710949,Atlas,DC,09-06-2026 10:01,09-06-2026 10:02,Completed
Xyz7710957,Atlas,DC,09-06-2026 10:00,09-06-2026 10:01,Completed
Xyz7711003,Atlas,DC,09-06-2026 10:01,09-06-2026 10:01,Completed
Xyz7711030,Atlas,DC,09-06-2026 10:02,09-06-2026 10:03,Completed
Xyz7711042,Atlas,DC,09-06-2026 10:01,09-06-2026 10:02,Completed
Xyz7711046,Atlas,DC,09-06-2026 10:02,09-06-2026 10:02,Completed
Xyz7711056,Atlas,DC,09-06-2026 10:02,09-06-2026 10:02,Completed
Xyz7711057,Atlas,DC,09-06-2026 20:59,-NA-,Expired
Xyz7711138,Atlas,DC,09-06-2026 10:02,09-06-2026 10:03,Completed
Xyz7711139,Atlas,DC,09-06-2026 10:01,09-06-2026 10:05,Completed
Xyz7711147,Atlas,DC,09-06-2026 10:01,09-06-2026 10:02,Completed
Xyz7711153,Atlas,DC,09-06-2026 10:04,09-06-2026 10:04,Completed
Xyz7711165,Atlas,DC,09-06-2026 10:01,09-06-2026 10:01,Completed
Xyz7711186,Atlas,DC,09-06-2026 10:01,09-06-2026 10:02,Completed
Xyz7711282,Atlas,DC,09-06-2026 10:02,09-06-2026 10:45,Completed
Xyz7711310,Atlas,DC,09-06-2026 10:04,09-06-2026 10:04,Completed
Xyz7711311,Atlas,DC,09-06-2026 21:01,-NA-,Expired
Xyz7711379,Atlas,DC,09-06-2026 10:02,09-06-2026 10:25,Completed
Xyz7711392,Atlas,DC,09-06-2026 10:01,09-06-2026 10:01,Completed
Xyz7711395,Atlas,DC,09-06-2026 10:01,09-06-2026 10:01,Completed
Xyz7711412,Atlas,DC,09-06-2026 10:04,09-06-2026 10:04,Completed
Xyz7711415,Atlas,DC,09-06-2026 10:02,09-06-2026 10:02,Completed
Xyz7711454,Atlas,DC,09-06-2026 10:02,09-06-2026 10:02,Completed
Xyz7711456,Atlas,DC,09-06-2026 10:04,09-06-2026 10:04,Completed
Xyz7711502,Atlas,DC,09-06-2026 10:02,09-06-2026 10:02,Completed
Xyz7711547,Atlas,DC,09-06-2026 10:03,09-06-2026 10:04,Completed
Xyz7711548,Atlas,DC,09-06-2026 10:03,09-06-2026 11:33,Completed
Xyz7711569,Atlas,DC,09-06-2026 21:01,-NA-,Expired
Xyz7711579,Atlas,DC,09-06-2026 21:02,09-06-2026 22:24,Completed
Xyz7711581,Atlas,DC,09-06-2026 21:01,09-06-2026 22:20,Completed
Xyz7711582,Atlas,DC,09-06-2026 21:02,09-06-2026 22:21,Completed
Xyz7711584,Atlas,DC,09-06-2026 21:03,09-06-2026 22:42,Completed
Xyz7711636,Atlas,DC,09-06-2026 10:01,09-06-2026 10:01,Completed
Xyz7711652,Atlas,DC,09-06-2026 10:02,09-06-2026 10:03,Completed
Xyz7711679,Atlas,DC,09-06-2026 20:59,-NA-,Expired
Xyz7711686,Atlas,DC,09-06-2026 10:02,09-06-2026 10:03,Completed
Xyz7711695,Atlas,DC,09-06-2026 10:02,09-06-2026 10:58,Completed
Xyz7711732,Atlas,DC,09-06-2026 10:03,09-06-2026 10:04,Completed
Xyz7711747,Atlas,DC,09-06-2026 10:01,09-06-2026 10:02,Completed
Xyz7711754,Atlas,DC,09-06-2026 10:02,09-06-2026 10:03,Completed
Xyz7711785,Atlas,DC,09-06-2026 10:01,09-06-2026 12:47,Completed
Xyz7711802,Atlas,DC,09-06-2026 10:01,09-06-2026 10:01,Completed
Xyz7711840,Atlas,DC,09-06-2026 10:03,09-06-2026 10:03,Completed
Xyz7711845,Atlas,DC,09-06-2026 10:00,09-06-2026 10:02,Completed
Xyz7711856,Atlas,DC,09-06-2026 10:03,09-06-2026 10:04,Completed
Xyz7711861,Atlas,DC,09-06-2026 10:01,09-06-2026 10:02,Completed
Xyz7711863,Atlas,DC,09-06-2026 10:02,09-06-2026 10:03,Completed
Xyz7711865,Atlas,DC,09-06-2026 21:01,09-06-2026 22:24,Completed
Xyz7711866,Atlas,DC,09-06-2026 21:02,09-06-2026 22:22,Completed
Xyz7711872,Atlas,DC,09-06-2026 21:03,09-06-2026 21:04,Completed
Xyz7711878,Atlas,DC,09-06-2026 10:02,09-06-2026 10:03,Completed
Xyz7711884,Atlas,DC,09-06-2026 10:03,09-06-2026 10:04,Completed
Xyz7711958,Atlas,DC,09-06-2026 10:02,09-06-2026 13:19,Completed
Xyz7711998,Atlas,DC,09-06-2026 10:01,09-06-2026 10:01,Completed
Xyz7712010,Atlas,DC,09-06-2026 10:03,09-06-2026 10:04,Completed
Xyz7712041,Atlas,DC,09-06-2026 10:01,09-06-2026 10:32,Completed
Xyz7712054,Atlas,DC,09-06-2026 10:00,09-06-2026 10:01,Completed
Xyz7712115,Atlas,DC,09-06-2026 10:01,09-06-2026 10:02,Completed
Xyz7712143,Atlas,DC,09-06-2026 10:02,09-06-2026 10:03,Completed
Xyz7712202,Atlas,DC,09-06-2026 10:01,09-06-2026 10:03,Completed
Xyz7712210,Atlas,DC,09-06-2026 10:02,09-06-2026 10:03,Completed
Xyz7712234,Atlas,DC,09-06-2026 10:04,09-06-2026 10:04,Completed
Xyz7712268,Atlas,DC,09-06-2026 10:01,09-06-2026 10:01,Completed
Xyz7712354,Atlas,DC,09-06-2026 10:01,09-06-2026 10:02,Completed
Xyz7712403,Atlas,DC,09-06-2026 10:03,09-06-2026 10:03,Completed
Xyz7712436,Atlas,DC,09-06-2026 10:00,09-06-2026 12:16,Completed
Xyz7712957,Atlas,DC,09-06-2026 10:01,09-06-2026 10:02,Completed
Xyz7713090,Atlas,DC,09-06-2026 10:00,09-06-2026 10:01,Completed
Xyz7713105,Atlas,DC,09-06-2026 21:05,-NA-,Expired
Xyz7713189,Atlas,DC,09-06-2026 10:00,09-06-2026 10:01,Completed
Xyz7713377,Atlas,DC,09-06-2026 10:00,09-06-2026 10:01,Completed
Xyz7713442,Atlas,DC,09-06-2026 10:03,09-06-2026 10:03,Completed
Xyz7713455,Atlas,DC,09-06-2026 10:01,09-06-2026 10:02,Completed
Xyz7713513,Atlas,DC,09-06-2026 10:00,09-06-2026 10:01,Completed
Xyz7713561,Atlas,DC,09-06-2026 10:01,09-06-2026 10:01,Completed
Xyz7713565,Atlas,DC,09-06-2026 10:03,09-06-2026 10:03,Completed
Xyz7713762,Atlas,DC,09-06-2026 10:00,09-06-2026 10:09,Completed
Xyz7713778,Atlas,DC,09-06-2026 21:00,-NA-,Expired
Xyz7713861,Atlas,DC,09-06-2026 10:01,09-06-2026 10:01,Completed
Xyz7713937,Atlas,DC,09-06-2026 10:02,09-06-2026 10:03,Completed
Xyz7713963,Atlas,DC,09-06-2026 10:00,09-06-2026 10:01,Completed
Xyz7713964,Atlas,DC,09-06-2026 10:03,09-06-2026 10:03,Completed
Xyz7713972,Atlas,DC,09-06-2026 10:00,09-06-2026 10:01,Completed
Xyz7714137,Atlas,DC,09-06-2026 10:02,09-06-2026 10:03,Completed
Xyz7714177,Atlas,DC,09-06-2026 10:01,09-06-2026 10:02,Completed
Xyz7714200,Atlas,DC,09-06-2026 10:01,09-06-2026 10:01,Completed
Xyz7714215,Atlas,DC,09-06-2026 10:02,09-06-2026 10:03,Completed
Xyz7714266,Atlas,DC,09-06-2026 10:00,09-06-2026 10:02,Completed
Xyz7714331,Atlas,DC,09-06-2026 10:01,09-06-2026 10:04,Completed
Xyz7714334,Atlas,DC,09-06-2026 10:03,09-06-2026 10:03,Completed
Xyz7714398,Atlas,DC,09-06-2026 10:00,09-06-2026 10:02,Completed
Xyz7714450,Atlas,DC,09-06-2026 10:03,09-06-2026 10:06,Completed
Xyz7714459,Atlas,DC,09-06-2026 10:00,-NA-,Expired
Xyz7714460,Atlas,DC,09-06-2026 10:03,09-06-2026 10:11,Completed
Xyz7714478,Atlas,DC,09-06-2026 10:03,09-06-2026 10:04,Completed
Xyz7714562,Atlas,DC,09-06-2026 10:00,09-06-2026 10:01,Completed
Xyz7714567,Atlas,DC,09-06-2026 10:02,09-06-2026 10:02,Completed
Xyz7714570,Atlas,DC,09-06-2026 10:00,09-06-2026 10:01,Completed
Xyz7714580,Atlas,DC,09-06-2026 10:03,09-06-2026 10:04,Completed
Xyz7714588,Atlas,DC,09-06-2026 10:02,09-06-2026 11:11,Completed
Xyz7714752,Atlas,DC,09-06-2026 10:01,09-06-2026 10:02,Completed
Xyz7714865,Atlas,DC,09-06-2026 10:00,09-06-2026 10:01,Completed
Xyz7714901,Atlas,DC,09-06-2026 10:00,09-06-2026 10:04,Completed
Xyz7714947,Atlas,DC,09-06-2026 10:02,09-06-2026 10:03,Completed
Xyz7714982,Atlas,DC,09-06-2026 10:02,09-06-2026 10:03,Completed
Xyz7715066,Atlas,DC,09-06-2026 10:01,09-06-2026 10:01,Completed
Xyz7715226,Atlas,DC,09-06-2026 10:02,09-06-2026 10:03,Completed
Xyz7715263,Atlas,DC,09-06-2026 10:00,09-06-2026 10:01,Completed
Xyz7715280,Atlas,DC,09-06-2026 10:02,09-06-2026 10:03,Completed
Xyz7715442,Atlas,DC,09-06-2026 10:01,09-06-2026 10:02,Completed
Xyz7715505,Atlas,DC,09-06-2026 10:02,09-06-2026 10:03,Completed
Xyz7715718,Atlas,DC,09-06-2026 10:00,09-06-2026 10:01,Completed
Xyz7715762,Atlas,DC,09-06-2026 10:01,09-06-2026 10:01,Completed
Xyz7715904,Atlas,DC,09-06-2026 10:02,09-06-2026 10:03,Completed
Xyz7715952,Atlas,DC,09-06-2026 10:01,09-06-2026 10:01,Completed
Xyz7715958,Atlas,DC,09-06-2026 10:00,09-06-2026 10:03,Completed
Xyz7715984,Atlas,DC,09-06-2026 10:03,09-06-2026 10:03,Completed
Xyz7716027,Atlas,DC,09-06-2026 10:03,09-06-2026 10:04,Completed
Xyz7716127,Atlas,DC,09-06-2026 10:00,09-06-2026 10:11,Completed
Xyz7716131,Atlas,DC,09-06-2026 10:02,09-06-2026 10:03,Completed
Xyz7716142,Atlas,DC,09-06-2026 10:02,09-06-2026 10:03,Completed
Xyz7716312,Atlas,DC,09-06-2026 21:08,-NA-,Expired
Xyz7716331,Atlas,DC,09-06-2026 10:03,09-06-2026 10:17,Completed
Xyz7716346,Atlas,DC,09-06-2026 10:03,09-06-2026 10:08,Completed
Xyz7716447,Atlas,DC,09-06-2026 10:02,09-06-2026 10:04,Completed
Xyz7716458,Atlas,DC,09-06-2026 21:01,-NA-,Expired
Xyz7716544,Atlas,DC,09-06-2026 10:03,09-06-2026 10:08,Completed
Xyz7716609,Atlas,DC,09-06-2026 10:00,09-06-2026 10:01,Completed
Xyz7716613,Atlas,DC,09-06-2026 10:02,09-06-2026 10:03,Completed
Xyz7716717,Atlas,DC,09-06-2026 10:03,09-06-2026 10:03,Completed
Xyz7716876,Atlas,DC,09-06-2026 10:00,09-06-2026 10:01,Completed
Xyz7716972,Atlas,DC,09-06-2026 10:03,09-06-2026 10:04,Completed
Xyz7716997,Atlas,DC,09-06-2026 10:03,09-06-2026 10:03,Completed
Xyz7717009,Atlas,DC,09-06-2026 10:04,09-06-2026 11:09,Completed
Xyz7717018,Atlas,DC,09-06-2026 10:02,09-06-2026 10:03,Completed
Xyz7717027,Atlas,DC,09-06-2026 20:59,-NA-,Expired
Xyz7717028,Atlas,DC,09-06-2026 20:59,-NA-,Expired
Xyz7717029,Atlas,DC,09-06-2026 21:03,-NA-,Expired
Xyz7717030,Atlas,DC,09-06-2026 20:59,-NA-,Expired
Xyz7717051,Atlas,DC,09-06-2026 21:03,-NA-,Expired
Xyz7717057,Atlas,DC,09-06-2026 10:00,09-06-2026 10:05,Completed
Xyz7717111,Atlas,DC,09-06-2026 10:02,09-06-2026 10:03,Completed
Xyz7717120,Atlas,DC,09-06-2026 10:02,-NA-,Expired
Xyz7717132,Atlas,DC,09-06-2026 10:01,09-06-2026 10:01,Completed
Xyz7717134,Atlas,DC,09-06-2026 10:03,09-06-2026 10:04,Completed
Xyz7717142,Atlas,DC,09-06-2026 10:02,09-06-2026 10:02,Completed
Xyz7717166,Atlas,DC,09-06-2026 10:01,09-06-2026 10:02,Completed
Xyz7717182,Atlas,DC,09-06-2026 10:01,09-06-2026 10:02,Completed
Xyz7717201,Atlas,DC,09-06-2026 10:00,09-06-2026 10:18,Completed
Xyz7717211,Atlas,DC,09-06-2026 10:01,09-06-2026 10:04,Completed
Xyz7717214,Atlas,DC,09-06-2026 10:02,09-06-2026 10:06,Completed
Xyz7717229,Atlas,DC,09-06-2026 20:59,-NA-,Expired
Xyz7717246,Atlas,DC,09-06-2026 10:02,09-06-2026 10:03,Completed
Xyz7717256,Atlas,DC,09-06-2026 10:02,09-06-2026 10:03,Completed
Xyz7717291,Atlas,DC,09-06-2026 10:03,09-06-2026 10:04,Completed
Xyz7717339,Atlas,DC,09-06-2026 10:01,09-06-2026 10:01,Completed
Xyz7717341,Atlas,DC,09-06-2026 10:01,09-06-2026 10:02,Completed
Xyz7717350,Atlas,DC,09-06-2026 10:01,09-06-2026 10:01,Completed
Xyz7717353,Atlas,DC,09-06-2026 21:00,-NA-,Expired
Xyz7717355,Atlas,DC,09-06-2026 21:03,-NA-,Expired
Xyz7717356,Atlas,DC,09-06-2026 21:03,-NA-,Expired
Xyz7717357,Atlas,DC,09-06-2026 21:03,-NA-,Expired
Xyz7717363,Atlas,DC,09-06-2026 10:02,09-06-2026 11:14,Completed
Xyz7717364,Atlas,DC,09-06-2026 10:02,09-06-2026 10:03,Completed
Xyz7717375,Atlas,DC,09-06-2026 21:00,-NA-,Expired
Xyz7717376,Atlas,DC,09-06-2026 21:00,-NA-,Expired
Xyz7717408,Atlas,DC,09-06-2026 21:03,-NA-,Expired
Xyz7717417,Atlas,DC,09-06-2026 10:01,09-06-2026 10:02,Completed
Xyz7717420,Atlas,DC,09-06-2026 10:01,09-06-2026 10:02,Completed
Xyz7717421,Atlas,DC,09-06-2026 10:01,09-06-2026 10:02,Completed
Xyz7717453,Atlas,DC,09-06-2026 21:03,-NA-,Expired
Xyz7717456,Atlas,DC,09-06-2026 10:03,09-06-2026 11:21,Completed
Xyz7717473,Atlas,DC,09-06-2026 21:03,-NA-,Expired
Xyz7717474,Atlas,DC,09-06-2026 21:03,-NA-,Expired
Xyz7717478,Atlas,DC,09-06-2026 21:03,-NA-,Expired
Xyz7717482,Atlas,DC,09-06-2026 20:59,-NA-,Expired
Xyz7717487,Atlas,DC,09-06-2026 21:00,-NA-,Expired
Xyz7717492,Atlas,DC,09-06-2026 10:00,09-06-2026 10:01,Completed
Xyz7717532,Atlas,DC,09-06-2026 10:03,09-06-2026 10:04,Completed
Xyz7717603,Atlas,DC,09-06-2026 10:01,-NA-,Expired
Xyz7717606,Atlas,DC,09-06-2026 10:02,09-06-2026 12:50,Completed
Xyz7717611,Atlas,DC,09-06-2026 21:00,-NA-,Expired
Xyz7717612,Atlas,DC,09-06-2026 20:59,-NA-,Expired
Xyz7717633,Atlas,DC,09-06-2026 10:00,09-06-2026 10:01,Completed
Xyz7717640,Atlas,DC,09-06-2026 10:00,09-06-2026 10:31,Completed
Xyz7717642,Atlas,DC,09-06-2026 10:02,09-06-2026 10:03,Completed
Xyz7717649,Atlas,DC,09-06-2026 10:01,09-06-2026 10:02,Completed
Xyz7717679,Atlas,DC,09-06-2026 10:00,09-06-2026 10:02,Completed
Xyz7717686,Atlas,DC,09-06-2026 10:00,09-06-2026 10:01,Completed
Xyz7717695,Atlas,DC,09-06-2026 10:02,09-06-2026 10:02,Completed
Xyz7717732,Atlas,DC,09-06-2026 10:03,09-06-2026 10:03,Completed
Xyz7717756,Atlas,DC,09-06-2026 10:01,09-06-2026 10:25,Completed
Xyz7717759,Atlas,DC,09-06-2026 10:03,09-06-2026 10:03,Completed
Xyz7717763,Atlas,DC,09-06-2026 21:03,-NA-,Expired
Xyz7717782,Atlas,DC,09-06-2026 10:04,09-06-2026 10:05,Completed
Xyz7717784,Atlas,DC,09-06-2026 10:01,09-06-2026 10:02,Completed
Xyz7717795,Atlas,DC,09-06-2026 21:03,-NA-,Expired
Xyz7717826,Atlas,DC,09-06-2026 10:01,09-06-2026 10:02,Completed
Xyz7717830,Atlas,DC,09-06-2026 10:01,09-06-2026 10:01,Completed
Xyz7717831,Atlas,DC,09-06-2026 10:01,09-06-2026 10:44,Completed
Xyz7717840,Atlas,DC,09-06-2026 10:01,09-06-2026 10:04,Completed
Xyz7717851,Atlas,DC,09-06-2026 10:00,09-06-2026 10:01,Completed
Xyz7717871,Atlas,DC,09-06-2026 10:01,09-06-2026 10:03,Completed
Xyz7717873,Atlas,DC,09-06-2026 10:03,09-06-2026 10:09,Completed
Xyz7717874,Atlas,DC,09-06-2026 10:04,09-06-2026 10:06,Completed
Xyz7717893,Atlas,DC,09-06-2026 10:01,09-06-2026 10:01,Completed
Xyz7717943,Atlas,DC,09-06-2026 10:00,09-06-2026 10:01,Completed
Xyz7717946,Atlas,DC,09-06-2026 10:02,09-06-2026 10:02,Completed
Xyz7717996,Atlas,DC,09-06-2026 10:02,09-06-2026 10:02,Completed
Xyz7718012,Atlas,DC,09-06-2026 10:03,09-06-2026 10:04,Completed
Xyz7718031,Atlas,DC,09-06-2026 10:02,09-06-2026 10:06,Completed
Xyz7718055,Atlas,DC,09-06-2026 10:03,09-06-2026 10:03,Completed
Xyz7718057,Atlas,DC,09-06-2026 10:01,09-06-2026 10:01,Completed
Xyz7718083,Atlas,DC,09-06-2026 20:59,-NA-,Expired
Xyz7718086,Atlas,DC,09-06-2026 20:59,-NA-,Expired
Xyz7718096,Atlas,DC,09-06-2026 10:01,09-06-2026 10:01,Completed
Xyz7718171,Atlas,DC,09-06-2026 21:00,-NA-,Expired
Xyz7718173,Atlas,DC,09-06-2026 21:00,-NA-,Expired
Xyz7718176,Atlas,DC,09-06-2026 20:59,-NA-,Expired
Xyz7718190,Atlas,DC,09-06-2026 10:02,09-06-2026 10:03,Completed
Xyz7718197,Atlas,DC,09-06-2026 10:02,09-06-2026 10:43,Completed
Xyz7718218,Atlas,DC,09-06-2026 10:02,09-06-2026 10:03,Completed
Xyz7718237,Atlas,DC,09-06-2026 10:01,09-06-2026 10:02,Completed
Xyz7718254,Atlas,DC,09-06-2026 10:03,09-06-2026 10:03,Completed
Xyz7718312,Atlas,DC,09-06-2026 21:03,-NA-,Expired
Xyz7718313,Atlas,DC,09-06-2026 10:01,09-06-2026 10:02,Completed
Xyz7718321,Atlas,DC,09-06-2026 21:00,-NA-,Expired
Xyz7718326,Atlas,DC,09-06-2026 20:59,-NA-,Expired
Xyz7718331,Atlas,DC,09-06-2026 21:04,-NA-,Expired
Xyz7718356,Atlas,DC,09-06-2026 10:03,09-06-2026 10:04,Completed
Xyz7718380,Atlas,DC,09-06-2026 10:02,09-06-2026 10:06,Completed
Xyz7718385,Atlas,DC,09-06-2026 10:00,09-06-2026 10:01,Completed
Xyz7718409,Atlas,DC,09-06-2026 10:00,09-06-2026 10:01,Completed
Xyz7718476,Atlas,DC,09-06-2026 10:00,09-06-2026 10:01,Completed
Xyz7718484,Atlas,DC,09-06-2026 21:00,-NA-,Expired
Xyz7718488,Atlas,DC,09-06-2026 21:00,-NA-,Expired
Xyz7718515,Atlas,DC,09-06-2026 21:00,-NA-,Expired
Xyz7718519,Atlas,DC,09-06-2026 21:00,-NA-,Expired
Xyz7718537,Atlas,DC,09-06-2026 10:01,09-06-2026 10:01,Completed
Xyz7718558,Atlas,DC,09-06-2026 10:02,09-06-2026 10:03,Completed
Xyz7718561,Atlas,DC,09-06-2026 10:02,09-06-2026 10:02,Completed
Xyz7718602,Atlas,DC,09-06-2026 21:00,-NA-,Expired
Xyz7718603,Atlas,DC,09-06-2026 21:00,-NA-,Expired
Xyz7718632,Atlas,DC,09-06-2026 10:03,09-06-2026 10:17,Completed
Xyz7718669,Atlas,DC,09-06-2026 21:01,-NA-,Expired
Xyz7718679,Atlas,DC,09-06-2026 10:03,09-06-2026 10:03,Completed
Xyz7718713,Atlas,DC,09-06-2026 10:02,09-06-2026 10:03,Completed
Xyz7718715,Atlas,DC,09-06-2026 10:00,09-06-2026 10:01,Completed
Xyz7718736,Atlas,DC,09-06-2026 10:02,09-06-2026 10:03,Completed
Xyz7718738,Atlas,DC,09-06-2026 10:00,09-06-2026 10:01,Completed
Xyz7718753,Atlas,DC,09-06-2026 10:02,09-06-2026 10:06,Completed
Xyz7718802,Atlas,DC,09-06-2026 10:02,09-06-2026 10:03,Completed
Xyz7718829,Atlas,DC,09-06-2026 10:02,09-06-2026 10:03,Completed
Xyz7718832,Atlas,DC,09-06-2026 21:02,-NA-,Expired
Xyz7718886,Atlas,DC,09-06-2026 21:01,-NA-,Expired
Xyz7718899,Atlas,DC,09-06-2026 10:01,09-06-2026 10:02,Completed
Xyz7718911,Atlas,DC,09-06-2026 10:02,09-06-2026 10:06,Completed
Xyz7718915,Atlas,DC,09-06-2026 20:59,-NA-,Expired
Xyz7718962,Atlas,DC,09-06-2026 10:01,09-06-2026 10:02,Completed
Xyz7718963,Atlas,DC,09-06-2026 10:03,09-06-2026 10:04,Completed
Xyz7719002,Atlas,DC,09-06-2026 10:02,09-06-2026 10:03,Completed
Xyz7719054,Atlas,DC,09-06-2026 10:02,09-06-2026 10:02,Completed
Xyz7719085,Atlas,DC,09-06-2026 10:01,09-06-2026 10:06,Completed
Xyz7719115,Atlas,DC,09-06-2026 10:04,09-06-2026 10:06,Completed
Xyz7719156,Atlas,DC,09-06-2026 10:02,09-06-2026 10:02,Completed
Xyz7719172,Atlas,DC,09-06-2026 10:00,09-06-2026 10:01,Completed
Xyz7719184,Atlas,DC,09-06-2026 21:03,-NA-,Expired
Xyz7719205,Atlas,DC,09-06-2026 10:03,09-06-2026 10:04,Completed
Xyz7719235,Atlas,DC,09-06-2026 10:01,09-06-2026 10:01,Completed
Xyz7719265,Atlas,DC,09-06-2026 10:02,09-06-2026 10:04,Completed
Xyz7719301,Atlas,DC,09-06-2026 10:02,09-06-2026 10:04,Completed
Xyz7719335,Atlas,DC,09-06-2026 10:02,09-06-2026 10:02,Completed
Xyz7719351,Atlas,DC,09-06-2026 21:01,-NA-,Expired
Xyz7719378,Atlas,DC,09-06-2026 10:02,09-06-2026 10:03,Completed
Xyz7719385,Atlas,DC,09-06-2026 10:01,09-06-2026 10:02,Completed
Xyz7719401,Atlas,DC,09-06-2026 20:59,-NA-,Expired
Xyz7719405,Atlas,DC,09-06-2026 20:59,-NA-,Expired
Xyz7719406,Atlas,DC,09-06-2026 21:00,-NA-,Expired
Xyz7719408,Atlas,DC,09-06-2026 21:00,-NA-,Expired
Xyz7719410,Atlas,DC,09-06-2026 10:02,09-06-2026 10:02,Completed
Xyz7719460,Atlas,DC,09-06-2026 20:59,-NA-,Expired
Xyz7719482,Atlas,DC,09-06-2026 10:02,09-06-2026 10:03,Completed
Xyz7719483,Atlas,DC,09-06-2026 10:02,09-06-2026 10:02,Completed
Xyz7719541,Atlas,DC,09-06-2026 10:02,09-06-2026 12:22,Completed
Xyz7719573,Atlas,DC,09-06-2026 10:00,09-06-2026 10:01,Completed
Xyz7719583,Atlas,DC,09-06-2026 10:02,09-06-2026 16:56,Completed
Xyz7719600,Atlas,DC,09-06-2026 10:02,09-06-2026 10:03,Completed
Xyz7719615,Atlas,DC,09-06-2026 10:04,09-06-2026 10:07,Completed
Xyz7719654,Atlas,DC,09-06-2026 20:59,-NA-,Expired
Xyz7719684,Atlas,DC,09-06-2026 20:59,-NA-,Expired
Xyz7719688,Atlas,DC,09-06-2026 20:59,-NA-,Expired
Xyz7719763,Atlas,DC,09-06-2026 10:02,09-06-2026 10:05,Completed
Xyz7719833,Atlas,DC,09-06-2026 10:00,09-06-2026 10:01,Completed
Xyz7719834,Atlas,DC,09-06-2026 10:01,09-06-2026 10:02,Completed
Xyz7719838,Atlas,DC,09-06-2026 10:00,09-06-2026 10:01,Completed
Xyz7719906,Atlas,DC,09-06-2026 10:01,09-06-2026 10:01,Completed
Xyz7719911,Atlas,DC,09-06-2026 10:03,09-06-2026 10:03,Completed
Xyz7719951,Atlas,DC,09-06-2026 10:04,09-06-2026 10:06,Completed
Xyz7719979,Atlas,DC,09-06-2026 10:02,09-06-2026 10:05,Completed
Xyz7719993,Atlas,DC,09-06-2026 10:02,09-06-2026 10:03,Completed
Xyz7719997,Atlas,DC,09-06-2026 10:02,09-06-2026 10:02,Completed
Xyz7720038,Atlas,DC,09-06-2026 10:02,09-06-2026 10:03,Completed
Xyz7720118,Atlas,DC,09-06-2026 10:02,09-06-2026 10:03,Completed
Xyz7720152,Atlas,DC,09-06-2026 10:02,09-06-2026 10:03,Completed
Xyz7720160,Atlas,DC,09-06-2026 10:02,09-06-2026 10:03,Completed
Xyz7720170,Atlas,DC,09-06-2026 10:03,09-06-2026 10:03,Completed
Xyz7720240,Atlas,DC,09-06-2026 10:02,09-06-2026 10:05,Completed
Xyz7720302,Atlas,DC,09-06-2026 10:01,09-06-2026 10:02,Completed
Xyz7720304,Atlas,DC,09-06-2026 10:02,09-06-2026 10:03,Completed
Xyz7720369,Atlas,DC,09-06-2026 10:01,09-06-2026 10:02,Completed
Xyz7720373,Atlas,DC,09-06-2026 10:03,09-06-2026 10:35,Completed
Xyz7720374,Atlas,DC,09-06-2026 10:01,09-06-2026 10:01,Completed
Xyz7720414,Atlas,DC,09-06-2026 10:03,09-06-2026 10:04,Completed
Xyz7720472,Atlas,DC,09-06-2026 21:00,-NA-,Expired
Xyz7720502,Atlas,DC,09-06-2026 21:03,-NA-,Expired
Xyz7720503,Atlas,DC,09-06-2026 10:00,09-06-2026 10:13,Completed
Xyz7720530,Atlas,DC,09-06-2026 10:00,09-06-2026 10:03,Completed
Xyz7720531,Atlas,DC,09-06-2026 10:02,09-06-2026 10:03,Completed
Xyz7720561,Atlas,DC,09-06-2026 21:02,-NA-,Expired
Xyz7720593,Atlas,DC,09-06-2026 10:00,09-06-2026 10:01,Completed
Xyz7720666,Atlas,DC,09-06-2026 21:00,-NA-,Expired
Xyz7720726,Atlas,DC,09-06-2026 10:02,10-06-2026 09:01,Completed
Xyz7720734,Atlas,DC,09-06-2026 10:01,09-06-2026 10:01,Completed
Xyz7720771,Atlas,DC,09-06-2026 21:00,-NA-,Expired
Xyz7720774,Atlas,DC,09-06-2026 10:02,09-06-2026 10:02,Completed
Xyz7721013,Atlas,DC,09-06-2026 10:03,09-06-2026 10:08,Completed
Xyz7721183,Atlas,DC,09-06-2026 10:02,09-06-2026 10:02,Completed
Xyz7721222,Atlas,DC,09-06-2026 10:01,09-06-2026 10:01,Completed
Xyz7721320,Atlas,DC,09-06-2026 10:03,09-06-2026 10:04,Completed
Xyz7721500,Atlas,DC,09-06-2026 10:01,09-06-2026 10:01,Completed
Xyz7721548,Atlas,DC,09-06-2026 10:02,09-06-2026 10:03,Completed
Xyz7721550,Atlas,DC,09-06-2026 10:03,09-06-2026 10:03,Completed
Xyz7721551,Atlas,DC,09-06-2026 10:03,09-06-2026 10:12,Completed
Xyz7721585,Atlas,DC,09-06-2026 10:02,09-06-2026 10:03,Completed
Xyz7721586,Atlas,DC,09-06-2026 10:02,09-06-2026 10:03,Completed
Xyz7721694,Atlas,DC,09-06-2026 10:00,09-06-2026 10:04,Completed
Xyz7721714,Atlas,DC,09-06-2026 10:01,09-06-2026 10:02,Completed
Xyz7721811,Atlas,DC,09-06-2026 10:01,09-06-2026 10:51,Completed
Xyz7722032,Atlas,DC,09-06-2026 10:02,09-06-2026 10:03,Completed
Xyz7722363,Atlas,DC,09-06-2026 10:03,09-06-2026 10:04,Completed
Xyz7723018,Atlas,DC,09-06-2026 10:01,09-06-2026 10:02,Completed
Xyz7723750,Atlas,DC,09-06-2026 10:01,09-06-2026 11:23,Completed
Xyz7723980,Atlas,DC,09-06-2026 10:02,09-06-2026 10:14,Completed
Xyz7724025,Atlas,DC,09-06-2026 10:04,09-06-2026 10:05,Completed
Xyz7725001,Atlas,DC,09-06-2026 10:01,09-06-2026 10:02,Completed
Xyz7725004,Atlas,DC,09-06-2026 10:01,09-06-2026 10:02,Completed
Xyz7725016,Atlas,DC,09-06-2026 10:02,09-06-2026 11:24,Completed
Xyz7725018,Atlas,DC,09-06-2026 10:01,09-06-2026 10:02,Completed
Xyz7725034,Atlas,DC,09-06-2026 10:03,09-06-2026 10:04,Completed
Xyz7725082,Atlas,DC,09-06-2026 21:02,-NA-,Expired
Xyz7725083,Atlas,DC,09-06-2026 21:02,-NA-,Expired
Xyz7725118,Atlas,DC,09-06-2026 10:03,09-06-2026 10:04,Completed
Xyz7725119,Atlas,DC,09-06-2026 10:01,09-06-2026 11:20,Completed
Xyz7725120,Atlas,DC,09-06-2026 10:01,09-06-2026 10:06,Completed
Xyz7725153,Atlas,DC,09-06-2026 10:01,09-06-2026 10:05,Completed
Xyz7725235,Atlas,DC,09-06-2026 10:03,09-06-2026 10:04,Completed
Xyz7725474,Atlas,DC,09-06-2026 10:01,09-06-2026 10:02,Completed
Xyz7725477,Atlas,DC,09-06-2026 10:02,09-06-2026 10:03,Completed
Xyz7725833,Atlas,DC,09-06-2026 10:01,09-06-2026 10:08,Completed
Xyz7725890,Atlas,DC,09-06-2026 10:02,09-06-2026 10:03,Completed
Xyz7726019,Atlas,DC,09-06-2026 10:01,09-06-2026 10:02,Completed
Xyz7726024,Atlas,DC,09-06-2026 10:01,-NA-,Expired
Xyz7726281,Atlas,DC,09-06-2026 10:03,09-06-2026 10:04,Completed
Xyz7726313,Atlas,DC,09-06-2026 10:03,09-06-2026 11:24,Completed
Xyz7726319,Atlas,DC,09-06-2026 10:01,09-06-2026 11:24,Completed
Xyz7726340,Atlas,DC,09-06-2026 10:02,09-06-2026 10:04,Completed
Xyz7726342,Atlas,DC,09-06-2026 10:02,09-06-2026 10:03,Completed
Xyz7726412,Atlas,DC,09-06-2026 10:01,09-06-2026 10:05,Completed
Xyz7726472,Atlas,DC,09-06-2026 10:03,09-06-2026 10:04,Completed
Xyz7726678,Atlas,DC,09-06-2026 10:00,09-06-2026 10:03,Completed
Xyz7726726,Atlas,DC,09-06-2026 21:00,-NA-,Expired
Xyz7726780,Atlas,DC,09-06-2026 10:02,09-06-2026 10:41,Completed
Xyz7726801,Atlas,DC,09-06-2026 10:03,09-06-2026 11:47,Completed
Xyz7726883,Atlas,DC,09-06-2026 10:02,09-06-2026 10:03,Completed
Xyz7726889,Atlas,DC,09-06-2026 10:00,09-06-2026 10:01,Completed
Xyz7726968,Atlas,DC,09-06-2026 10:00,09-06-2026 10:01,Completed
Xyz7727179,Atlas,DC,09-06-2026 10:00,09-06-2026 10:01,Completed
Xyz7727247,Atlas,DC,09-06-2026 10:00,09-06-2026 13:06,Completed
Xyz7727251,Atlas,DC,09-06-2026 10:03,09-06-2026 10:04,Completed
Xyz7727258,Atlas,DC,09-06-2026 10:01,09-06-2026 10:02,Completed
Xyz7727310,Atlas,DC,09-06-2026 10:01,09-06-2026 10:01,Completed
Xyz7727313,Atlas,DC,09-06-2026 10:01,09-06-2026 10:02,Completed
Xyz7727319,Atlas,DC,09-06-2026 10:02,09-06-2026 10:03,Completed
Xyz7727322,Atlas,DC,09-06-2026 10:00,09-06-2026 10:03,Completed
Xyz7727325,Atlas,DC,09-06-2026 10:02,09-06-2026 10:03,Completed
Xyz7727354,Atlas,DC,09-06-2026 21:00,-NA-,Expired
Xyz7727374,Atlas,DC,09-06-2026 10:01,09-06-2026 10:02,Completed
Xyz7727386,Atlas,DC,09-06-2026 10:01,09-06-2026 10:02,Completed
Xyz7727390,Atlas,DC,09-06-2026 10:00,09-06-2026 10:01,Completed
Xyz7727421,Atlas,DC,09-06-2026 10:01,09-06-2026 10:01,Completed
Xyz7727444,Atlas,DC,09-06-2026 10:00,09-06-2026 10:01,Completed
Xyz7727465,Atlas,DC,09-06-2026 10:02,09-06-2026 10:03,Completed
Xyz7727470,Atlas,DC,09-06-2026 10:00,09-06-2026 10:02,Completed
Xyz7727487,Atlas,DC,09-06-2026 10:01,09-06-2026 10:02,Completed
Xyz7727510,Atlas,DC,09-06-2026 10:03,09-06-2026 10:03,Completed
Xyz7727518,Atlas,DC,09-06-2026 10:01,09-06-2026 10:01,Completed
Xyz7727536,Atlas,DC,09-06-2026 10:02,09-06-2026 10:03,Completed
Xyz7727587,Atlas,DC,09-06-2026 10:02,09-06-2026 10:03,Completed
Xyz7727591,Atlas,DC,09-06-2026 10:03,09-06-2026 10:04,Completed
Xyz7727639,Atlas,DC,09-06-2026 10:00,09-06-2026 10:01,Completed
Xyz7727657,Atlas,DC,09-06-2026 10:02,09-06-2026 10:03,Completed
Xyz7727671,Atlas,DC,09-06-2026 10:00,09-06-2026 10:01,Completed
Xyz7727688,Atlas,DC,09-06-2026 10:02,09-06-2026 10:03,Completed
Xyz7727732,Atlas,DC,09-06-2026 10:01,09-06-2026 10:02,Completed
Xyz7727760,Atlas,DC,09-06-2026 10:03,09-06-2026 10:03,Completed
Xyz7727761,Atlas,DC,09-06-2026 10:02,09-06-2026 10:03,Completed
Xyz7727763,Atlas,DC,09-06-2026 10:01,09-06-2026 10:02,Completed
Xyz7727812,Atlas,DC,09-06-2026 10:02,09-06-2026 10:03,Completed
Xyz7727945,Atlas,DC,09-06-2026 10:03,09-06-2026 10:03,Completed
Xyz7727948,Atlas,DC,09-06-2026 10:00,09-06-2026 10:02,Completed
Xyz7728005,Atlas,DC,09-06-2026 10:00,09-06-2026 10:01,Completed
Xyz7728086,Atlas,DC,09-06-2026 10:02,09-06-2026 10:03,Completed
Xyz7728164,Atlas,DC,09-06-2026 10:01,09-06-2026 10:01,Completed
Xyz7728360,Atlas,DC,09-06-2026 10:03,09-06-2026 10:04,Completed
Xyz7728383,Atlas,DC,09-06-2026 21:06,-NA-,Expired
Xyz7728529,Atlas,DC,09-06-2026 10:00,09-06-2026 10:02,Completed
Xyz7728578,Atlas,DC,09-06-2026 10:03,09-06-2026 10:17,Completed
Xyz7728580,Atlas,DC,09-06-2026 10:01,09-06-2026 10:02,Completed
Xyz7728640,Atlas,DC,09-06-2026 10:03,09-06-2026 10:03,Completed
Xyz7728681,Atlas,DC,09-06-2026 10:01,09-06-2026 10:11,Completed
Xyz7728689,Atlas,DC,09-06-2026 10:02,09-06-2026 10:04,Completed
Xyz7728694,Atlas,DC,09-06-2026 10:01,09-06-2026 10:02,Completed
Xyz7728696,Atlas,DC,09-06-2026 10:02,09-06-2026 10:03,Completed
Xyz7728782,Atlas,DC,09-06-2026 10:02,09-06-2026 10:03,Completed
Xyz7729267,Atlas,DC,09-06-2026 10:01,09-06-2026 10:09,Completed
Xyz7729795,Atlas,DC,09-06-2026 14:08,09-06-2026 14:15,Completed
Xyz7729980,Atlas,DC,09-06-2026 10:02,09-06-2026 10:03,Completed
Xyz7730030,Atlas,DC,09-06-2026 10:00,09-06-2026 10:01,Completed
Xyz7730045,Atlas,DC,09-06-2026 10:00,09-06-2026 10:02,Completed
Xyz7730048,Atlas,DC,09-06-2026 10:02,09-06-2026 10:03,Completed
Xyz7730061,Atlas,DC,09-06-2026 10:00,09-06-2026 10:01,Completed
Xyz7730129,Atlas,DC,09-06-2026 10:02,09-06-2026 10:19,Completed
Xyz7730175,Atlas,DC,09-06-2026 10:00,09-06-2026 10:38,Completed
Xyz7730176,Atlas,DC,09-06-2026 10:00,09-06-2026 12:40,Completed
Xyz7730177,Atlas,DC,09-06-2026 10:02,09-06-2026 10:03,Completed
Xyz7730182,Atlas,DC,09-06-2026 10:02,-NA-,Expired
Xyz7730184,Atlas,DC,09-06-2026 10:01,09-06-2026 10:02,Completed
Xyz7730283,Atlas,DC,09-06-2026 10:00,09-06-2026 10:01,Completed
Xyz7730285,Atlas,DC,09-06-2026 10:03,09-06-2026 10:04,Completed
Xyz7730286,Atlas,DC,09-06-2026 10:02,09-06-2026 10:03,Completed
Xyz7730305,Atlas,DC,09-06-2026 10:01,09-06-2026 10:01,Completed
Xyz7730321,Atlas,DC,09-06-2026 10:02,09-06-2026 10:03,Completed
Xyz7730327,Atlas,DC,09-06-2026 10:00,09-06-2026 10:01,Completed
Xyz7730345,Atlas,DC,09-06-2026 10:00,09-06-2026 10:01,Completed
Xyz7730367,Atlas,DC,09-06-2026 10:00,09-06-2026 10:01,Completed
Xyz7730404,Atlas,DC,09-06-2026 14:05,09-06-2026 14:12,Completed
Xyz7730426,Atlas,DC,09-06-2026 10:02,09-06-2026 10:03,Completed
Xyz7730521,Atlas,DC,09-06-2026 10:02,09-06-2026 10:03,Completed
Xyz7730530,Atlas,DC,09-06-2026 10:00,09-06-2026 10:01,Completed
Xyz7730628,Atlas,DC,09-06-2026 10:01,09-06-2026 10:01,Completed
Xyz7730631,Atlas,DC,09-06-2026 10:02,09-06-2026 10:03,Completed
Xyz7730632,Atlas,DC,09-06-2026 10:03,09-06-2026 10:04,Completed
Xyz7730829,Atlas,DC,09-06-2026 21:01,-NA-,Expired
Xyz7730849,Atlas,DC,09-06-2026 10:01,09-06-2026 10:01,Completed
Xyz7730857,Atlas,DC,09-06-2026 10:02,09-06-2026 10:03,Completed
Xyz7730860,Atlas,DC,09-06-2026 10:02,09-06-2026 10:03,Completed
Xyz7730892,Atlas,DC,09-06-2026 10:00,09-06-2026 10:01,Completed
Xyz7730924,Atlas,DC,09-06-2026 10:01,09-06-2026 10:01,Completed
Xyz7730936,Atlas,DC,09-06-2026 10:00,09-06-2026 10:02,Completed
Xyz7730956,Atlas,DC,09-06-2026 21:06,-NA-,Expired
Xyz7731072,Atlas,DC,09-06-2026 10:03,09-06-2026 11:47,Completed
Xyz7731092,Atlas,DC,09-06-2026 10:02,09-06-2026 10:03,Completed
Xyz7731166,Atlas,DC,09-06-2026 10:02,09-06-2026 10:03,Completed
Xyz7731221,Atlas,DC,09-06-2026 10:01,09-06-2026 10:01,Completed
Xyz7731448,Atlas,DC,09-06-2026 10:01,09-06-2026 10:01,Completed
Xyz7731555,Atlas,DC,09-06-2026 10:03,09-06-2026 10:04,Completed
Xyz7731556,Atlas,DC,09-06-2026 10:02,09-06-2026 10:03,Completed
Xyz7731625,Atlas,DC,09-06-2026 10:00,09-06-2026 10:01,Completed
Xyz7731630,Atlas,DC,09-06-2026 10:00,09-06-2026 10:01,Completed
Xyz7731644,Atlas,DC,09-06-2026 21:00,-NA-,Expired
Xyz7731666,Atlas,DC,09-06-2026 10:01,09-06-2026 10:02,Completed
Xyz7731678,Atlas,DC,09-06-2026 10:02,09-06-2026 10:07,Completed
Xyz7731746,Atlas,DC,09-06-2026 10:00,09-06-2026 10:40,Completed
Xyz7731748,Atlas,DC,09-06-2026 10:02,09-06-2026 10:03,Completed
Xyz7731775,Atlas,DC,09-06-2026 10:02,09-06-2026 10:03,Completed
Xyz7731779,Atlas,DC,09-06-2026 10:02,09-06-2026 10:03,Completed
Xyz7731795,Atlas,DC,09-06-2026 10:00,09-06-2026 10:01,Completed
Xyz7731849,Atlas,DC,09-06-2026 10:00,09-06-2026 13:34,Completed
Xyz7731854,Atlas,DC,09-06-2026 10:00,09-06-2026 10:04,Completed
Xyz7731864,Atlas,DC,09-06-2026 10:03,09-06-2026 10:04,Completed
Xyz7731918,Atlas,DC,09-06-2026 10:00,09-06-2026 10:01,Completed
Xyz7731919,Atlas,DC,09-06-2026 10:00,09-06-2026 10:01,Completed
Xyz7731922,Atlas,DC,09-06-2026 10:03,09-06-2026 10:04,Completed
Xyz7731931,Atlas,DC,09-06-2026 10:00,09-06-2026 10:01,Completed
Xyz7731936,Atlas,DC,09-06-2026 10:02,09-06-2026 10:45,Completed
Xyz7731947,Atlas,DC,09-06-2026 21:01,-NA-,Expired
Xyz7731972,Atlas,DC,09-06-2026 10:02,09-06-2026 10:03,Completed
Xyz7732001,Atlas,DC,09-06-2026 10:02,09-06-2026 10:03,Completed
Xyz7732023,Atlas,DC,09-06-2026 10:03,09-06-2026 11:03,Completed
Xyz7732049,Atlas,DC,09-06-2026 10:03,09-06-2026 10:04,Completed
Xyz7732061,Atlas,DC,09-06-2026 10:00,09-06-2026 10:01,Completed
Xyz7732076,Atlas,DC,09-06-2026 10:02,09-06-2026 10:03,Completed
Xyz7732114,Atlas,DC,09-06-2026 10:02,09-06-2026 10:03,Completed
Xyz7732124,Atlas,DC,09-06-2026 10:00,09-06-2026 10:01,Completed
Xyz7732213,Atlas,DC,09-06-2026 10:00,09-06-2026 10:01,Completed
Xyz7732254,Atlas,DC,09-06-2026 10:03,09-06-2026 10:05,Completed
Xyz7732279,Atlas,DC,09-06-2026 10:00,09-06-2026 10:03,Completed
Xyz7732330,Atlas,DC,09-06-2026 10:03,09-06-2026 10:04,Completed
Xyz7732353,Atlas,DC,09-06-2026 10:00,09-06-2026 10:45,Completed
Xyz7732370,Atlas,DC,09-06-2026 10:03,09-06-2026 10:04,Completed
Xyz7732386,Atlas,DC,09-06-2026 10:01,09-06-2026 10:02,Completed
Xyz7732460,Atlas,DC,09-06-2026 10:00,09-06-2026 10:03,Completed
Xyz7732501,Atlas,DC,09-06-2026 10:02,09-06-2026 10:03,Completed
Xyz7732542,Atlas,DC,09-06-2026 10:00,09-06-2026 10:01,Completed
Xyz7732549,Atlas,DC,09-06-2026 10:01,09-06-2026 10:02,Completed
Xyz7732558,Atlas,DC,09-06-2026 10:03,09-06-2026 10:07,Completed
Xyz7732564,Atlas,DC,09-06-2026 10:01,09-06-2026 12:40,Completed
Xyz7732578,Atlas,DC,09-06-2026 10:03,09-06-2026 10:03,Completed
Xyz7732596,Atlas,DC,09-06-2026 10:01,09-06-2026 10:02,Completed
Xyz7732645,Atlas,DC,09-06-2026 10:02,09-06-2026 10:05,Completed
Xyz7732647,Atlas,DC,09-06-2026 10:01,09-06-2026 10:02,Completed
Xyz7732649,Atlas,DC,09-06-2026 10:02,09-06-2026 10:03,Completed
Xyz7732692,Atlas,DC,09-06-2026 10:02,09-06-2026 10:02,Completed
Xyz7732709,Atlas,DC,09-06-2026 10:03,09-06-2026 10:04,Completed
Xyz7732728,Atlas,DC,09-06-2026 10:02,09-06-2026 10:03,Completed
Xyz7732733,Atlas,DC,09-06-2026 10:02,09-06-2026 10:03,Completed
Xyz7732793,Atlas,DC,09-06-2026 10:00,09-06-2026 10:03,Completed
Xyz7732869,Atlas,DC,09-06-2026 10:00,09-06-2026 10:01,Completed
Xyz7732923,Atlas,DC,09-06-2026 10:00,09-06-2026 10:03,Completed
Xyz7732925,Atlas,DC,09-06-2026 10:02,09-06-2026 10:03,Completed
Xyz7732955,Atlas,DC,09-06-2026 10:01,09-06-2026 10:01,Completed
Xyz7732972,Atlas,DC,09-06-2026 10:00,09-06-2026 10:01,Completed
Xyz7733041,Atlas,DC,09-06-2026 10:03,09-06-2026 10:03,Completed
Xyz7733056,Atlas,DC,09-06-2026 10:03,09-06-2026 10:04,Completed
Xyz7733121,Atlas,DC,09-06-2026 10:03,09-06-2026 10:04,Completed
Xyz7733148,Atlas,DC,09-06-2026 10:03,09-06-2026 10:04,Completed
Xyz7733171,Atlas,DC,09-06-2026 21:01,-NA-,Expired
Xyz7733173,Atlas,DC,09-06-2026 10:02,09-06-2026 10:02,Completed
Xyz7733193,Atlas,DC,09-06-2026 10:02,09-06-2026 10:03,Completed
Xyz7733227,Atlas,DC,09-06-2026 10:00,09-06-2026 10:01,Completed
Xyz7733241,Atlas,DC,09-06-2026 10:00,09-06-2026 10:01,Completed
Xyz7733245,Atlas,DC,09-06-2026 10:00,09-06-2026 10:01,Completed
Xyz7733257,Atlas,DC,09-06-2026 10:01,09-06-2026 10:02,Completed
Xyz7733291,Atlas,DC,09-06-2026 10:03,09-06-2026 10:04,Completed
Xyz7733305,Atlas,DC,09-06-2026 10:02,09-06-2026 10:03,Completed
Xyz7733336,Atlas,DC,09-06-2026 10:00,09-06-2026 10:01,Completed
Xyz7733352,Atlas,DC,09-06-2026 10:03,09-06-2026 10:03,Completed
Xyz7733356,Atlas,DC,09-06-2026 10:01,09-06-2026 10:01,Completed
Xyz7733407,Atlas,DC,09-06-2026 10:02,09-06-2026 10:03,Completed
Xyz7733462,Atlas,DC,09-06-2026 10:02,09-06-2026 10:05,Completed
Xyz7733478,Atlas,DC,09-06-2026 10:01,09-06-2026 10:01,Completed
Xyz7733479,Atlas,DC,09-06-2026 10:02,09-06-2026 10:03,Completed
Xyz7733597,Atlas,DC,09-06-2026 10:00,09-06-2026 10:01,Completed
Xyz7733600,Atlas,DC,09-06-2026 10:03,09-06-2026 10:03,Completed
Xyz7733638,Atlas,DC,09-06-2026 10:03,09-06-2026 10:03,Completed
Xyz7733680,Atlas,DC,09-06-2026 10:03,09-06-2026 10:04,Completed
Xyz7733771,Atlas,DC,09-06-2026 10:01,09-06-2026 10:01,Completed
Xyz7733935,Atlas,DC,09-06-2026 10:03,09-06-2026 10:03,Completed
Xyz7733965,Atlas,DC,09-06-2026 10:03,09-06-2026 10:06,Completed
Xyz7734006,Atlas,DC,09-06-2026 10:00,09-06-2026 10:01,Completed
Xyz7734047,Atlas,DC,09-06-2026 10:02,09-06-2026 10:03,Completed
Xyz7734133,Atlas,DC,09-06-2026 10:03,09-06-2026 10:05,Completed
Xyz7734139,Atlas,DC,09-06-2026 10:00,09-06-2026 10:01,Completed
Xyz7734222,Atlas,DC,09-06-2026 10:02,09-06-2026 10:03,Completed
Xyz7734310,Atlas,DC,09-06-2026 10:01,09-06-2026 10:01,Completed
Xyz7734312,Atlas,DC,09-06-2026 10:03,09-06-2026 10:14,Completed
Xyz7734328,Atlas,DC,09-06-2026 10:00,09-06-2026 10:03,Completed
Xyz7734345,Atlas,DC,09-06-2026 10:02,09-06-2026 10:03,Completed
Xyz7734348,Atlas,DC,09-06-2026 10:00,09-06-2026 10:01,Completed
Xyz7734356,Atlas,DC,09-06-2026 10:00,09-06-2026 10:03,Completed
Xyz7734422,Atlas,DC,09-06-2026 10:02,09-06-2026 10:03,Completed
Xyz7734457,Atlas,DC,09-06-2026 10:00,09-06-2026 10:01,Completed
Xyz7734512,Atlas,DC,09-06-2026 10:01,09-06-2026 10:01,Completed
Xyz7734681,Atlas,DC,09-06-2026 10:02,09-06-2026 10:03,Completed
Xyz7734683,Atlas,DC,09-06-2026 10:01,09-06-2026 10:06,Completed
Xyz7734687,Atlas,DC,09-06-2026 10:01,09-06-2026 10:04,Completed
Xyz7734788,Atlas,DC,09-06-2026 10:03,09-06-2026 10:11,Completed
Xyz7735091,Atlas,DC,09-06-2026 10:00,09-06-2026 10:01,Completed
Xyz7735095,Atlas,DC,09-06-2026 10:02,09-06-2026 10:03,Completed
Xyz7735800,Atlas,DC,09-06-2026 10:01,09-06-2026 10:10,Completed
Xyz7735805,Atlas,DC,09-06-2026 10:00,09-06-2026 10:11,Completed
Xyz7735808,Atlas,DC,09-06-2026 10:03,-NA-,Expired
Xyz7737684,Atlas,DC,09-06-2026 10:01,09-06-2026 12:19,Completed
Xyz7737695,Atlas,DC,09-06-2026 10:02,09-06-2026 13:21,Completed
Xyz7737761,Atlas,DC,09-06-2026 10:00,09-06-2026 10:02,Completed
Xyz7737765,Atlas,DC,09-06-2026 20:59,-NA-,Expired
Xyz7737767,Atlas,DC,09-06-2026 20:59,-NA-,Expired
Xyz7737829,Atlas,DC,09-06-2026 10:03,09-06-2026 10:10,Completed
Xyz7737858,Atlas,DC,09-06-2026 10:03,09-06-2026 10:03,Completed
Xyz7737859,Atlas,DC,09-06-2026 10:03,09-06-2026 10:03,Completed
Xyz7737866,Atlas,DC,09-06-2026 10:02,09-06-2026 10:03,Completed
Xyz7737879,Atlas,DC,09-06-2026 10:01,09-06-2026 10:01,Completed
Xyz7737919,Atlas,DC,09-06-2026 10:02,09-06-2026 10:03,Completed
Xyz7738006,Atlas,DC,09-06-2026 10:00,09-06-2026 10:01,Completed
Xyz7738100,Atlas,DC,09-06-2026 10:02,09-06-2026 10:03,Completed
Xyz7738135,Atlas,DC,09-06-2026 21:04,-NA-,Expired
Xyz7738156,Atlas,DC,09-06-2026 10:01,09-06-2026 10:02,Completed
Xyz7738181,Atlas,DC,09-06-2026 21:01,-NA-,Expired
Xyz7738210,Atlas,DC,09-06-2026 21:00,-NA-,Expired
Xyz7738212,Atlas,DC,09-06-2026 21:00,-NA-,Expired
Xyz7738220,Atlas,DC,09-06-2026 10:00,09-06-2026 10:03,Completed
Xyz7738238,Atlas,DC,09-06-2026 10:01,09-06-2026 10:02,Completed
Xyz7738338,Atlas,DC,09-06-2026 10:03,09-06-2026 10:10,Completed
Xyz7738344,Atlas,DC,09-06-2026 10:03,09-06-2026 10:04,Completed
Xyz7738352,Atlas,DC,09-06-2026 10:01,09-06-2026 10:02,Completed
Xyz7738353,Atlas,DC,09-06-2026 10:02,09-06-2026 10:02,Completed
Xyz7738358,Atlas,DC,09-06-2026 10:00,09-06-2026 10:01,Completed
Xyz7738400,Atlas,DC,09-06-2026 10:02,09-06-2026 10:03,Completed
Xyz7738607,Atlas,DC,09-06-2026 10:02,09-06-2026 10:02,Completed
Xyz7738840,Atlas,DC,09-06-2026 10:03,09-06-2026 11:11,Completed
Xyz7738885,Atlas,DC,09-06-2026 10:02,09-06-2026 10:02,Completed
Xyz7739205,Atlas,DC,09-06-2026 10:03,09-06-2026 10:03,Completed
Xyz7739273,Atlas,DC,09-06-2026 10:00,09-06-2026 10:01,Completed
Xyz7740033,Atlas,DC,09-06-2026 10:01,09-06-2026 10:06,Completed
Xyz7740034,Atlas,DC,09-06-2026 10:01,09-06-2026 10:02,Completed
Xyz7740861,Atlas,DC,09-06-2026 10:03,09-06-2026 10:04,Completed
Xyz7742264,Atlas,DC,09-06-2026 10:02,09-06-2026 10:02,Completed
Xyz7743083,Atlas,DC,09-06-2026 21:03,-NA-,Expired
Xyz7889677,Atlas,DC,09-06-2026 10:04,09-06-2026 10:05,Completed
Xyz7889712,Atlas,DC,09-06-2026 10:04,09-06-2026 10:04,Completed
Xyz7889765,Atlas,DC,09-06-2026 10:04,09-06-2026 10:05,Completed
Xyz7889903,Atlas,DC,09-06-2026 10:00,09-06-2026 10:01,Completed
Xyz7889957,Atlas,DC,09-06-2026 10:01,09-06-2026 10:01,Completed
Xyz7889974,Atlas,DC,09-06-2026 10:01,09-06-2026 10:01,Completed
Xyz7890010,Atlas,DC,09-06-2026 10:04,09-06-2026 10:11,Completed
Xyz7890075,Atlas,DC,09-06-2026 10:01,09-06-2026 10:02,Completed
Xyz7890275,Atlas,DC,09-06-2026 10:04,09-06-2026 10:04,Completed
Xyz7890294,Atlas,DC,09-06-2026 10:03,-NA-,Expired
Xyz7890315,Atlas,DC,09-06-2026 10:00,-NA-,Expired
Xyz7890557,Atlas,DC,09-06-2026 10:00,09-06-2026 11:01,Completed
Xyz7890574,Atlas,DC,09-06-2026 10:04,09-06-2026 10:05,Completed
Xyz7890588,Atlas,DC,09-06-2026 10:04,09-06-2026 10:07,Completed
Xyz7890656,Atlas,DC,09-06-2026 10:04,09-06-2026 10:04,Completed
Xyz7890686,Atlas,DC,09-06-2026 10:04,09-06-2026 10:05,Completed
Xyz7890720,Atlas,DC,09-06-2026 10:03,09-06-2026 10:04,Completed
Xyz7890814,Atlas,DC,09-06-2026 10:04,09-06-2026 10:20,Completed
Xyz7890848,Atlas,DC,09-06-2026 10:04,09-06-2026 10:10,Completed
Xyz7890874,Atlas,DC,09-06-2026 10:00,09-06-2026 10:01,Completed
Xyz7891038,Atlas,DC,09-06-2026 10:01,09-06-2026 10:15,Completed
Xyz7891074,Atlas,DC,09-06-2026 10:04,09-06-2026 10:05,Completed
Xyz7891211,Atlas,DC,09-06-2026 10:04,09-06-2026 10:05,Completed
Xyz7891212,Atlas,DC,09-06-2026 10:04,09-06-2026 10:05,Completed
Xyz7891299,Atlas,DC,09-06-2026 10:02,09-06-2026 10:03,Completed
Xyz7891370,Atlas,DC,09-06-2026 10:00,09-06-2026 10:01,Completed
Xyz7891428,Atlas,DC,09-06-2026 10:04,09-06-2026 10:05,Completed
Xyz7891598,Atlas,DC,09-06-2026 10:01,09-06-2026 10:01,Completed
Xyz7891694,Atlas,DC,09-06-2026 10:03,09-06-2026 11:45,Completed
Xyz7891764,Atlas,DC,09-06-2026 10:01,09-06-2026 10:02,Completed
Xyz7891800,Atlas,DC,09-06-2026 10:01,09-06-2026 15:26,Completed
Xyz7891859,Atlas,DC,09-06-2026 10:04,-NA-,Expired
Xyz7891875,Atlas,DC,09-06-2026 10:00,09-06-2026 10:01,Completed
Xyz7891917,Atlas,DC,09-06-2026 10:01,09-06-2026 10:02,Completed
Xyz7891919,Atlas,DC,09-06-2026 10:01,09-06-2026 10:01,Completed
Xyz7891983,Atlas,DC,09-06-2026 10:03,09-06-2026 10:04,Completed
Xyz7892017,Atlas,DC,09-06-2026 10:04,09-06-2026 10:36,Completed
Xyz7892081,Atlas,DC,09-06-2026 10:03,-NA-,Expired
Xyz7892212,Atlas,DC,09-06-2026 10:01,09-06-2026 10:01,Completed
Xyz7892343,Atlas,DC,09-06-2026 10:04,09-06-2026 10:04,Completed
Xyz7892398,Atlas,DC,09-06-2026 10:04,09-06-2026 10:14,Completed
Xyz7892432,Atlas,DC,09-06-2026 10:04,09-06-2026 10:14,Completed
Xyz7892509,Atlas,DC,09-06-2026 10:03,09-06-2026 10:04,Completed
Xyz7892608,Atlas,DC,09-06-2026 10:03,09-06-2026 10:04,Completed
Xyz7892658,Atlas,DC,09-06-2026 10:04,09-06-2026 10:04,Completed
Xyz7892696,Atlas,DC,09-06-2026 10:02,09-06-2026 10:03,Completed
Xyz7892736,Atlas,DC,09-06-2026 10:04,09-06-2026 10:05,Completed
Xyz7892848,Atlas,DC,09-06-2026 10:03,09-06-2026 10:03,Completed
Xyz7892990,Atlas,DC,09-06-2026 10:03,09-06-2026 10:03,Completed
Xyz7893020,Atlas,DC,09-06-2026 10:00,09-06-2026 10:01,Completed
Xyz7893074,Atlas,DC,09-06-2026 10:04,09-06-2026 10:14,Completed
Xyz7893130,Atlas,DC,09-06-2026 10:04,09-06-2026 11:43,Completed
Xyz7893177,Atlas,DC,09-06-2026 10:01,09-06-2026 10:04,Completed
Xyz7893205,Atlas,DC,09-06-2026 10:04,09-06-2026 10:15,Completed
Xyz7893285,Atlas,DC,09-06-2026 10:04,09-06-2026 10:05,Completed
Xyz7893387,Atlas,DC,09-06-2026 10:04,09-06-2026 10:08,Completed
Xyz7893463,Atlas,DC,09-06-2026 10:01,09-06-2026 10:02,Completed
Xyz7893594,Atlas,DC,09-06-2026 10:04,09-06-2026 10:07,Completed
Xyz7893626,Atlas,DC,09-06-2026 10:04,09-06-2026 10:04,Completed
Xyz7893653,Atlas,DC,09-06-2026 10:01,09-06-2026 10:02,Completed
Xyz7893686,Atlas,DC,09-06-2026 10:00,09-06-2026 10:01,Completed
Xyz7894046,Atlas,DC,09-06-2026 10:04,09-06-2026 10:04,Completed
Xyz7894086,Atlas,DC,09-06-2026 10:03,09-06-2026 10:13,Completed
Xyz7894123,Atlas,DC,09-06-2026 10:02,09-06-2026 10:02,Completed
Xyz7894143,Atlas,DC,09-06-2026 10:01,09-06-2026 10:02,Completed
Xyz7894385,Atlas,DC,09-06-2026 10:00,-NA-,Expired
Xyz7894453,Atlas,DC,09-06-2026 10:04,09-06-2026 10:05,Completed
Xyz7894620,Atlas,DC,09-06-2026 10:01,09-06-2026 10:07,Completed
Xyz7894650,Atlas,DC,09-06-2026 10:01,09-06-2026 10:01,Completed
Xyz7894722,Atlas,DC,09-06-2026 10:00,09-06-2026 10:01,Completed
Xyz7894787,Atlas,DC,09-06-2026 10:03,09-06-2026 10:08,Completed
Xyz7894828,Atlas,DC,09-06-2026 10:01,09-06-2026 10:15,Completed
Xyz7894848,Atlas,DC,09-06-2026 10:01,09-06-2026 10:02,Completed
Xyz7894873,Atlas,DC,09-06-2026 10:01,09-06-2026 10:16,Completed
Xyz7894897,Atlas,DC,09-06-2026 10:03,09-06-2026 10:03,Completed
Xyz7894927,Atlas,DC,09-06-2026 10:03,09-06-2026 10:14,Completed
Xyz7894987,Atlas,DC,09-06-2026 10:03,09-06-2026 10:03,Completed
Xyz7895009,Atlas,DC,09-06-2026 10:01,09-06-2026 10:02,Completed
Xyz7895242,Atlas,DC,09-06-2026 10:04,09-06-2026 10:12,Completed
Xyz7895343,Atlas,DC,09-06-2026 10:03,09-06-2026 10:04,Completed
Xyz7895469,Atlas,DC,09-06-2026 10:01,09-06-2026 10:02,Completed
Xyz7895569,Atlas,DC,09-06-2026 10:04,09-06-2026 10:05,Completed
Xyz7895616,Atlas,DC,09-06-2026 10:04,09-06-2026 10:13,Completed
Xyz7895658,Atlas,DC,09-06-2026 10:02,09-06-2026 10:03,Completed
Xyz7895680,Atlas,DC,09-06-2026 10:04,09-06-2026 10:04,Completed
Xyz7896007,Atlas,DC,09-06-2026 10:01,09-06-2026 10:04,Completed
Xyz7896149,Atlas,DC,09-06-2026 10:01,09-06-2026 10:02,Completed
Xyz7896197,Atlas,DC,09-06-2026 10:02,09-06-2026 10:03,Completed
Xyz7896284,Atlas,DC,09-06-2026 10:04,09-06-2026 10:05,Completed
Xyz7896347,Atlas,DC,09-06-2026 10:02,09-06-2026 10:03,Completed
Xyz7896373,Atlas,DC,09-06-2026 10:00,09-06-2026 10:01,Completed
Xyz7896430,Atlas,DC,09-06-2026 10:00,09-06-2026 10:01,Completed
Xyz7896454,Atlas,DC,09-06-2026 10:01,09-06-2026 10:04,Completed
Xyz7896514,Atlas,DC,09-06-2026 10:01,09-06-2026 10:01,Completed
Xyz7896528,Atlas,DC,09-06-2026 10:02,09-06-2026 10:18,Completed
Xyz7896622,Atlas,DC,09-06-2026 10:01,09-06-2026 10:03,Completed
Xyz7896946,Atlas,DC,09-06-2026 10:00,09-06-2026 10:01,Completed
Xyz7896951,Atlas,DC,09-06-2026 10:04,09-06-2026 10:05,Completed
Xyz7897025,Atlas,DC,09-06-2026 10:03,09-06-2026 10:04,Completed
Xyz7897036,Atlas,DC,09-06-2026 10:04,09-06-2026 10:05,Completed
Xyz7897188,Atlas,DC,09-06-2026 10:04,09-06-2026 10:05,Completed
Xyz7897323,Atlas,DC,09-06-2026 10:00,09-06-2026 10:01,Completed
Xyz7897473,Atlas,DC,09-06-2026 10:01,09-06-2026 10:02,Completed
Xyz7897591,Atlas,DC,09-06-2026 10:03,09-06-2026 10:04,Completed
Xyz7897686,Atlas,DC,09-06-2026 10:04,09-06-2026 10:04,Completed
Xyz7897690,Atlas,DC,09-06-2026 10:03,09-06-2026 10:04,Completed
Xyz7897813,Atlas,DC,09-06-2026 10:04,09-06-2026 10:13,Completed
Xyz7897834,Atlas,DC,09-06-2026 10:04,09-06-2026 10:05,Completed
Xyz7897838,Atlas,DC,09-06-2026 10:04,09-06-2026 10:12,Completed
Xyz7897853,Atlas,DC,09-06-2026 10:01,09-06-2026 10:14,Completed
Xyz7897875,Atlas,DC,09-06-2026 10:04,09-06-2026 10:16,Completed
Xyz7897956,Atlas,DC,09-06-2026 10:04,09-06-2026 10:12,Completed
Xyz7898024,Atlas,DC,09-06-2026 10:04,09-06-2026 10:13,Completed
Xyz7898147,Atlas,DC,09-06-2026 10:03,09-06-2026 11:02,Completed
Xyz7898198,Atlas,DC,09-06-2026 10:01,09-06-2026 10:44,Completed
Xyz7898218,Atlas,DC,09-06-2026 10:01,09-06-2026 10:01,Completed
Xyz7898299,Atlas,DC,09-06-2026 10:01,09-06-2026 10:58,Completed
Xyz7898306,Atlas,DC,09-06-2026 10:01,09-06-2026 12:32,Completed
Xyz7898328,Atlas,DC,09-06-2026 10:01,09-06-2026 10:02,Completed
Xyz7898386,Atlas,DC,09-06-2026 10:04,09-06-2026 10:05,Completed
Xyz7898426,Atlas,DC,09-06-2026 10:03,09-06-2026 11:56,Completed
Xyz7898560,Atlas,DC,09-06-2026 10:04,09-06-2026 12:43,Completed
Xyz7898851,Atlas,DC,09-06-2026 10:01,09-06-2026 10:02,Completed
Xyz7898856,Atlas,DC,09-06-2026 10:00,09-06-2026 11:56,Completed
Xyz7898896,Atlas,DC,09-06-2026 10:01,09-06-2026 10:01,Completed
Xyz7898942,Atlas,DC,09-06-2026 10:00,09-06-2026 12:39,Completed
Xyz7899068,Atlas,DC,09-06-2026 10:04,09-06-2026 10:44,Completed
Xyz7899071,Atlas,DC,09-06-2026 10:01,09-06-2026 10:01,Completed
Xyz7899072,Atlas,DC,09-06-2026 10:00,09-06-2026 10:01,Completed
Xyz7899097,Atlas,DC,09-06-2026 21:04,-NA-,Expired
Xyz7899100,Atlas,DC,09-06-2026 10:04,09-06-2026 11:56,Completed
Xyz7899159,Atlas,DC,09-06-2026 10:04,09-06-2026 10:04,Completed
Xyz7899236,Atlas,DC,09-06-2026 10:04,09-06-2026 10:36,Completed
Xyz7899290,Atlas,DC,09-06-2026 10:01,09-06-2026 10:01,Completed
Xyz7899492,Atlas,DC,09-06-2026 10:00,09-06-2026 10:01,Completed
Xyz7899549,Atlas,DC,09-06-2026 10:01,09-06-2026 10:01,Completed
Xyz7899588,Atlas,DC,09-06-2026 10:01,09-06-2026 10:01,Completed
Xyz7899625,Atlas,DC,09-06-2026 10:03,09-06-2026 10:04,Completed
Xyz7899656,Atlas,DC,09-06-2026 10:01,09-06-2026 10:20,Completed
Xyz7899660,Atlas,DC,09-06-2026 10:00,09-06-2026 10:13,Completed
Xyz7899780,Atlas,DC,09-06-2026 10:01,09-06-2026 10:02,Completed
Xyz7899787,Atlas,DC,09-06-2026 10:01,09-06-2026 10:02,Completed
Xyz7899813,Atlas,DC,09-06-2026 10:04,09-06-2026 12:32,Completed
Xyz7900049,Atlas,DC,09-06-2026 10:03,09-06-2026 10:04,Completed
Xyz7900064,Atlas,DC,09-06-2026 10:04,09-06-2026 10:13,Completed
Xyz7900127,Atlas,DC,09-06-2026 10:04,09-06-2026 10:05,Completed
Xyz7900171,Atlas,DC,09-06-2026 10:04,09-06-2026 10:16,Completed
Xyz7900437,Atlas,DC,09-06-2026 10:04,09-06-2026 14:15,Completed
Xyz7900538,Atlas,DC,09-06-2026 10:04,09-06-2026 10:14,Completed
Xyz7900541,Atlas,DC,09-06-2026 10:04,09-06-2026 10:14,Completed
Xyz7900573,Atlas,DC,09-06-2026 10:01,09-06-2026 10:02,Completed
Xyz7900766,Atlas,DC,09-06-2026 10:01,09-06-2026 10:02,Completed
Xyz7900811,Atlas,DC,09-06-2026 10:01,09-06-2026 10:01,Completed
Xyz7900842,Atlas,DC,09-06-2026 10:04,09-06-2026 10:05,Completed
Xyz7900924,Atlas,DC,09-06-2026 10:04,09-06-2026 10:05,Completed
Xyz7901086,Atlas,DC,09-06-2026 10:04,09-06-2026 11:49,Completed
Xyz7901197,Atlas,DC,09-06-2026 10:04,09-06-2026 10:05,Completed
Xyz7901208,Atlas,DC,09-06-2026 10:01,09-06-2026 10:01,Completed
Xyz7901470,Atlas,DC,09-06-2026 10:01,09-06-2026 10:01,Completed
Xyz7901634,Atlas,DC,09-06-2026 10:00,09-06-2026 10:01,Completed
Xyz7901671,Atlas,DC,09-06-2026 10:04,09-06-2026 10:36,Completed
Xyz7901672,Atlas,DC,09-06-2026 10:01,09-06-2026 10:36,Completed
Xyz7901704,Atlas,DC,09-06-2026 10:01,09-06-2026 10:02,Completed
Xyz7901754,Atlas,DC,09-06-2026 10:02,-NA-,Expired
Xyz7901764,Atlas,DC,09-06-2026 10:04,09-06-2026 10:04,Completed
Xyz7901768,Atlas,DC,09-06-2026 10:03,09-06-2026 10:09,Completed
Xyz7901780,Atlas,DC,09-06-2026 10:04,09-06-2026 10:05,Completed
Xyz7901801,Atlas,DC,09-06-2026 10:04,09-06-2026 10:05,Completed
Xyz7901821,Atlas,DC,09-06-2026 10:03,09-06-2026 10:03,Completed
Xyz7901859,Atlas,DC,09-06-2026 10:04,09-06-2026 10:16,Completed
Xyz7901910,Atlas,DC,09-06-2026 10:01,09-06-2026 10:02,Completed
Xyz7901953,Atlas,DC,09-06-2026 10:00,-NA-,Expired
Xyz7901958,Atlas,DC,09-06-2026 10:03,09-06-2026 10:03,Completed
Xyz7902032,Atlas,DC,09-06-2026 10:04,09-06-2026 10:14,Completed
Xyz7902034,Atlas,DC,09-06-2026 10:02,09-06-2026 10:11,Completed
Xyz7902089,Atlas,DC,09-06-2026 10:04,09-06-2026 14:06,Completed
Xyz7902185,Atlas,DC,09-06-2026 10:00,09-06-2026 10:01,Completed
Xyz7902220,Atlas,DC,09-06-2026 10:04,09-06-2026 10:09,Completed
Xyz7902221,Atlas,DC,09-06-2026 10:04,09-06-2026 10:11,Completed
Xyz7902340,Atlas,DC,09-06-2026 10:00,09-06-2026 10:01,Completed
Xyz7902360,Atlas,DC,09-06-2026 10:04,09-06-2026 14:06,Completed
Xyz7902449,Atlas,DC,09-06-2026 10:02,09-06-2026 10:03,Completed
Xyz7902468,Atlas,DC,09-06-2026 10:00,09-06-2026 13:07,Completed
Xyz7902494,Atlas,DC,09-06-2026 10:01,09-06-2026 10:01,Completed
Xyz7902504,Atlas,DC,09-06-2026 20:59,-NA-,Expired
Xyz7902528,Atlas,DC,09-06-2026 10:01,09-06-2026 10:01,Completed
Xyz7902666,Atlas,DC,09-06-2026 10:04,09-06-2026 10:07,Completed
Xyz7902726,Atlas,DC,09-06-2026 10:01,09-06-2026 10:02,Completed
Xyz7902771,Atlas,DC,09-06-2026 10:04,09-06-2026 14:14,Completed
Xyz7902815,Atlas,DC,09-06-2026 10:04,09-06-2026 10:36,Completed
Xyz7902839,Atlas,DC,09-06-2026 10:04,09-06-2026 10:08,Completed
Xyz7902999,Atlas,DC,09-06-2026 10:02,09-06-2026 10:36,Completed
Xyz7903058,Atlas,DC,09-06-2026 10:03,09-06-2026 10:06,Completed
Xyz7903078,Atlas,DC,09-06-2026 10:01,09-06-2026 10:46,Completed
Xyz7903102,Atlas,DC,09-06-2026 10:04,09-06-2026 10:09,Completed
Xyz7903183,Atlas,DC,09-06-2026 10:04,09-06-2026 10:05,Completed
Xyz7903214,Atlas,DC,09-06-2026 10:04,09-06-2026 10:04,Completed
Xyz7903318,Atlas,DC,09-06-2026 10:04,09-06-2026 10:05,Completed
Xyz7903319,Atlas,DC,09-06-2026 10:04,09-06-2026 10:05,Completed
Xyz7903358,Atlas,DC,09-06-2026 10:00,09-06-2026 10:01,Completed
Xyz7903402,Atlas,DC,09-06-2026 10:04,09-06-2026 10:15,Completed
Xyz7903507,Atlas,DC,09-06-2026 10:02,09-06-2026 10:12,Completed
Xyz7903589,Atlas,DC,09-06-2026 10:04,09-06-2026 10:06,Completed
Xyz7903592,Atlas,DC,09-06-2026 10:04,09-06-2026 10:42,Completed
Xyz7903699,Atlas,DC,09-06-2026 10:04,09-06-2026 10:36,Completed
Xyz7903770,Atlas,DC,09-06-2026 10:04,09-06-2026 10:20,Completed
Xyz7903774,Atlas,DC,09-06-2026 10:04,09-06-2026 10:57,Completed
Xyz7903866,Atlas,DC,09-06-2026 10:04,09-06-2026 10:13,Completed
Xyz7903885,Atlas,DC,09-06-2026 10:04,09-06-2026 10:14,Completed
Xyz7903952,Atlas,DC,09-06-2026 10:04,09-06-2026 10:57,Completed
Xyz7903953,Atlas,DC,09-06-2026 10:04,09-06-2026 10:57,Completed
Xyz7904053,Atlas,DC,09-06-2026 10:01,09-06-2026 10:12,Completed
Xyz7904260,Atlas,DC,09-06-2026 10:00,09-06-2026 10:01,Completed
Xyz7904270,Atlas,DC,09-06-2026 10:04,09-06-2026 10:05,Completed
Xyz7904292,Atlas,DC,09-06-2026 10:04,09-06-2026 10:05,Completed
Xyz7904326,Atlas,DC,09-06-2026 10:04,09-06-2026 10:04,Completed
Xyz7904388,Atlas,DC,09-06-2026 10:00,09-06-2026 10:14,Completed
Xyz7904396,Atlas,DC,09-06-2026 10:01,09-06-2026 10:12,Completed
Xyz7904608,Atlas,DC,09-06-2026 10:04,09-06-2026 10:14,Completed
Xyz7904729,Atlas,DC,09-06-2026 10:03,-NA-,Expired
Xyz7904820,Atlas,DC,09-06-2026 10:02,09-06-2026 10:03,Completed
Xyz7904860,Atlas,DC,09-06-2026 10:01,09-06-2026 12:43,Completed
Xyz7904936,Atlas,DC,09-06-2026 10:01,09-06-2026 10:01,Completed
Xyz7904965,Atlas,DC,09-06-2026 10:03,09-06-2026 11:53,Completed
Xyz7904988,Atlas,DC,09-06-2026 10:04,09-06-2026 14:05,Completed
Xyz7905034,Atlas,DC,09-06-2026 10:02,09-06-2026 10:03,Completed
Xyz7905056,Atlas,DC,09-06-2026 10:04,09-06-2026 10:04,Completed
Xyz7905118,Atlas,DC,09-06-2026 10:00,09-06-2026 12:47,Completed
Xyz7905177,Atlas,DC,09-06-2026 10:00,09-06-2026 10:01,Completed
Xyz7905509,Atlas,DC,09-06-2026 10:00,09-06-2026 10:01,Completed
Xyz7905678,Atlas,DC,09-06-2026 10:02,10-06-2026 09:03,Completed
Xyz7905779,Atlas,DC,09-06-2026 10:02,09-06-2026 10:02,Completed
Xyz7905842,Atlas,DC,09-06-2026 10:04,09-06-2026 10:05,Completed
Xyz7905902,Atlas,DC,09-06-2026 10:00,09-06-2026 10:02,Completed
Xyz7905904,Atlas,DC,09-06-2026 10:03,09-06-2026 10:04,Completed
Xyz7905947,Atlas,DC,09-06-2026 10:00,09-06-2026 10:01,Completed
Xyz7906020,Atlas,DC,09-06-2026 10:03,09-06-2026 10:30,Completed
Xyz7906137,Atlas,DC,09-06-2026 10:01,09-06-2026 11:03,Completed
Xyz7906184,Atlas,DC,09-06-2026 10:04,09-06-2026 10:05,Completed
Xyz7906350,Atlas,DC,09-06-2026 10:03,09-06-2026 10:04,Completed
Xyz7906387,Atlas,DC,09-06-2026 10:03,09-06-2026 10:37,Completed
Xyz7906405,Atlas,DC,09-06-2026 10:04,09-06-2026 10:04,Completed
Xyz7906489,Atlas,DC,09-06-2026 10:02,-NA-,Expired
Xyz7906534,Atlas,DC,09-06-2026 10:01,09-06-2026 10:01,Completed
Xyz7906569,Atlas,DC,09-06-2026 10:04,09-06-2026 10:04,Completed
Xyz7906591,Atlas,DC,09-06-2026 10:04,09-06-2026 10:04,Completed
Xyz7906635,Atlas,DC,09-06-2026 10:04,09-06-2026 10:11,Completed
Xyz7906731,Atlas,DC,09-06-2026 10:04,09-06-2026 10:04,Completed
Xyz7906765,Atlas,DC,09-06-2026 10:00,09-06-2026 10:01,Completed
Xyz7906800,Atlas,DC,09-06-2026 10:00,09-06-2026 12:45,Completed
Xyz7906846,Atlas,DC,09-06-2026 10:04,09-06-2026 10:30,Completed
Xyz7906848,Atlas,DC,09-06-2026 10:01,09-06-2026 10:30,Completed
Xyz7906850,Atlas,DC,09-06-2026 10:01,09-06-2026 10:36,Completed
Xyz7906854,Atlas,DC,09-06-2026 10:01,09-06-2026 10:07,Completed
Xyz7906857,Atlas,DC,09-06-2026 10:02,09-06-2026 10:03,Completed
Xyz7906907,Atlas,DC,09-06-2026 10:03,09-06-2026 10:03,Completed
Xyz7907011,Atlas,DC,09-06-2026 10:04,09-06-2026 10:04,Completed
Xyz7907042,Atlas,DC,09-06-2026 10:02,09-06-2026 10:34,Completed
Xyz7907097,Atlas,DC,09-06-2026 10:01,09-06-2026 10:02,Completed
Xyz7907194,Atlas,DC,09-06-2026 10:03,09-06-2026 10:04,Completed
Xyz7907232,Atlas,DC,09-06-2026 10:00,09-06-2026 10:35,Completed
Xyz7907267,Atlas,DC,09-06-2026 10:03,09-06-2026 10:33,Completed
Xyz7907283,Atlas,DC,09-06-2026 10:01,09-06-2026 10:02,Completed
Xyz7907287,Atlas,DC,09-06-2026 10:01,09-06-2026 10:02,Completed
Xyz7907383,Atlas,DC,09-06-2026 10:04,09-06-2026 10:33,Completed
Xyz7907384,Atlas,DC,09-06-2026 10:01,09-06-2026 10:45,Completed
Xyz7907408,Atlas,DC,09-06-2026 10:02,09-06-2026 10:03,Completed
Xyz7907501,Atlas,DC,09-06-2026 10:01,09-06-2026 10:51,Completed
Xyz7907518,Atlas,DC,09-06-2026 10:02,09-06-2026 10:48,Completed
Xyz7907531,Atlas,DC,09-06-2026 10:01,09-06-2026 10:36,Completed
Xyz7907573,Atlas,DC,09-06-2026 10:02,09-06-2026 10:33,Completed
Xyz7907662,Atlas,DC,09-06-2026 10:00,09-06-2026 10:40,Completed
Xyz7907677,Atlas,DC,09-06-2026 10:03,09-06-2026 10:34,Completed
Xyz7907681,Atlas,DC,09-06-2026 10:02,09-06-2026 10:03,Completed
Xyz7907686,Atlas,DC,09-06-2026 10:01,09-06-2026 10:13,Completed
Xyz7907690,Atlas,DC,09-06-2026 10:01,09-06-2026 10:16,Completed
Xyz7907715,Atlas,DC,09-06-2026 10:01,09-06-2026 10:37,Completed
Xyz7907716,Atlas,DC,09-06-2026 10:01,09-06-2026 10:34,Completed
Xyz7907727,Atlas,DC,09-06-2026 10:00,09-06-2026 12:50,Completed
Xyz7907763,Atlas,DC,09-06-2026 10:03,09-06-2026 10:34,Completed
Xyz7907765,Atlas,DC,09-06-2026 10:01,09-06-2026 10:34,Completed
Xyz7907767,Atlas,DC,09-06-2026 10:01,09-06-2026 10:37,Completed
Xyz7907815,Atlas,DC,09-06-2026 10:02,09-06-2026 10:35,Completed
Xyz7907822,Atlas,DC,09-06-2026 10:01,-NA-,Expired
Xyz7907862,Atlas,DC,09-06-2026 10:01,09-06-2026 10:35,Completed
Xyz7908091,Atlas,DC,09-06-2026 10:00,09-06-2026 11:48,Completed
Xyz7908140,Atlas,DC,09-06-2026 10:02,09-06-2026 12:43,Completed
Xyz7908171,Atlas,DC,09-06-2026 10:01,09-06-2026 10:02,Completed
Xyz7908180,Atlas,DC,09-06-2026 10:04,09-06-2026 10:34,Completed
Xyz7908181,Atlas,DC,09-06-2026 10:02,-NA-,Expired
Xyz7908310,Atlas,DC,09-06-2026 10:03,09-06-2026 10:04,Completed
Xyz7908457,Atlas,DC,09-06-2026 10:00,09-06-2026 10:01,Completed
Xyz7908629,Atlas,DC,09-06-2026 10:02,09-06-2026 10:37,Completed
Xyz7908653,Atlas,DC,09-06-2026 10:00,09-06-2026 10:01,Completed
Xyz7908688,Atlas,DC,09-06-2026 10:01,09-06-2026 10:02,Completed
Xyz7908925,Atlas,DC,09-06-2026 10:03,09-06-2026 10:51,Completed
Xyz7908934,Atlas,DC,09-06-2026 10:04,09-06-2026 11:20,Completed
Xyz7908966,Atlas,DC,09-06-2026 10:03,-NA-,Expired
Xyz7909062,Atlas,DC,09-06-2026 10:04,09-06-2026 11:07,Completed
Xyz7909133,Atlas,DC,09-06-2026 10:04,09-06-2026 11:02,Completed
Xyz7909330,Atlas,DC,09-06-2026 10:02,09-06-2026 11:12,Completed
Xyz7909380,Atlas,DC,09-06-2026 10:04,09-06-2026 12:14,Completed
Xyz7909438,Atlas,DC,09-06-2026 10:01,-NA-,Expired
Xyz7909452,Atlas,DC,09-06-2026 10:04,09-06-2026 11:10,Completed
Xyz7909640,Atlas,DC,09-06-2026 10:03,09-06-2026 10:04,Completed
Xyz7909703,Atlas,DC,09-06-2026 10:02,09-06-2026 11:12,Completed
Xyz7909711,Atlas,DC,09-06-2026 10:04,09-06-2026 11:12,Completed
Xyz7909943,Atlas,DC,09-06-2026 10:03,09-06-2026 11:08,Completed
Xyz7909993,Atlas,DC,09-06-2026 10:04,09-06-2026 11:12,Completed
Xyz7910090,Atlas,DC,09-06-2026 10:04,09-06-2026 11:14,Completed
Xyz7910186,Atlas,DC,09-06-2026 10:04,09-06-2026 10:04,Completed
Xyz7910290,Atlas,DC,09-06-2026 10:01,09-06-2026 11:13,Completed
Xyz7910395,Atlas,DC,09-06-2026 10:01,09-06-2026 10:08,Completed
Xyz7910539,Atlas,DC,09-06-2026 10:01,09-06-2026 11:15,Completed
Xyz7910563,Atlas,DC,09-06-2026 10:03,09-06-2026 12:37,Completed
Xyz7910718,Atlas,DC,09-06-2026 10:03,09-06-2026 12:10,Completed
Xyz7910807,Atlas,DC,09-06-2026 10:01,09-06-2026 13:26,Completed
Xyz7910831,Atlas,DC,09-06-2026 10:04,09-06-2026 10:05,Completed
Xyz7910838,Atlas,DC,09-06-2026 10:01,09-06-2026 11:09,Completed
Xyz7910868,Atlas,DC,09-06-2026 10:04,09-06-2026 15:19,Completed
Xyz7911004,Atlas,DC,09-06-2026 10:01,09-06-2026 10:01,Completed
Xyz7911035,Atlas,DC,09-06-2026 10:04,-NA-,Expired
Xyz7911048,Atlas,DC,09-06-2026 10:01,09-06-2026 10:02,Completed
Xyz7911118,Atlas,DC,09-06-2026 10:00,09-06-2026 11:01,Completed
Xyz7911293,Atlas,DC,09-06-2026 10:04,09-06-2026 13:06,Completed
Xyz7911316,Atlas,DC,09-06-2026 10:04,09-06-2026 11:08,Completed
Xyz7911326,Atlas,DC,09-06-2026 10:01,-NA-,Expired
Xyz7911362,Atlas,DC,09-06-2026 10:00,09-06-2026 10:01,Completed
Xyz7911447,Atlas,DC,09-06-2026 10:04,09-06-2026 10:04,Completed
Xyz7911490,Atlas,DC,09-06-2026 10:00,09-06-2026 10:01,Completed
Xyz7911505,Atlas,DC,09-06-2026 10:01,09-06-2026 10:30,Completed
Xyz7911508,Atlas,DC,09-06-2026 10:01,09-06-2026 10:02,Completed
Xyz7911512,Atlas,DC,09-06-2026 10:03,09-06-2026 12:47,Completed
Xyz7911516,Atlas,DC,09-06-2026 10:04,09-06-2026 10:08,Completed
Xyz7911540,Atlas,DC,09-06-2026 10:02,09-06-2026 10:34,Completed
Xyz7911554,Atlas,DC,09-06-2026 10:03,09-06-2026 10:39,Completed
Xyz7911586,Atlas,DC,09-06-2026 10:02,09-06-2026 11:06,Completed
Xyz7911627,Atlas,DC,09-06-2026 10:01,09-06-2026 12:45,Completed
Xyz7911666,Atlas,DC,09-06-2026 10:01,09-06-2026 10:01,Completed
Xyz7911684,Atlas,DC,09-06-2026 10:01,09-06-2026 12:47,Completed
Xyz7911703,Atlas,DC,09-06-2026 10:04,09-06-2026 10:05,Completed
Xyz7911713,Atlas,DC,09-06-2026 10:04,09-06-2026 11:07,Completed
Xyz7911735,Atlas,DC,09-06-2026 10:01,09-06-2026 10:01,Completed
Xyz7911834,Atlas,DC,09-06-2026 10:01,09-06-2026 10:34,Completed
Xyz7911920,Atlas,DC,09-06-2026 10:02,-NA-,Expired
Xyz7911937,Atlas,DC,09-06-2026 10:04,09-06-2026 10:04,Completed
Xyz7911942,Atlas,DC,09-06-2026 10:04,09-06-2026 10:37,Completed
Xyz7912039,Atlas,DC,09-06-2026 10:03,09-06-2026 10:03,Completed
Xyz7912173,Atlas,DC,09-06-2026 10:01,09-06-2026 10:02,Completed
Xyz7912205,Atlas,DC,09-06-2026 10:03,-NA-,Expired
Xyz7912222,Atlas,DC,09-06-2026 10:02,09-06-2026 11:14,Completed
Xyz7912327,Atlas,DC,09-06-2026 10:04,09-06-2026 11:08,Completed
Xyz7912328,Atlas,DC,09-06-2026 10:04,09-06-2026 11:10,Completed
Xyz7912371,Atlas,DC,09-06-2026 10:04,-NA-,Expired
Xyz7912437,Atlas,DC,09-06-2026 10:00,09-06-2026 10:00,Completed
Xyz7912457,Atlas,DC,09-06-2026 10:00,09-06-2026 10:01,Completed
Xyz7912466,Atlas,DC,09-06-2026 10:00,09-06-2026 15:30,Completed
Xyz7912488,Atlas,DC,09-06-2026 10:04,09-06-2026 10:05,Completed
Xyz7912659,Atlas,DC,09-06-2026 10:01,09-06-2026 10:01,Completed
Xyz7912769,Atlas,DC,09-06-2026 10:04,09-06-2026 10:04,Completed
Xyz7912842,Atlas,DC,09-06-2026 10:01,09-06-2026 10:01,Completed
Xyz7913043,Atlas,DC,09-06-2026 10:00,09-06-2026 10:01,Completed
Xyz7913139,Atlas,DC,09-06-2026 10:03,09-06-2026 10:03,Completed
Xyz7913208,Atlas,DC,09-06-2026 10:00,09-06-2026 10:01,Completed
Xyz7913290,Atlas,DC,09-06-2026 10:01,09-06-2026 10:01,Completed
Xyz7913356,Atlas,DC,09-06-2026 10:02,09-06-2026 10:03,Completed
Xyz7913452,Atlas,DC,09-06-2026 10:02,09-06-2026 10:03,Completed
Xyz7913562,Atlas,DC,09-06-2026 10:04,09-06-2026 10:04,Completed
Xyz7913609,Atlas,DC,09-06-2026 10:04,09-06-2026 10:05,Completed
Xyz7913614,Atlas,DC,09-06-2026 10:03,09-06-2026 10:04,Completed
Xyz7913797,Atlas,DC,09-06-2026 10:01,09-06-2026 10:01,Completed
Xyz7913933,Atlas,DC,09-06-2026 10:01,09-06-2026 10:01,Completed
Xyz7914005,Atlas,DC,09-06-2026 10:01,09-06-2026 10:01,Completed
Xyz7914110,Atlas,DC,09-06-2026 10:04,09-06-2026 10:04,Completed
Xyz7914121,Atlas,DC,09-06-2026 10:00,09-06-2026 10:01,Completed
Xyz7914197,Atlas,DC,09-06-2026 10:01,09-06-2026 10:01,Completed
Xyz7914250,Atlas,DC,09-06-2026 10:04,09-06-2026 10:04,Completed
Xyz7914266,Atlas,DC,09-06-2026 10:04,09-06-2026 10:04,Completed
Xyz7914360,Atlas,DC,09-06-2026 10:03,09-06-2026 10:04,Completed
Xyz7914368,Atlas,DC,09-06-2026 10:03,09-06-2026 10:04,Completed
Xyz7914387,Atlas,DC,09-06-2026 10:02,-NA-,Expired
Xyz7914510,Atlas,DC,09-06-2026 10:03,09-06-2026 10:03,Completed
Xyz7914516,Atlas,DC,09-06-2026 10:02,09-06-2026 10:03,Completed
Xyz7914547,Atlas,DC,09-06-2026 10:00,09-06-2026 10:01,Completed
Xyz7914549,Atlas,DC,09-06-2026 10:03,09-06-2026 10:03,Completed
Xyz7914598,Atlas,DC,09-06-2026 10:01,09-06-2026 10:02,Completed
Xyz7914601,Atlas,DC,09-06-2026 10:03,09-06-2026 10:03,Completed
Xyz7914666,Atlas,DC,09-06-2026 10:02,09-06-2026 10:03,Completed
Xyz7914676,Atlas,DC,09-06-2026 10:01,09-06-2026 10:06,Completed
Xyz7914710,Atlas,DC,09-06-2026 10:03,09-06-2026 10:04,Completed
Xyz7914774,Atlas,DC,09-06-2026 10:02,09-06-2026 10:03,Completed
Xyz7914789,Atlas,DC,09-06-2026 10:03,09-06-2026 10:04,Completed
Xyz7914819,Atlas,DC,09-06-2026 10:00,09-06-2026 10:01,Completed
Xyz7914868,Atlas,DC,09-06-2026 10:04,09-06-2026 10:05,Completed
Xyz7914884,Atlas,DC,09-06-2026 10:03,09-06-2026 10:34,Completed
Xyz7914910,Atlas,DC,09-06-2026 10:01,09-06-2026 10:01,Completed
Xyz7915016,Atlas,DC,09-06-2026 10:01,09-06-2026 10:39,Completed
Xyz7915083,Atlas,DC,09-06-2026 10:00,09-06-2026 10:01,Completed
Xyz7915089,Atlas,DC,09-06-2026 10:04,09-06-2026 10:04,Completed
Xyz7915157,Atlas,DC,09-06-2026 10:04,09-06-2026 10:04,Completed
Xyz7915192,Atlas,DC,09-06-2026 10:03,-NA-,Expired
Xyz7915218,Atlas,DC,09-06-2026 10:03,09-06-2026 10:03,Completed
Xyz7915363,Atlas,DC,09-06-2026 10:03,09-06-2026 10:04,Completed
Xyz7915380,Atlas,DC,09-06-2026 10:01,09-06-2026 10:39,Completed
Xyz7915446,Atlas,DC,09-06-2026 10:03,09-06-2026 10:03,Completed
Xyz7915491,Atlas,DC,09-06-2026 10:01,09-06-2026 10:11,Completed
Xyz7915537,Atlas,DC,09-06-2026 10:03,09-06-2026 10:04,Completed
Xyz7915650,Atlas,DC,09-06-2026 10:04,09-06-2026 10:05,Completed
Xyz7915688,Atlas,DC,09-06-2026 10:02,09-06-2026 10:04,Completed
Xyz7915689,Atlas,DC,09-06-2026 10:01,09-06-2026 10:01,Completed
Xyz7915712,Atlas,DC,09-06-2026 10:04,09-06-2026 10:04,Completed
Xyz7915772,Atlas,DC,09-06-2026 10:01,09-06-2026 10:30,Completed
Xyz7915818,Atlas,DC,09-06-2026 10:04,09-06-2026 10:06,Completed
Xyz7915824,Atlas,DC,09-06-2026 10:00,09-06-2026 14:41,Completed
Xyz7915838,Atlas,DC,09-06-2026 10:00,09-06-2026 10:11,Completed
Xyz7915967,Atlas,DC,09-06-2026 10:01,09-06-2026 10:01,Completed
Xyz7915989,Atlas,DC,09-06-2026 10:01,09-06-2026 10:11,Completed
Xyz7916075,Atlas,DC,09-06-2026 10:04,09-06-2026 10:04,Completed
Xyz7916090,Atlas,DC,09-06-2026 10:04,09-06-2026 10:05,Completed
Xyz7916119,Atlas,DC,09-06-2026 10:04,09-06-2026 10:04,Completed
Xyz7916190,Atlas,DC,09-06-2026 10:01,09-06-2026 10:02,Completed
Xyz7916238,Atlas,DC,09-06-2026 10:04,09-06-2026 10:04,Completed
Xyz7916248,Atlas,DC,09-06-2026 10:04,09-06-2026 10:05,Completed
Xyz7916440,Atlas,DC,09-06-2026 10:04,09-06-2026 10:04,Completed
Xyz7916446,Atlas,DC,09-06-2026 10:00,09-06-2026 10:01,Completed
Xyz7916447,Atlas,DC,09-06-2026 10:01,09-06-2026 10:01,Completed
Xyz7916498,Atlas,DC,09-06-2026 10:00,09-06-2026 10:01,Completed
Xyz7916580,Atlas,DC,09-06-2026 10:04,09-06-2026 10:04,Completed
Xyz7916611,Atlas,DC,09-06-2026 10:00,09-06-2026 10:00,Completed
Xyz7916634,Atlas,DC,09-06-2026 10:03,09-06-2026 10:03,Completed
Xyz7916638,Atlas,DC,09-06-2026 10:04,09-06-2026 10:05,Completed
Xyz7916755,Atlas,DC,09-06-2026 10:04,09-06-2026 10:05,Completed
Xyz7916767,Atlas,DC,09-06-2026 10:01,09-06-2026 10:01,Completed
Xyz7916849,Atlas,DC,09-06-2026 10:03,09-06-2026 10:11,Completed
Xyz7916865,Atlas,DC,09-06-2026 10:04,09-06-2026 10:13,Completed
Xyz7916889,Atlas,DC,09-06-2026 10:04,09-06-2026 10:11,Completed
Xyz7916914,Atlas,DC,09-06-2026 10:04,09-06-2026 10:37,Completed
Xyz7916982,Atlas,DC,09-06-2026 10:04,09-06-2026 10:04,Completed
Xyz7916995,Atlas,DC,09-06-2026 10:04,09-06-2026 11:10,Completed
Xyz7917033,Atlas,DC,09-06-2026 10:01,09-06-2026 10:13,Completed
Xyz7917044,Atlas,DC,09-06-2026 10:04,09-06-2026 10:44,Completed
Xyz7917045,Atlas,DC,09-06-2026 10:04,09-06-2026 10:44,Completed
Xyz7917170,Atlas,DC,09-06-2026 10:00,09-06-2026 10:30,Completed
Xyz7917247,Atlas,DC,09-06-2026 10:04,09-06-2026 10:11,Completed
Xyz7917260,Atlas,DC,09-06-2026 10:04,09-06-2026 10:16,Completed
Xyz7917284,Atlas,DC,09-06-2026 10:01,09-06-2026 11:07,Completed
Xyz7917416,Atlas,DC,09-06-2026 10:04,09-06-2026 11:08,Completed
Xyz7917440,Atlas,DC,09-06-2026 10:04,09-06-2026 10:30,Completed
Xyz7917487,Atlas,DC,09-06-2026 10:04,-NA-,Expired
Xyz7917494,Atlas,DC,09-06-2026 10:04,09-06-2026 10:09,Completed
Xyz7917520,Atlas,DC,09-06-2026 10:03,09-06-2026 10:45,Completed
Xyz7917527,Atlas,DC,09-06-2026 10:04,09-06-2026 10:14,Completed
Xyz7917595,Atlas,DC,09-06-2026 10:04,09-06-2026 10:10,Completed
Xyz7917620,Atlas,DC,09-06-2026 10:02,09-06-2026 10:13,Completed
Xyz7917698,Atlas,DC,09-06-2026 10:02,09-06-2026 10:10,Completed
Xyz7917709,Atlas,DC,09-06-2026 10:01,09-06-2026 10:37,Completed
Xyz7917746,Atlas,DC,09-06-2026 10:02,09-06-2026 10:10,Completed
Xyz7917798,Atlas,DC,09-06-2026 10:04,09-06-2026 10:37,Completed
Xyz7917817,Atlas,DC,09-06-2026 10:01,09-06-2026 10:06,Completed
Xyz7917891,Atlas,DC,09-06-2026 10:04,09-06-2026 10:09,Completed
Xyz7917921,Atlas,DC,09-06-2026 10:04,09-06-2026 10:13,Completed
Xyz7918001,Atlas,DC,09-06-2026 10:02,09-06-2026 10:03,Completed
Xyz7918010,Atlas,DC,09-06-2026 10:03,09-06-2026 10:08,Completed
Xyz7918012,Atlas,DC,09-06-2026 10:03,09-06-2026 10:09,Completed
Xyz7918014,Atlas,DC,09-06-2026 10:03,09-06-2026 11:06,Completed
Xyz7918017,Atlas,DC,09-06-2026 10:04,09-06-2026 11:15,Completed
Xyz7918031,Atlas,DC,09-06-2026 10:04,09-06-2026 10:04,Completed
Xyz7918034,Atlas,DC,09-06-2026 10:04,09-06-2026 10:05,Completed
Xyz7918037,Atlas,DC,09-06-2026 10:04,09-06-2026 10:05,Completed
Xyz7918080,Atlas,DC,09-06-2026 10:03,09-06-2026 11:07,Completed
Xyz7918110,Atlas,DC,09-06-2026 10:03,09-06-2026 10:10,Completed
Xyz7918179,Atlas,DC,09-06-2026 10:04,09-06-2026 10:34,Completed
Xyz7918188,Atlas,DC,09-06-2026 10:03,09-06-2026 10:07,Completed
Xyz7918212,Atlas,DC,09-06-2026 10:04,09-06-2026 10:07,Completed
Xyz7918312,Atlas,DC,09-06-2026 10:04,09-06-2026 10:10,Completed
Xyz7918336,Atlas,DC,09-06-2026 10:04,09-06-2026 10:38,Completed
Xyz7918404,Atlas,DC,09-06-2026 10:01,09-06-2026 10:10,Completed
Xyz7918415,Atlas,DC,09-06-2026 10:04,09-06-2026 10:04,Completed
Xyz7918492,Atlas,DC,09-06-2026 10:04,09-06-2026 10:04,Completed
Xyz7919069,Atlas,DC,09-06-2026 10:00,09-06-2026 11:06,Completed
Xyz7919152,Atlas,DC,09-06-2026 10:04,09-06-2026 10:08,Completed
Xyz7919205,Atlas,DC,09-06-2026 10:04,09-06-2026 10:04,Completed
Xyz7919271,Atlas,DC,09-06-2026 10:04,09-06-2026 10:04,Completed
Xyz7919368,Atlas,DC,09-06-2026 10:04,09-06-2026 10:05,Completed
Xyz7919520,Atlas,DC,09-06-2026 10:04,09-06-2026 14:18,Completed
Xyz7919615,Atlas,DC,09-06-2026 10:04,09-06-2026 10:05,Completed
Xyz7919711,Atlas,DC,09-06-2026 10:03,09-06-2026 11:46,Completed
Xyz7919727,Atlas,DC,09-06-2026 10:01,09-06-2026 10:02,Completed
Xyz7919740,Atlas,DC,09-06-2026 10:04,09-06-2026 10:04,Completed
Xyz7919742,Atlas,DC,09-06-2026 10:04,-NA-,Expired
Xyz7919809,Atlas,DC,09-06-2026 10:00,09-06-2026 10:01,Completed
Xyz7919903,Atlas,DC,09-06-2026 10:02,-NA-,Expired
Xyz7920018,Atlas,DC,09-06-2026 10:04,09-06-2026 11:13,Completed
Xyz7920191,Atlas,DC,09-06-2026 10:02,10-06-2026 09:17,Completed
Xyz7920221,Atlas,DC,09-06-2026 10:03,09-06-2026 15:01,Completed
Xyz7920313,Atlas,DC,09-06-2026 10:02,09-06-2026 11:16,Completed
Xyz7920322,Atlas,DC,09-06-2026 10:04,09-06-2026 11:14,Completed
Xyz7920325,Atlas,DC,09-06-2026 10:02,09-06-2026 11:14,Completed
Xyz7920371,Atlas,DC,09-06-2026 10:04,09-06-2026 11:14,Completed
Xyz7920395,Atlas,DC,09-06-2026 10:04,09-06-2026 14:54,Completed
Xyz7920401,Atlas,DC,09-06-2026 10:04,-NA-,Expired
Xyz7920482,Atlas,DC,09-06-2026 10:04,09-06-2026 11:13,Completed
Xyz7920586,Atlas,DC,09-06-2026 10:00,09-06-2026 11:17,Completed
Xyz7920644,Atlas,DC,09-06-2026 10:03,09-06-2026 14:56,Completed
Xyz7920728,Atlas,DC,09-06-2026 10:03,09-06-2026 12:02,Completed
Xyz7920802,Atlas,DC,09-06-2026 10:01,09-06-2026 14:56,Completed
Xyz7920945,Atlas,DC,09-06-2026 10:00,09-06-2026 10:01,Completed
Xyz7920953,Atlas,DC,09-06-2026 10:04,09-06-2026 10:05,Completed
Xyz7921054,Atlas,DC,09-06-2026 10:04,09-06-2026 10:12,Completed
Xyz7921100,Atlas,DC,09-06-2026 10:04,09-06-2026 10:04,Completed
Xyz7921104,Atlas,DC,09-06-2026 10:04,09-06-2026 11:12,Completed
Xyz7921264,Atlas,DC,09-06-2026 10:01,09-06-2026 12:48,Completed
Xyz7921279,Atlas,DC,09-06-2026 10:04,09-06-2026 11:08,Completed
Xyz7921309,Atlas,DC,09-06-2026 10:01,09-06-2026 14:53,Completed
Xyz7921419,Atlas,DC,09-06-2026 10:04,09-06-2026 11:13,Completed
Xyz7921433,Atlas,DC,09-06-2026 10:04,09-06-2026 16:04,Completed
Xyz7921464,Atlas,DC,09-06-2026 10:02,09-06-2026 12:49,Completed
Xyz7921575,Atlas,DC,09-06-2026 10:04,09-06-2026 11:24,Completed
Xyz7921599,Atlas,DC,09-06-2026 10:00,09-06-2026 11:12,Completed
Xyz7921648,Atlas,DC,09-06-2026 10:04,09-06-2026 12:52,Completed
Xyz7921672,Atlas,DC,09-06-2026 10:04,09-06-2026 15:40,Completed
Xyz7921696,Atlas,DC,09-06-2026 10:00,09-06-2026 10:11,Completed
Xyz7921797,Atlas,DC,09-06-2026 10:04,09-06-2026 10:07,Completed
Xyz7921812,Atlas,DC,09-06-2026 10:01,09-06-2026 10:13,Completed
Xyz7921817,Atlas,DC,09-06-2026 10:01,09-06-2026 10:12,Completed
Xyz7921852,Atlas,DC,09-06-2026 10:04,09-06-2026 10:39,Completed
Xyz7921860,Atlas,DC,09-06-2026 10:03,09-06-2026 10:17,Completed
Xyz7921912,Atlas,DC,09-06-2026 10:00,09-06-2026 12:47,Completed
Xyz7921959,Atlas,DC,09-06-2026 10:04,09-06-2026 10:36,Completed
Xyz7921973,Atlas,DC,09-06-2026 10:03,09-06-2026 12:48,Completed
Xyz7922130,Atlas,DC,09-06-2026 10:01,09-06-2026 11:08,Completed
Xyz7922197,Atlas,DC,09-06-2026 10:00,09-06-2026 11:06,Completed
Xyz7922259,Atlas,DC,09-06-2026 10:02,09-06-2026 10:13,Completed
Xyz7922268,Atlas,DC,09-06-2026 10:04,09-06-2026 12:49,Completed
Xyz7922270,Atlas,DC,09-06-2026 10:03,09-06-2026 10:10,Completed
Xyz7922355,Atlas,DC,09-06-2026 10:04,09-06-2026 10:13,Completed
Xyz7922404,Atlas,DC,09-06-2026 10:01,09-06-2026 11:09,Completed
Xyz7922530,Atlas,DC,09-06-2026 10:04,09-06-2026 10:05,Completed
Xyz7922544,Atlas,DC,09-06-2026 10:01,09-06-2026 10:02,Completed
Xyz7922568,Atlas,DC,09-06-2026 10:01,09-06-2026 10:02,Completed
Xyz7922620,Atlas,DC,09-06-2026 10:02,09-06-2026 10:03,Completed
Xyz7922690,Atlas,DC,09-06-2026 10:00,09-06-2026 10:01,Completed
Xyz7922774,Atlas,DC,09-06-2026 10:00,09-06-2026 10:01,Completed
Xyz7922797,Atlas,DC,09-06-2026 10:01,09-06-2026 10:02,Completed
Xyz7922927,Atlas,DC,09-06-2026 10:01,09-06-2026 10:11,Completed
Xyz7923077,Atlas,DC,09-06-2026 10:04,09-06-2026 10:05,Completed
Xyz7923103,Atlas,DC,09-06-2026 10:04,09-06-2026 10:04,Completed
Xyz7923115,Atlas,DC,09-06-2026 10:02,09-06-2026 10:03,Completed
Xyz7923146,Atlas,DC,09-06-2026 10:00,09-06-2026 10:01,Completed
Xyz7923189,Atlas,DC,09-06-2026 10:03,09-06-2026 10:04,Completed
Xyz7923315,Atlas,DC,09-06-2026 10:03,09-06-2026 11:09,Completed
Xyz7923361,Atlas,DC,09-06-2026 21:00,-NA-,Expired
Xyz7923401,Atlas,DC,09-06-2026 10:04,09-06-2026 10:11,Completed
Xyz7923518,Atlas,DC,09-06-2026 10:01,09-06-2026 10:12,Completed
Xyz7923594,Atlas,DC,09-06-2026 10:00,09-06-2026 10:11,Completed
Xyz7923625,Atlas,DC,09-06-2026 10:03,-NA-,Expired
Xyz7923652,Atlas,DC,09-06-2026 10:00,09-06-2026 10:01,Completed
Xyz7923656,Atlas,DC,09-06-2026 10:04,09-06-2026 10:37,Completed
Xyz7923866,Atlas,DC,09-06-2026 10:04,09-06-2026 10:04,Completed
Xyz7923924,Atlas,DC,09-06-2026 10:03,09-06-2026 10:10,Completed
Xyz7924007,Atlas,DC,09-06-2026 10:03,-NA-,Expired
Xyz7924074,Atlas,DC,09-06-2026 10:00,09-06-2026 10:01,Completed
Xyz7924131,Atlas,DC,09-06-2026 10:01,09-06-2026 10:01,Completed
Xyz7924190,Atlas,DC,09-06-2026 10:03,09-06-2026 12:32,Completed
Xyz7924212,Atlas,DC,09-06-2026 10:04,09-06-2026 14:34,Completed
Xyz7924221,Atlas,DC,09-06-2026 10:04,09-06-2026 10:05,Completed
Xyz7924245,Atlas,DC,09-06-2026 10:00,09-06-2026 10:01,Completed
Xyz7924304,Atlas,DC,09-06-2026 10:04,09-06-2026 10:04,Completed
Xyz7924430,Atlas,DC,09-06-2026 10:03,09-06-2026 10:03,Completed
Xyz7924505,Atlas,DC,09-06-2026 10:03,09-06-2026 10:04,Completed
Xyz7924520,Atlas,DC,09-06-2026 10:04,09-06-2026 10:05,Completed
Xyz7924543,Atlas,DC,09-06-2026 10:02,09-06-2026 10:03,Completed
Xyz7924558,Atlas,DC,09-06-2026 10:03,09-06-2026 10:04,Completed
Xyz7924807,Atlas,DC,09-06-2026 10:03,09-06-2026 10:14,Completed
Xyz7924955,Atlas,DC,09-06-2026 10:04,09-06-2026 10:05,Completed
Xyz7924991,Atlas,DC,09-06-2026 10:04,09-06-2026 12:33,Completed
Xyz7925030,Atlas,DC,09-06-2026 10:03,09-06-2026 10:03,Completed
Xyz7925034,Atlas,DC,09-06-2026 10:04,09-06-2026 10:04,Completed
Xyz7925040,Atlas,DC,09-06-2026 10:03,09-06-2026 10:04,Completed
Xyz7925082,Atlas,DC,09-06-2026 10:00,09-06-2026 10:03,Completed
Xyz7925166,Atlas,DC,09-06-2026 10:00,09-06-2026 10:01,Completed
Xyz7925281,Atlas,DC,09-06-2026 10:01,09-06-2026 10:01,Completed
Xyz7925294,Atlas,DC,09-06-2026 10:03,09-06-2026 10:04,Completed
Xyz7925427,Atlas,DC,09-06-2026 10:04,09-06-2026 10:04,Completed
Xyz7925428,Atlas,DC,09-06-2026 10:02,09-06-2026 10:03,Completed
Xyz7925523,Atlas,DC,09-06-2026 10:04,09-06-2026 10:04,Completed
Xyz7925536,Atlas,DC,09-06-2026 10:03,09-06-2026 10:04,Completed
Xyz7925547,Atlas,DC,09-06-2026 10:04,09-06-2026 10:04,Completed
Xyz7925657,Atlas,DC,09-06-2026 10:04,09-06-2026 10:59,Completed
Xyz7925679,Atlas,DC,09-06-2026 10:03,09-06-2026 10:58,Completed
Xyz7925779,Atlas,DC,09-06-2026 10:03,09-06-2026 10:08,Completed
Xyz7925789,Atlas,DC,09-06-2026 10:04,09-06-2026 10:13,Completed
Xyz7925791,Atlas,DC,09-06-2026 10:04,09-06-2026 10:14,Completed
Xyz7925885,Atlas,DC,09-06-2026 10:03,09-06-2026 10:58,Completed
Xyz7925899,Atlas,DC,09-06-2026 10:01,09-06-2026 10:12,Completed
Xyz7925920,Atlas,DC,09-06-2026 10:01,09-06-2026 10:02,Completed
Xyz7925992,Atlas,DC,09-06-2026 10:03,09-06-2026 10:03,Completed
Xyz7926001,Atlas,DC,09-06-2026 10:04,09-06-2026 10:13,Completed
Xyz7926051,Atlas,DC,09-06-2026 10:03,09-06-2026 12:16,Completed
Xyz7926160,Atlas,DC,09-06-2026 10:04,09-06-2026 11:57,Completed
Xyz7926200,Atlas,DC,09-06-2026 10:00,09-06-2026 11:05,Completed
Xyz7926213,Atlas,DC,09-06-2026 10:01,09-06-2026 10:58,Completed
Xyz7926240,Atlas,DC,09-06-2026 10:04,09-06-2026 10:57,Completed
Xyz7926245,Atlas,DC,09-06-2026 10:03,09-06-2026 10:57,Completed
Xyz7926367,Atlas,DC,09-06-2026 10:02,09-06-2026 10:59,Completed
Xyz7926401,Atlas,DC,09-06-2026 10:04,09-06-2026 10:05,Completed
Xyz7926405,Atlas,DC,09-06-2026 10:01,09-06-2026 10:02,Completed
Xyz7926522,Atlas,DC,09-06-2026 10:03,09-06-2026 10:14,Completed
Xyz7926646,Atlas,DC,09-06-2026 10:04,09-06-2026 10:05,Completed
Xyz7926781,Atlas,DC,09-06-2026 10:04,09-06-2026 10:05,Completed
Xyz7926813,Atlas,DC,09-06-2026 10:03,09-06-2026 10:04,Completed
Xyz7927098,Atlas,DC,09-06-2026 10:04,09-06-2026 10:05,Completed
Xyz7927164,Atlas,DC,09-06-2026 10:04,09-06-2026 10:05,Completed
Xyz7927227,Atlas,DC,09-06-2026 10:02,09-06-2026 10:03,Completed
Xyz7927290,Atlas,DC,09-06-2026 10:03,09-06-2026 10:14,Completed
Xyz7927291,Atlas,DC,09-06-2026 10:04,09-06-2026 10:12,Completed
Xyz7927403,Atlas,DC,09-06-2026 10:03,09-06-2026 10:13,Completed
Xyz7927418,Atlas,DC,09-06-2026 10:04,09-06-2026 10:14,Completed
Xyz7927462,Atlas,DC,09-06-2026 10:04,09-06-2026 10:05,Completed
Xyz7927483,Atlas,DC,09-06-2026 10:04,09-06-2026 10:13,Completed
Xyz7927497,Atlas,DC,09-06-2026 10:00,09-06-2026 10:41,Completed
Xyz7927504,Atlas,DC,09-06-2026 10:04,09-06-2026 10:16,Completed
Xyz7927518,Atlas,DC,09-06-2026 10:04,09-06-2026 12:38,Completed
Xyz7927593,Atlas,DC,09-06-2026 10:00,09-06-2026 10:59,Completed
Xyz7927616,Atlas,DC,09-06-2026 10:03,09-06-2026 12:40,Completed
Xyz7927643,Atlas,DC,09-06-2026 10:04,09-06-2026 10:15,Completed
Xyz7927823,Atlas,DC,09-06-2026 10:04,09-06-2026 10:16,Completed
Xyz7927954,Atlas,DC,09-06-2026 10:02,-NA-,Expired
Xyz7928008,Atlas,DC,09-06-2026 10:03,09-06-2026 10:13,Completed
Xyz7928023,Atlas,DC,09-06-2026 10:04,09-06-2026 12:43,Completed
Xyz7928078,Atlas,DC,09-06-2026 10:04,09-06-2026 10:05,Completed
Xyz7928088,Atlas,DC,09-06-2026 10:04,09-06-2026 10:05,Completed
Xyz7928205,Atlas,DC,09-06-2026 10:03,10-06-2026 09:42,Completed
Xyz7928254,Atlas,DC,09-06-2026 10:04,09-06-2026 10:06,Completed
Xyz7928267,Atlas,DC,09-06-2026 10:03,09-06-2026 10:04,Completed
Xyz7928292,Atlas,DC,09-06-2026 10:04,10-06-2026 09:42,Completed
Xyz7928295,Atlas,DC,09-06-2026 10:04,09-06-2026 10:04,Completed
Xyz7928342,Atlas,DC,09-06-2026 10:04,09-06-2026 10:11,Completed
Xyz7928385,Atlas,DC,09-06-2026 10:03,09-06-2026 10:04,Completed
Xyz7928431,Atlas,DC,09-06-2026 10:04,09-06-2026 10:30,Completed
Xyz7928589,Atlas,DC,09-06-2026 10:03,09-06-2026 10:04,Completed
Xyz7928710,Atlas,DC,09-06-2026 10:04,09-06-2026 10:05,Completed
Xyz7929034,Atlas,DC,09-06-2026 10:04,09-06-2026 11:56,Completed
Xyz7929083,Atlas,DC,09-06-2026 10:04,09-06-2026 11:32,Completed
Xyz7929161,Atlas,DC,09-06-2026 10:00,09-06-2026 10:01,Completed
Xyz7929194,Atlas,DC,09-06-2026 10:04,09-06-2026 11:57,Completed
Xyz7929210,Atlas,DC,09-06-2026 10:04,09-06-2026 10:04,Completed
Xyz7929353,Atlas,DC,09-06-2026 10:04,09-06-2026 10:14,Completed
Xyz7929457,Atlas,DC,09-06-2026 10:04,09-06-2026 16:40,Completed
Xyz7929539,Atlas,DC,09-06-2026 10:00,09-06-2026 12:43,Completed
Xyz7929872,Atlas,DC,09-06-2026 10:04,09-06-2026 12:41,Completed
Xyz7929918,Atlas,DC,09-06-2026 10:03,09-06-2026 12:39,Completed
Xyz7930045,Atlas,DC,09-06-2026 10:04,09-06-2026 12:43,Completed
Xyz7930206,Atlas,DC,09-06-2026 10:04,09-06-2026 12:33,Completed
Xyz7930365,Atlas,DC,09-06-2026 10:00,09-06-2026 12:39,Completed
Xyz7930415,Atlas,DC,09-06-2026 10:01,09-06-2026 11:36,Completed
Xyz7930431,Atlas,DC,09-06-2026 10:03,09-06-2026 12:37,Completed
Xyz7930466,Atlas,DC,09-06-2026 10:03,09-06-2026 10:12,Completed
Xyz7930641,Atlas,DC,09-06-2026 10:04,09-06-2026 10:59,Completed
Xyz7930647,Atlas,DC,09-06-2026 10:04,09-06-2026 10:13,Completed
Xyz7930903,Atlas,DC,09-06-2026 10:01,09-06-2026 10:13,Completed
Xyz7930923,Atlas,DC,09-06-2026 10:01,09-06-2026 10:12,Completed
Xyz7930934,Atlas,DC,09-06-2026 10:04,09-06-2026 10:12,Completed
Xyz7931085,Atlas,DC,09-06-2026 10:01,09-06-2026 11:02,Completed
Xyz7931223,Atlas,DC,09-06-2026 10:04,09-06-2026 10:18,Completed
Xyz7931357,Atlas,DC,09-06-2026 10:00,09-06-2026 10:13,Completed
Xyz7931546,Atlas,DC,09-06-2026 10:01,09-06-2026 12:14,Completed
Xyz7931587,Atlas,DC,09-06-2026 10:03,09-06-2026 12:34,Completed
Xyz7931657,Atlas,DC,09-06-2026 10:04,09-06-2026 12:33,Completed
Xyz7931816,Atlas,DC,09-06-2026 21:04,-NA-,Expired
Xyz7931952,Atlas,DC,09-06-2026 10:00,09-06-2026 10:01,Completed
Xyz7932156,Atlas,DC,09-06-2026 10:02,09-06-2026 10:07,Completed
Xyz7932233,Atlas,DC,09-06-2026 10:04,09-06-2026 10:07,Completed
Xyz7932594,Atlas,DC,09-06-2026 10:04,09-06-2026 10:06,Completed
Xyz7932767,Atlas,DC,09-06-2026 10:00,09-06-2026 10:10,Completed
Xyz7932805,Atlas,DC,09-06-2026 10:04,09-06-2026 10:06,Completed
Xyz7932850,Atlas,DC,09-06-2026 10:03,09-06-2026 10:07,Completed
Xyz7933013,Atlas,DC,09-06-2026 10:04,09-06-2026 10:04,Completed
Xyz7933045,Atlas,DC,09-06-2026 10:03,09-06-2026 10:04,Completed
Xyz7933160,Atlas,DC,09-06-2026 10:02,09-06-2026 10:04,Completed
Xyz7933223,Atlas,DC,09-06-2026 10:01,09-06-2026 10:06,Completed
Xyz7933269,Atlas,DC,09-06-2026 10:04,09-06-2026 10:04,Completed
Xyz7933329,Atlas,DC,09-06-2026 10:04,09-06-2026 10:04,Completed
Xyz7933404,Atlas,DC,09-06-2026 10:00,09-06-2026 10:01,Completed
Xyz7933458,Atlas,DC,09-06-2026 10:01,09-06-2026 10:01,Completed
Xyz7933484,Atlas,DC,09-06-2026 10:03,09-06-2026 10:03,Completed
Xyz7933523,Atlas,DC,09-06-2026 10:03,09-06-2026 10:08,Completed
Xyz7933631,Atlas,DC,09-06-2026 10:02,09-06-2026 10:10,Completed
Xyz7933680,Atlas,DC,09-06-2026 10:04,09-06-2026 10:04,Completed
Xyz7933725,Atlas,DC,09-06-2026 10:00,09-06-2026 10:01,Completed
Xyz7933764,Atlas,DC,09-06-2026 10:04,09-06-2026 10:04,Completed
Xyz7933863,Atlas,DC,09-06-2026 10:01,09-06-2026 10:02,Completed
Xyz7933874,Atlas,DC,09-06-2026 10:04,09-06-2026 10:05,Completed
Xyz7933928,Atlas,DC,09-06-2026 10:00,09-06-2026 10:01,Completed
Xyz7934082,Atlas,DC,09-06-2026 10:04,09-06-2026 10:05,Completed
Xyz7934093,Atlas,DC,09-06-2026 10:04,09-06-2026 10:04,Completed
Xyz7934168,Atlas,DC,09-06-2026 10:02,09-06-2026 10:03,Completed
Xyz7934272,Atlas,DC,09-06-2026 20:59,09-06-2026 21:00,Completed
Xyz7934301,Atlas,DC,09-06-2026 10:01,09-06-2026 10:01,Completed
Xyz7934380,Atlas,DC,09-06-2026 10:00,09-06-2026 10:01,Completed
Xyz7934434,Atlas,DC,09-06-2026 10:00,09-06-2026 10:01,Completed
Xyz7934442,Atlas,DC,09-06-2026 10:04,09-06-2026 14:42,Completed
Xyz7934475,Atlas,DC,09-06-2026 10:04,09-06-2026 11:42,Completed
Xyz7934485,Atlas,DC,09-06-2026 10:01,09-06-2026 12:12,Completed
Xyz7934511,Atlas,DC,09-06-2026 10:01,09-06-2026 10:03,Completed
Xyz7934545,Atlas,DC,09-06-2026 10:04,09-06-2026 10:52,Completed
Xyz7934607,Atlas,DC,09-06-2026 21:04,09-06-2026 21:05,Completed
Xyz7934750,Atlas,DC,09-06-2026 10:00,09-06-2026 10:01,Completed
Xyz7934806,Atlas,DC,09-06-2026 10:03,09-06-2026 10:04,Completed
Xyz7934918,Atlas,DC,09-06-2026 10:04,09-06-2026 10:04,Completed
Xyz7935124,Atlas,DC,09-06-2026 10:04,09-06-2026 11:42,Completed
Xyz7935259,Atlas,DC,09-06-2026 10:00,09-06-2026 10:03,Completed
Xyz7935268,Atlas,DC,09-06-2026 10:01,09-06-2026 11:52,Completed
Xyz7935438,Atlas,DC,09-06-2026 10:04,09-06-2026 11:51,Completed
Xyz7935454,Atlas,DC,09-06-2026 10:03,09-06-2026 14:04,Completed
Xyz7935458,Atlas,DC,09-06-2026 10:04,09-06-2026 11:53,Completed
Xyz7935559,Atlas,DC,09-06-2026 10:03,09-06-2026 14:02,Completed
Xyz7935609,Atlas,DC,09-06-2026 10:01,09-06-2026 11:52,Completed
Xyz7935645,Atlas,DC,09-06-2026 10:00,09-06-2026 10:01,Completed
Xyz7935766,Atlas,DC,09-06-2026 10:02,09-06-2026 10:06,Completed
Xyz7935812,Atlas,DC,09-06-2026 10:00,09-06-2026 11:46,Completed
Xyz7935823,Atlas,DC,09-06-2026 10:03,09-06-2026 10:03,Completed
Xyz7935897,Atlas,DC,09-06-2026 10:03,09-06-2026 10:34,Completed
Xyz7935941,Atlas,DC,09-06-2026 10:03,09-06-2026 10:39,Completed
Xyz7935955,Atlas,DC,09-06-2026 10:03,09-06-2026 10:04,Completed
Xyz7935976,Atlas,DC,09-06-2026 10:02,09-06-2026 10:03,Completed
Xyz7936020,Atlas,DC,09-06-2026 10:02,09-06-2026 10:03,Completed
Xyz7936188,Atlas,DC,09-06-2026 10:04,09-06-2026 10:05,Completed
Xyz7936475,Atlas,DC,09-06-2026 10:01,09-06-2026 13:58,Completed
Xyz7936485,Atlas,DC,09-06-2026 10:01,09-06-2026 10:03,Completed
Xyz7936854,Atlas,DC,09-06-2026 10:03,09-06-2026 10:04,Completed
Xyz7936931,Atlas,DC,09-06-2026 10:04,09-06-2026 10:37,Completed
Xyz7937276,Atlas,DC,09-06-2026 10:04,09-06-2026 10:04,Completed
Xyz7937288,Atlas,DC,09-06-2026 10:03,09-06-2026 10:16,Completed
Xyz7937302,Atlas,DC,09-06-2026 10:04,09-06-2026 10:05,Completed
Xyz7937428,Atlas,DC,09-06-2026 10:01,09-06-2026 10:10,Completed
Xyz7937718,Atlas,DC,09-06-2026 10:03,09-06-2026 10:04,Completed
Xyz7937722,Atlas,DC,09-06-2026 10:01,09-06-2026 12:50,Completed
Xyz7937787,Atlas,DC,09-06-2026 10:04,09-06-2026 10:11,Completed
Xyz7937939,Atlas,DC,09-06-2026 10:01,09-06-2026 10:02,Completed
Xyz7938107,Atlas,DC,09-06-2026 10:04,09-06-2026 12:49,Completed
Xyz7938138,Atlas,DC,09-06-2026 10:04,09-06-2026 10:04,Completed
Xyz7938280,Atlas,DC,09-06-2026 10:02,09-06-2026 10:03,Completed
Xyz7938309,Atlas,DC,09-06-2026 10:03,09-06-2026 10:16,Completed
Xyz7938349,Atlas,DC,09-06-2026 10:04,09-06-2026 10:11,Completed
Xyz7938504,Atlas,DC,09-06-2026 10:04,09-06-2026 10:04,Completed
Xyz7938543,Atlas,DC,09-06-2026 10:03,09-06-2026 10:04,Completed
Xyz7938545,Atlas,DC,09-06-2026 10:04,09-06-2026 10:05,Completed
Xyz7938571,Atlas,DC,09-06-2026 10:02,09-06-2026 10:36,Completed
Xyz7938621,Atlas,DC,09-06-2026 10:03,09-06-2026 10:04,Completed
Xyz7938722,Atlas,DC,09-06-2026 10:04,09-06-2026 10:04,Completed
Xyz7938773,Atlas,DC,09-06-2026 10:00,09-06-2026 10:09,Completed
Xyz7938818,Atlas,DC,09-06-2026 10:04,09-06-2026 10:12,Completed
Xyz7938864,Atlas,DC,09-06-2026 10:04,09-06-2026 10:04,Completed
Xyz7938868,Atlas,DC,09-06-2026 10:00,09-06-2026 10:01,Completed
Xyz7938872,Atlas,DC,09-06-2026 10:04,09-06-2026 10:05,Completed
Xyz7938896,Atlas,DC,09-06-2026 10:04,09-06-2026 10:04,Completed
Xyz7938973,Atlas,DC,09-06-2026 10:03,09-06-2026 10:03,Completed
Xyz7938978,Atlas,DC,09-06-2026 10:04,09-06-2026 10:05,Completed
Xyz7938981,Atlas,DC,09-06-2026 10:03,09-06-2026 10:04,Completed
Xyz7939101,Atlas,DC,09-06-2026 10:03,09-06-2026 10:03,Completed
Xyz7939118,Atlas,DC,09-06-2026 10:03,09-06-2026 10:04,Completed
Xyz7939136,Atlas,DC,09-06-2026 10:02,09-06-2026 10:10,Completed
Xyz7939137,Atlas,DC,09-06-2026 10:02,09-06-2026 10:16,Completed
Xyz7939182,Atlas,DC,09-06-2026 10:01,09-06-2026 10:15,Completed
Xyz7939184,Atlas,DC,09-06-2026 10:03,09-06-2026 10:07,Completed
Xyz7939239,Atlas,DC,09-06-2026 10:04,09-06-2026 10:04,Completed
Xyz7939251,Atlas,DC,09-06-2026 10:03,09-06-2026 10:04,Completed
Xyz7939264,Atlas,DC,09-06-2026 10:02,09-06-2026 10:05,Completed
Xyz7939325,Atlas,DC,09-06-2026 10:00,09-06-2026 10:06,Completed
Xyz7939603,Atlas,DC,09-06-2026 10:01,09-06-2026 10:07,Completed
Xyz7939721,Atlas,DC,09-06-2026 10:00,09-06-2026 10:01,Completed
Xyz7939729,Atlas,DC,09-06-2026 10:02,09-06-2026 10:03,Completed
Xyz7939764,Atlas,DC,09-06-2026 10:03,09-06-2026 10:03,Completed
Xyz7939898,Atlas,DC,09-06-2026 10:04,09-06-2026 10:08,Completed
Xyz7939984,Atlas,DC,09-06-2026 10:02,09-06-2026 10:18,Completed
Xyz7940263,Atlas,DC,09-06-2026 10:03,09-06-2026 10:04,Completed
Xyz7940327,Atlas,DC,09-06-2026 10:04,09-06-2026 10:05,Completed
Xyz7940359,Atlas,DC,09-06-2026 10:01,09-06-2026 10:02,Completed
Xyz7940640,Atlas,DC,09-06-2026 10:01,-NA-,Expired
Xyz7940647,Atlas,DC,09-06-2026 10:03,09-06-2026 10:04,Completed
Xyz7940703,Atlas,DC,09-06-2026 10:03,09-06-2026 10:04,Completed
Xyz7940926,Atlas,DC,09-06-2026 10:04,09-06-2026 10:05,Completed
Xyz7940940,Atlas,DC,09-06-2026 10:04,09-06-2026 10:05,Completed
Xyz7941094,Atlas,DC,09-06-2026 10:04,09-06-2026 10:04,Completed
Xyz7941144,Atlas,DC,09-06-2026 10:04,09-06-2026 10:51,Completed
Xyz7941297,Atlas,DC,09-06-2026 10:04,09-06-2026 10:04,Completed
Xyz7941345,Atlas,DC,09-06-2026 10:04,09-06-2026 10:06,Completed
Xyz7941383,Atlas,DC,09-06-2026 10:04,09-06-2026 10:04,Completed
Xyz7941542,Atlas,DC,09-06-2026 10:00,09-06-2026 10:01,Completed
Xyz7941677,Atlas,DC,09-06-2026 10:04,09-06-2026 10:04,Completed
Xyz7941974,Atlas,DC,09-06-2026 10:04,09-06-2026 10:21,Completed
Xyz7941978,Atlas,DC,09-06-2026 10:04,09-06-2026 10:33,Completed
Xyz7942090,Atlas,DC,09-06-2026 10:04,09-06-2026 13:36,Completed
Xyz7942142,Atlas,DC,09-06-2026 10:04,09-06-2026 10:04,Completed
Xyz7942503,Atlas,DC,09-06-2026 10:03,09-06-2026 10:04,Completed
Xyz7942582,Atlas,DC,09-06-2026 10:04,-NA-,Expired
Xyz7942603,Atlas,DC,09-06-2026 10:00,09-06-2026 10:10,Completed
Xyz7942699,Atlas,DC,09-06-2026 10:04,09-06-2026 10:04,Completed
Xyz7942702,Atlas,DC,09-06-2026 10:02,09-06-2026 10:03,Completed
Xyz7942746,Atlas,DC,09-06-2026 10:04,09-06-2026 10:04,Completed
Xyz7942748,Atlas,DC,09-06-2026 10:01,09-06-2026 10:02,Completed
Xyz7942850,Atlas,DC,09-06-2026 10:04,09-06-2026 10:04,Completed
Xyz7943052,Atlas,DC,09-06-2026 10:04,09-06-2026 10:06,Completed
Xyz7943065,Atlas,DC,09-06-2026 10:01,09-06-2026 10:21,Completed
Xyz7943107,Atlas,DC,09-06-2026 10:00,09-06-2026 10:01,Completed
Xyz7943275,Atlas,DC,09-06-2026 10:02,09-06-2026 10:03,Completed
Xyz7943323,Atlas,DC,09-06-2026 10:03,09-06-2026 10:04,Completed
Xyz7943335,Atlas,DC,09-06-2026 10:01,09-06-2026 10:02,Completed
Xyz7943411,Atlas,DC,09-06-2026 10:04,09-06-2026 10:11,Completed
Xyz7943439,Atlas,DC,09-06-2026 10:01,09-06-2026 10:01,Completed
Xyz7943459,Atlas,DC,09-06-2026 10:04,09-06-2026 12:21,Completed
Xyz7943466,Atlas,DC,09-06-2026 10:04,09-06-2026 10:04,Completed
Xyz7943826,Atlas,DC,09-06-2026 10:04,09-06-2026 10:06,Completed
Xyz7943846,Atlas,DC,09-06-2026 10:04,09-06-2026 10:04,Completed
Xyz7943891,Atlas,DC,09-06-2026 10:04,09-06-2026 10:04,Completed
Xyz7943962,Atlas,DC,09-06-2026 10:04,09-06-2026 10:04,Completed
Xyz7944010,Atlas,DC,09-06-2026 10:04,09-06-2026 10:05,Completed
Xyz7944066,Atlas,DC,09-06-2026 10:04,09-06-2026 12:48,Completed
Xyz7944092,Atlas,DC,09-06-2026 10:03,09-06-2026 10:11,Completed
Xyz7944112,Atlas,DC,09-06-2026 10:04,09-06-2026 14:39,Completed
Xyz7944169,Atlas,DC,09-06-2026 10:01,09-06-2026 10:10,Completed
Xyz7944207,Atlas,DC,09-06-2026 10:04,09-06-2026 10:10,Completed
Xyz7944216,Atlas,DC,09-06-2026 10:03,09-06-2026 10:09,Completed
Xyz7944267,Atlas,DC,09-06-2026 10:03,09-06-2026 11:10,Completed
Xyz7944288,Atlas,DC,09-06-2026 10:04,09-06-2026 10:45,Completed
Xyz7944302,Atlas,DC,09-06-2026 10:04,09-06-2026 10:04,Completed
Xyz7944315,Atlas,DC,09-06-2026 10:04,09-06-2026 14:14,Completed
Xyz7944475,Atlas,DC,09-06-2026 10:03,09-06-2026 11:12,Completed
Xyz7944502,Atlas,DC,09-06-2026 10:01,09-06-2026 10:36,Completed
Xyz7944562,Atlas,DC,09-06-2026 10:04,09-06-2026 11:07,Completed
Xyz7944638,Atlas,DC,09-06-2026 10:04,09-06-2026 12:49,Completed
Xyz7944660,Atlas,DC,09-06-2026 10:00,09-06-2026 10:01,Completed
Xyz7944671,Atlas,DC,09-06-2026 10:04,09-06-2026 10:11,Completed
Xyz7944693,Atlas,DC,09-06-2026 10:00,09-06-2026 14:25,Completed
Xyz7944722,Atlas,DC,09-06-2026 10:04,09-06-2026 10:04,Completed
Xyz7944731,Atlas,DC,09-06-2026 10:04,09-06-2026 10:04,Completed
Xyz7944768,Atlas,DC,09-06-2026 10:04,09-06-2026 12:46,Completed
Xyz7944784,Atlas,DC,09-06-2026 10:04,09-06-2026 10:06,Completed
Xyz7944799,Atlas,DC,09-06-2026 10:04,09-06-2026 10:04,Completed
Xyz7944832,Atlas,DC,09-06-2026 10:04,09-06-2026 13:53,Completed
Xyz7944905,Atlas,DC,09-06-2026 10:03,09-06-2026 10:11,Completed
Xyz7944950,Atlas,DC,09-06-2026 10:04,09-06-2026 10:16,Completed
Xyz7944979,Atlas,DC,09-06-2026 10:00,09-06-2026 11:12,Completed
Xyz7945007,Atlas,DC,09-06-2026 10:03,09-06-2026 11:06,Completed
Xyz7945078,Atlas,DC,09-06-2026 10:04,09-06-2026 11:12,Completed
Xyz7945107,Atlas,DC,09-06-2026 10:04,09-06-2026 10:05,Completed
Xyz7945128,Atlas,DC,09-06-2026 10:03,09-06-2026 11:08,Completed
Xyz7945129,Atlas,DC,09-06-2026 10:04,09-06-2026 11:08,Completed
Xyz7945150,Atlas,DC,09-06-2026 10:00,09-06-2026 10:01,Completed
Xyz7945241,Atlas,DC,09-06-2026 10:04,09-06-2026 11:07,Completed
Xyz7945312,Atlas,DC,09-06-2026 10:04,09-06-2026 10:30,Completed
Xyz7945325,Atlas,DC,09-06-2026 10:04,09-06-2026 10:12,Completed
Xyz7945385,Atlas,DC,09-06-2026 10:04,09-06-2026 12:47,Completed
Xyz7945432,Atlas,DC,09-06-2026 10:00,09-06-2026 10:01,Completed
Xyz7945451,Atlas,DC,09-06-2026 10:04,09-06-2026 10:05,Completed
Xyz7945478,Atlas,DC,09-06-2026 10:04,09-06-2026 10:11,Completed
Xyz7945553,Atlas,DC,09-06-2026 10:04,09-06-2026 10:35,Completed
Xyz7945564,Atlas,DC,09-06-2026 10:00,09-06-2026 11:09,Completed
Xyz7945583,Atlas,DC,09-06-2026 10:03,09-06-2026 12:46,Completed
Xyz7945609,Atlas,DC,09-06-2026 10:02,09-06-2026 10:03,Completed
Xyz7945697,Atlas,DC,09-06-2026 10:04,09-06-2026 14:05,Completed
Xyz7945703,Atlas,DC,09-06-2026 10:02,09-06-2026 15:36,Completed
Xyz7945739,Atlas,DC,09-06-2026 10:03,09-06-2026 11:04,Completed
Xyz7945749,Atlas,DC,09-06-2026 10:04,09-06-2026 11:52,Completed
Xyz7945852,Atlas,DC,09-06-2026 10:04,09-06-2026 10:11,Completed
Xyz7945853,Atlas,DC,09-06-2026 10:04,09-06-2026 10:10,Completed
Xyz7945925,Atlas,DC,09-06-2026 10:04,09-06-2026 11:07,Completed
Xyz7945962,Atlas,DC,09-06-2026 10:03,09-06-2026 11:10,Completed
Xyz7946007,Atlas,DC,09-06-2026 10:04,09-06-2026 11:09,Completed
Xyz7946289,Atlas,DC,09-06-2026 10:01,09-06-2026 14:03,Completed
Xyz7946346,Atlas,DC,09-06-2026 10:04,09-06-2026 11:52,Completed
Xyz7946530,Atlas,DC,09-06-2026 10:04,09-06-2026 10:08,Completed
Xyz7946549,Atlas,DC,09-06-2026 10:04,09-06-2026 10:11,Completed
Xyz7946634,Atlas,DC,09-06-2026 10:02,09-06-2026 10:39,Completed
Xyz7946781,Atlas,DC,09-06-2026 10:04,09-06-2026 11:54,Completed
Xyz7946796,Atlas,DC,09-06-2026 10:01,09-06-2026 10:09,Completed
Xyz7946797,Atlas,DC,09-06-2026 10:01,09-06-2026 10:08,Completed
Xyz7946805,Atlas,DC,09-06-2026 10:01,09-06-2026 15:45,Completed
Xyz7946943,Atlas,DC,09-06-2026 10:03,09-06-2026 10:44,Completed
Xyz7946944,Atlas,DC,09-06-2026 10:03,09-06-2026 10:40,Completed
Xyz7946953,Atlas,DC,09-06-2026 10:04,09-06-2026 10:39,Completed
Xyz7946994,Atlas,DC,09-06-2026 10:04,09-06-2026 11:46,Completed
Xyz7947202,Atlas,DC,09-06-2026 10:01,09-06-2026 11:02,Completed
Xyz7947281,Atlas,DC,09-06-2026 10:04,09-06-2026 10:04,Completed
Xyz7947315,Atlas,DC,09-06-2026 10:00,09-06-2026 10:01,Completed
Xyz7947367,Atlas,DC,09-06-2026 10:04,09-06-2026 10:04,Completed
Xyz7947370,Atlas,DC,09-06-2026 10:01,09-06-2026 10:01,Completed
Xyz7947442,Atlas,DC,09-06-2026 10:04,09-06-2026 10:04,Completed
Xyz7947458,Atlas,DC,09-06-2026 10:04,09-06-2026 10:04,Completed
Xyz7947476,Atlas,DC,09-06-2026 10:04,09-06-2026 10:04,Completed
Xyz7947648,Atlas,DC,09-06-2026 10:02,09-06-2026 10:03,Completed
Xyz7947677,Atlas,DC,09-06-2026 10:04,09-06-2026 10:04,Completed
Xyz7947727,Atlas,DC,09-06-2026 10:03,09-06-2026 10:04,Completed
Xyz7947777,Atlas,DC,09-06-2026 10:04,09-06-2026 10:04,Completed
Xyz7947834,Atlas,DC,09-06-2026 10:04,09-06-2026 10:04,Completed
Xyz7947843,Atlas,DC,09-06-2026 10:04,09-06-2026 10:04,Completed
Xyz7947901,Atlas,DC,09-06-2026 10:04,09-06-2026 10:04,Completed
Xyz7947914,Atlas,DC,09-06-2026 10:04,09-06-2026 10:04,Completed
Xyz7947915,Atlas,DC,09-06-2026 10:04,09-06-2026 10:04,Completed
Xyz7948033,Atlas,DC,09-06-2026 10:04,09-06-2026 10:04,Completed
Xyz7948153,Atlas,DC,09-06-2026 10:04,09-06-2026 10:04,Completed
Xyz7948167,Atlas,DC,09-06-2026 10:04,09-06-2026 10:05,Completed
Xyz7948178,Atlas,DC,09-06-2026 10:03,09-06-2026 10:04,Completed
Xyz7948239,Atlas,DC,09-06-2026 10:00,09-06-2026 10:03,Completed
Xyz7948319,Atlas,DC,09-06-2026 10:04,09-06-2026 12:43,Completed
Xyz7948373,Atlas,DC,09-06-2026 10:00,09-06-2026 10:01,Completed
Xyz7948747,Atlas,DC,09-06-2026 10:04,09-06-2026 10:05,Completed
Xyz7948831,Atlas,DC,09-06-2026 10:04,09-06-2026 10:04,Completed
Xyz7948855,Atlas,DC,09-06-2026 10:03,09-06-2026 12:38,Completed
Xyz7948882,Atlas,DC,09-06-2026 10:04,09-06-2026 12:39,Completed
Xyz7949011,Atlas,DC,09-06-2026 10:00,09-06-2026 12:40,Completed
Xyz7949146,Atlas,DC,09-06-2026 10:03,09-06-2026 12:39,Completed
Xyz7949254,Atlas,DC,09-06-2026 10:04,09-06-2026 16:31,Completed
Xyz7949273,Atlas,DC,09-06-2026 10:04,09-06-2026 12:38,Completed
Xyz7949320,Atlas,DC,09-06-2026 10:04,09-06-2026 12:39,Completed
Xyz7949354,Atlas,DC,09-06-2026 10:01,09-06-2026 12:49,Completed
Xyz7949447,Atlas,DC,09-06-2026 10:00,09-06-2026 10:03,Completed
Xyz7949596,Atlas,DC,09-06-2026 10:01,09-06-2026 12:38,Completed
Xyz7949640,Atlas,DC,09-06-2026 10:01,09-06-2026 16:33,Completed
Xyz7949749,Atlas,DC,09-06-2026 10:04,09-06-2026 10:05,Completed
Xyz7950000,Atlas,DC,09-06-2026 10:03,09-06-2026 12:35,Completed
Xyz7950047,Atlas,DC,09-06-2026 10:03,09-06-2026 12:34,Completed
Xyz7950207,Atlas,DC,09-06-2026 10:00,09-06-2026 12:38,Completed
Xyz7950213,Atlas,DC,09-06-2026 10:01,09-06-2026 12:36,Completed
Xyz7950362,Atlas,DC,09-06-2026 10:04,-NA-,Expired
Xyz7950573,Atlas,DC,09-06-2026 10:00,09-06-2026 11:02,Completed
Xyz7950623,Atlas,DC,09-06-2026 10:04,09-06-2026 10:14,Completed
Xyz7950858,Atlas,DC,09-06-2026 10:00,09-06-2026 12:35,Completed
Xyz7951015,Atlas,DC,09-06-2026 10:04,09-06-2026 10:14,Completed
Xyz7951020,Atlas,DC,09-06-2026 10:00,09-06-2026 10:16,Completed
Xyz7951047,Atlas,DC,09-06-2026 10:04,09-06-2026 10:17,Completed
Xyz7951077,Atlas,DC,09-06-2026 10:04,09-06-2026 10:14,Completed
Xyz7951132,Atlas,DC,09-06-2026 10:04,09-06-2026 12:35,Completed
Xyz7951178,Atlas,DC,09-06-2026 10:03,09-06-2026 12:33,Completed
Xyz7951369,Atlas,DC,09-06-2026 10:04,09-06-2026 10:15,Completed
Xyz7951447,Atlas,DC,09-06-2026 10:02,10-06-2026 09:09,Completed
Xyz7951545,Atlas,DC,09-06-2026 10:04,09-06-2026 11:39,Completed
Xyz7951753,Atlas,DC,09-06-2026 10:03,09-06-2026 10:15,Completed
Xyz7951781,Atlas,DC,09-06-2026 10:04,09-06-2026 10:05,Completed
Xyz7951784,Atlas,DC,09-06-2026 10:03,09-06-2026 10:04,Completed
Xyz7951850,Atlas,DC,09-06-2026 10:04,09-06-2026 10:04,Completed
Xyz7951936,Atlas,DC,09-06-2026 10:02,09-06-2026 10:03,Completed
Xyz7952064,Atlas,DC,09-06-2026 10:03,09-06-2026 10:16,Completed
Xyz7952196,Atlas,DC,09-06-2026 10:03,09-06-2026 10:12,Completed
Xyz7952237,Atlas,DC,09-06-2026 10:04,09-06-2026 10:12,Completed
Xyz7952277,Atlas,DC,09-06-2026 10:00,09-06-2026 10:14,Completed
Xyz7952309,Atlas,DC,09-06-2026 10:03,09-06-2026 10:16,Completed
Xyz7952312,Atlas,DC,09-06-2026 10:01,09-06-2026 13:08,Completed
Xyz7952319,Atlas,DC,09-06-2026 10:00,09-06-2026 10:19,Completed
Xyz7952321,Atlas,DC,09-06-2026 10:03,09-06-2026 10:15,Completed
Xyz7952416,Atlas,DC,09-06-2026 10:03,09-06-2026 10:12,Completed
Xyz7952437,Atlas,DC,09-06-2026 10:04,09-06-2026 10:12,Completed
Xyz7952612,Atlas,DC,09-06-2026 10:03,09-06-2026 10:12,Completed
Xyz7952706,Atlas,DC,09-06-2026 10:01,09-06-2026 10:16,Completed
Xyz7952774,Atlas,DC,09-06-2026 10:02,09-06-2026 10:12,Completed
Xyz7952919,Atlas,DC,09-06-2026 10:04,09-06-2026 10:20,Completed
Xyz7952932,Atlas,DC,09-06-2026 10:01,09-06-2026 12:38,Completed
Xyz7952947,Atlas,DC,09-06-2026 10:02,09-06-2026 10:03,Completed
Xyz7952972,Atlas,DC,09-06-2026 10:03,09-06-2026 10:04,Completed
Xyz7953076,Atlas,DC,09-06-2026 10:04,09-06-2026 10:12,Completed
Xyz7953106,Atlas,DC,09-06-2026 10:03,09-06-2026 16:34,Completed
Xyz7953115,Atlas,DC,09-06-2026 10:04,09-06-2026 10:05,Completed
Xyz7953183,Atlas,DC,09-06-2026 10:03,09-06-2026 12:33,Completed
Xyz7953304,Atlas,DC,09-06-2026 10:02,09-06-2026 10:03,Completed
Xyz7953516,Atlas,DC,09-06-2026 10:00,09-06-2026 12:39,Completed
Xyz7953568,Atlas,DC,09-06-2026 10:00,09-06-2026 10:13,Completed
Xyz7953635,Atlas,DC,09-06-2026 10:03,09-06-2026 10:57,Completed
Xyz7953900,Atlas,DC,09-06-2026 10:04,09-06-2026 10:05,Completed
Xyz7953905,Atlas,DC,09-06-2026 10:00,09-06-2026 10:01,Completed
Xyz7953946,Atlas,DC,09-06-2026 10:04,09-06-2026 10:05,Completed
Xyz7953964,Atlas,DC,09-06-2026 10:00,09-06-2026 10:01,Completed
Xyz7954259,Atlas,DC,09-06-2026 10:00,09-06-2026 10:01,Completed
Xyz7954269,Atlas,DC,09-06-2026 10:02,09-06-2026 10:03,Completed
Xyz7954277,Atlas,DC,09-06-2026 10:04,09-06-2026 10:05,Completed
Xyz7954326,Atlas,DC,09-06-2026 10:04,09-06-2026 10:04,Completed
Xyz7954416,Atlas,DC,09-06-2026 10:00,09-06-2026 10:01,Completed
Xyz7954503,Atlas,DC,09-06-2026 10:02,09-06-2026 10:02,Completed
Xyz7954537,Atlas,DC,09-06-2026 10:03,09-06-2026 10:04,Completed
Xyz7954541,Atlas,DC,09-06-2026 10:00,09-06-2026 10:08,Completed
Xyz7954584,Atlas,DC,09-06-2026 10:03,09-06-2026 10:04,Completed
Xyz7954700,Atlas,DC,09-06-2026 10:00,09-06-2026 10:01,Completed
Xyz7954751,Atlas,DC,09-06-2026 10:04,09-06-2026 10:05,Completed
Xyz7954803,Atlas,DC,09-06-2026 10:03,09-06-2026 10:03,Completed
Xyz7954842,Atlas,DC,09-06-2026 10:04,09-06-2026 10:04,Completed
Xyz7954849,Atlas,DC,09-06-2026 10:04,09-06-2026 10:04,Completed
Xyz7954872,Atlas,DC,09-06-2026 10:00,09-06-2026 10:01,Completed
Xyz7954948,Atlas,DC,09-06-2026 10:04,09-06-2026 10:05,Completed
Xyz7954969,Atlas,DC,09-06-2026 10:04,09-06-2026 10:04,Completed
Xyz7955022,Atlas,DC,09-06-2026 10:04,09-06-2026 10:04,Completed
Xyz7955081,Atlas,DC,09-06-2026 10:04,09-06-2026 10:05,Completed
Xyz7955108,Atlas,DC,09-06-2026 10:00,09-06-2026 10:01,Completed
Xyz7955126,Atlas,DC,09-06-2026 10:03,09-06-2026 10:03,Completed
Xyz7955180,Atlas,DC,09-06-2026 10:04,09-06-2026 10:05,Completed
Xyz7955293,Atlas,DC,09-06-2026 10:03,09-06-2026 10:04,Completed
Xyz7955326,Atlas,DC,09-06-2026 10:04,09-06-2026 10:15,Completed
Xyz7955375,Atlas,DC,09-06-2026 10:02,09-06-2026 10:03,Completed
Xyz7955378,Atlas,DC,09-06-2026 10:04,09-06-2026 10:04,Completed
Xyz7955408,Atlas,DC,09-06-2026 10:00,09-06-2026 10:01,Completed
Xyz7955607,Atlas,DC,09-06-2026 10:04,09-06-2026 10:05,Completed
Xyz7955669,Atlas,DC,09-06-2026 10:00,09-06-2026 12:32,Completed
Xyz7955696,Atlas,DC,09-06-2026 10:02,09-06-2026 14:10,Completed
Xyz7955767,Atlas,DC,09-06-2026 10:04,09-06-2026 12:34,Completed
Xyz7955799,Atlas,DC,09-06-2026 10:03,09-06-2026 12:34,Completed
Xyz7955956,Atlas,DC,09-06-2026 10:01,09-06-2026 10:02,Completed
Xyz7956099,Atlas,DC,09-06-2026 10:04,09-06-2026 10:05,Completed
Xyz7956105,Atlas,DC,09-06-2026 10:01,09-06-2026 10:02,Completed
Xyz7956141,Atlas,DC,09-06-2026 10:04,09-06-2026 10:04,Completed
Xyz7956236,Atlas,DC,09-06-2026 10:03,09-06-2026 10:04,Completed
Xyz7956403,Atlas,DC,09-06-2026 10:01,09-06-2026 10:02,Completed
Xyz7956424,Atlas,DC,09-06-2026 10:04,09-06-2026 10:04,Completed
Xyz7956436,Atlas,DC,09-06-2026 10:04,09-06-2026 10:06,Completed
Xyz7956456,Atlas,DC,09-06-2026 10:04,09-06-2026 10:04,Completed
Xyz7956490,Atlas,DC,09-06-2026 10:01,09-06-2026 10:02,Completed
Xyz7956560,Atlas,DC,09-06-2026 10:04,09-06-2026 10:04,Completed
Xyz7956624,Atlas,DC,09-06-2026 10:04,09-06-2026 10:36,Completed
Xyz7956705,Atlas,DC,09-06-2026 10:04,09-06-2026 10:04,Completed
Xyz7956829,Atlas,DC,09-06-2026 10:03,09-06-2026 10:04,Completed
Xyz7956858,Atlas,DC,09-06-2026 10:04,09-06-2026 10:05,Completed
Xyz7956997,Atlas,DC,09-06-2026 10:01,09-06-2026 10:02,Completed
Xyz7957006,Atlas,DC,09-06-2026 10:01,09-06-2026 10:01,Completed
Xyz7957051,Atlas,DC,09-06-2026 10:00,09-06-2026 10:01,Completed
Xyz7957080,Atlas,DC,09-06-2026 10:01,09-06-2026 10:02,Completed
Xyz7957178,Atlas,DC,09-06-2026 10:04,09-06-2026 10:04,Completed
Xyz7957224,Atlas,DC,09-06-2026 10:01,09-06-2026 10:02,Completed
Xyz7957348,Atlas,DC,09-06-2026 10:04,09-06-2026 10:05,Completed
Xyz7957406,Atlas,DC,09-06-2026 10:00,09-06-2026 10:01,Completed
Xyz7957643,Atlas,DC,09-06-2026 10:01,09-06-2026 10:02,Completed
Xyz7957783,Atlas,DC,09-06-2026 10:03,09-06-2026 10:14,Completed
Xyz7957800,Atlas,DC,09-06-2026 10:01,09-06-2026 12:07,Completed
Xyz7957943,Atlas,DC,09-06-2026 10:01,09-06-2026 10:12,Completed
Xyz7957957,Atlas,DC,09-06-2026 10:03,09-06-2026 10:14,Completed
Xyz7958010,Atlas,DC,09-06-2026 10:00,09-06-2026 12:34,Completed
Xyz7958014,Atlas,DC,09-06-2026 21:03,-NA-,Expired
Xyz7958053,Atlas,DC,09-06-2026 10:01,09-06-2026 10:02,Completed
Xyz7958191,Atlas,DC,09-06-2026 10:04,09-06-2026 10:05,Completed
Xyz7958199,Atlas,DC,09-06-2026 10:03,09-06-2026 10:13,Completed
Xyz7958213,Atlas,DC,09-06-2026 10:04,09-06-2026 10:05,Completed
Xyz7958365,Atlas,DC,09-06-2026 10:00,09-06-2026 10:12,Completed
Xyz7958390,Atlas,DC,09-06-2026 10:00,09-06-2026 10:01,Completed
Xyz7958428,Atlas,DC,09-06-2026 10:02,09-06-2026 10:03,Completed
Xyz7958500,Atlas,DC,09-06-2026 10:03,09-06-2026 12:33,Completed
Xyz7958614,Atlas,DC,09-06-2026 10:03,09-06-2026 10:03,Completed
Xyz7958677,Atlas,DC,09-06-2026 10:03,09-06-2026 10:03,Completed
Xyz7958738,Atlas,DC,09-06-2026 10:03,-NA-,Expired
Xyz7958778,Atlas,DC,09-06-2026 10:04,09-06-2026 11:57,Completed
Xyz7958786,Atlas,DC,09-06-2026 10:04,09-06-2026 10:04,Completed
Xyz7958828,Atlas,DC,09-06-2026 10:03,09-06-2026 11:56,Completed
Xyz7958940,Atlas,DC,09-06-2026 10:04,09-06-2026 12:40,Completed
Xyz7958944,Atlas,DC,09-06-2026 21:02,-NA-,Expired
Xyz7958986,Atlas,DC,09-06-2026 10:02,09-06-2026 12:35,Completed
Xyz7959009,Atlas,DC,09-06-2026 10:03,09-06-2026 10:04,Completed
Xyz7959074,Atlas,DC,09-06-2026 10:04,09-06-2026 10:15,Completed
Xyz7959121,Atlas,DC,09-06-2026 10:00,09-06-2026 12:39,Completed
Xyz7959199,Atlas,DC,09-06-2026 10:01,09-06-2026 10:03,Completed
Xyz7959328,Atlas,DC,09-06-2026 10:03,09-06-2026 10:03,Completed
Xyz7959380,Atlas,DC,09-06-2026 10:02,09-06-2026 10:38,Completed
Xyz7959383,Atlas,DC,09-06-2026 10:02,09-06-2026 10:10,Completed
Xyz7959436,Atlas,DC,09-06-2026 10:04,09-06-2026 10:04,Completed
Xyz7959438,Atlas,DC,09-06-2026 10:01,10-06-2026 09:01,Completed
Xyz7959490,Atlas,DC,09-06-2026 10:01,09-06-2026 10:01,Completed
Xyz7959494,Atlas,DC,09-06-2026 10:03,09-06-2026 10:04,Completed
Xyz7959548,Atlas,DC,09-06-2026 10:00,09-06-2026 10:04,Completed
Xyz7959553,Atlas,DC,09-06-2026 10:04,09-06-2026 10:05,Completed
Xyz7959577,Atlas,DC,09-06-2026 10:04,09-06-2026 10:05,Completed
Xyz7959583,Atlas,DC,09-06-2026 10:04,09-06-2026 10:05,Completed
Xyz7959652,Atlas,DC,09-06-2026 10:04,09-06-2026 10:05,Completed
Xyz7959894,Atlas,DC,09-06-2026 10:01,09-06-2026 10:02,Completed
Xyz7959909,Atlas,DC,09-06-2026 10:04,09-06-2026 10:05,Completed
Xyz7959996,Atlas,DC,09-06-2026 10:04,09-06-2026 10:05,Completed
Xyz7960045,Atlas,DC,09-06-2026 10:03,09-06-2026 10:03,Completed
Xyz7960203,Atlas,DC,09-06-2026 10:04,09-06-2026 10:05,Completed
Xyz7960452,Atlas,DC,09-06-2026 10:04,09-06-2026 10:04,Completed
Xyz7960471,Atlas,DC,09-06-2026 10:03,09-06-2026 10:03,Completed
Xyz7960533,Atlas,DC,09-06-2026 10:04,09-06-2026 10:05,Completed
Xyz7960596,Atlas,DC,09-06-2026 10:04,09-06-2026 10:04,Completed
Xyz7960699,Atlas,DC,09-06-2026 10:00,09-06-2026 10:01,Completed
Xyz7960988,Atlas,DC,09-06-2026 10:01,09-06-2026 10:01,Completed
Xyz7961015,Atlas,DC,09-06-2026 10:04,09-06-2026 10:04,Completed
Xyz7961016,Atlas,DC,09-06-2026 10:03,09-06-2026 10:04,Completed
Xyz7961055,Atlas,DC,09-06-2026 10:04,09-06-2026 10:04,Completed
Xyz7961116,Atlas,DC,09-06-2026 10:00,09-06-2026 10:01,Completed
Xyz7961124,Atlas,DC,09-06-2026 10:03,09-06-2026 10:04,Completed
Xyz7961218,Atlas,DC,09-06-2026 10:03,09-06-2026 10:04,Completed
Xyz7961285,Atlas,DC,09-06-2026 10:03,09-06-2026 11:03,Completed
Xyz7961348,Atlas,DC,09-06-2026 10:04,09-06-2026 10:05,Completed
Xyz7961385,Atlas,DC,09-06-2026 10:04,09-06-2026 10:05,Completed
Xyz7961435,Atlas,DC,09-06-2026 10:00,09-06-2026 10:01,Completed
Xyz7961637,Atlas,DC,09-06-2026 10:03,09-06-2026 10:04,Completed
Xyz7961715,Atlas,DC,09-06-2026 10:02,09-06-2026 10:03,Completed
Xyz7961736,Atlas,DC,09-06-2026 10:03,09-06-2026 10:03,Completed
Xyz7961769,Atlas,DC,09-06-2026 10:00,09-06-2026 10:01,Completed
Xyz7961804,Atlas,DC,09-06-2026 10:04,09-06-2026 10:04,Completed
Xyz7961903,Atlas,DC,09-06-2026 10:04,09-06-2026 10:04,Completed
Xyz7962080,Atlas,DC,09-06-2026 10:03,09-06-2026 11:07,Completed
Xyz7962101,Atlas,DC,09-06-2026 10:02,09-06-2026 10:03,Completed
Xyz7962124,Atlas,DC,09-06-2026 10:00,09-06-2026 10:03,Completed
Xyz7962154,Atlas,DC,09-06-2026 10:04,09-06-2026 14:40,Completed
Xyz7962322,Atlas,DC,09-06-2026 10:00,09-06-2026 11:09,Completed
Xyz7962360,Atlas,DC,09-06-2026 10:01,09-06-2026 11:07,Completed
Xyz7962386,Atlas,DC,09-06-2026 10:01,09-06-2026 10:02,Completed
Xyz7962412,Atlas,DC,09-06-2026 10:03,09-06-2026 10:04,Completed
Xyz7962525,Atlas,DC,09-06-2026 10:02,09-06-2026 10:02,Completed
Xyz7962536,Atlas,DC,09-06-2026 10:01,09-06-2026 10:01,Completed
Xyz7962585,Atlas,DC,09-06-2026 10:00,09-06-2026 10:01,Completed
Xyz7962593,Atlas,DC,09-06-2026 10:01,09-06-2026 10:05,Completed
Xyz7962639,Atlas,DC,09-06-2026 10:01,09-06-2026 11:06,Completed
Xyz7962662,Atlas,DC,09-06-2026 10:01,09-06-2026 10:38,Completed
Xyz7962668,Atlas,DC,09-06-2026 10:01,09-06-2026 10:39,Completed
Xyz7962695,Atlas,DC,09-06-2026 10:03,09-06-2026 10:04,Completed
Xyz7962734,Atlas,DC,09-06-2026 10:01,09-06-2026 10:38,Completed
Xyz7962788,Atlas,DC,09-06-2026 10:03,09-06-2026 10:03,Completed
Xyz7962793,Atlas,DC,09-06-2026 10:03,09-06-2026 10:05,Completed
Xyz7962836,Atlas,DC,09-06-2026 10:04,09-06-2026 10:05,Completed
Xyz7962893,Atlas,DC,09-06-2026 10:03,-NA-,Expired
Xyz7962901,Atlas,DC,09-06-2026 10:01,09-06-2026 10:02,Completed
Xyz7963025,Atlas,DC,09-06-2026 10:01,09-06-2026 10:01,Completed
Xyz7963129,Atlas,DC,09-06-2026 10:03,09-06-2026 10:03,Completed
Xyz7963146,Atlas,DC,09-06-2026 10:03,09-06-2026 10:09,Completed
Xyz7963229,Atlas,DC,09-06-2026 10:02,09-06-2026 10:02,Completed
Xyz7963252,Atlas,DC,09-06-2026 10:04,09-06-2026 10:33,Completed
Xyz7963274,Atlas,DC,09-06-2026 10:04,09-06-2026 10:04,Completed
Xyz7963364,Atlas,DC,09-06-2026 10:04,09-06-2026 10:04,Completed
Xyz7963464,Atlas,DC,09-06-2026 10:04,09-06-2026 10:05,Completed
Xyz7963534,Atlas,DC,09-06-2026 10:03,09-06-2026 10:03,Completed
Xyz7963623,Atlas,DC,09-06-2026 10:04,09-06-2026 10:04,Completed
Xyz7963675,Atlas,DC,09-06-2026 10:00,09-06-2026 10:01,Completed
Xyz7963728,Atlas,DC,09-06-2026 10:01,09-06-2026 10:37,Completed
Xyz7963841,Atlas,DC,09-06-2026 10:03,09-06-2026 10:03,Completed
Xyz7964056,Atlas,DC,09-06-2026 10:01,09-06-2026 14:53,Completed
Xyz7964078,Atlas,DC,09-06-2026 10:02,09-06-2026 10:09,Completed
Xyz7964087,Atlas,DC,09-06-2026 10:02,09-06-2026 16:41,Completed
Xyz7964141,Atlas,DC,09-06-2026 10:01,09-06-2026 12:07,Completed
Xyz7964198,Atlas,DC,09-06-2026 10:04,09-06-2026 12:02,Completed
Xyz7964204,Atlas,DC,09-06-2026 10:01,09-06-2026 12:47,Completed
Xyz7964213,Atlas,DC,09-06-2026 10:04,09-06-2026 11:58,Completed
Xyz7964289,Atlas,DC,09-06-2026 10:03,09-06-2026 11:59,Completed
Xyz7964293,Atlas,DC,09-06-2026 10:02,09-06-2026 12:19,Completed
Xyz7964303,Atlas,DC,09-06-2026 10:04,09-06-2026 12:02,Completed
Xyz7964308,Atlas,DC,09-06-2026 10:04,09-06-2026 11:16,Completed
Xyz7964383,Atlas,DC,09-06-2026 10:04,09-06-2026 11:12,Completed
Xyz7964416,Atlas,DC,09-06-2026 10:00,09-06-2026 11:16,Completed
Xyz7964475,Atlas,DC,09-06-2026 10:04,09-06-2026 11:14,Completed
Xyz7964509,Atlas,DC,09-06-2026 21:05,-NA-,Expired
Xyz7964547,Atlas,DC,09-06-2026 10:01,09-06-2026 12:03,Completed
Xyz7964650,Atlas,DC,09-06-2026 10:04,09-06-2026 11:15,Completed
Xyz7964716,Atlas,DC,09-06-2026 10:04,09-06-2026 11:16,Completed
Xyz7964812,Atlas,DC,09-06-2026 10:01,09-06-2026 11:59,Completed
Xyz7964892,Atlas,DC,09-06-2026 10:02,09-06-2026 11:07,Completed
Xyz7965050,Atlas,DC,09-06-2026 10:04,09-06-2026 11:58,Completed
Xyz7965058,Atlas,DC,09-06-2026 10:04,09-06-2026 11:58,Completed
Xyz7965074,Atlas,DC,09-06-2026 10:04,09-06-2026 12:01,Completed
Xyz7965080,Atlas,DC,09-06-2026 10:01,09-06-2026 11:59,Completed
Xyz7965120,Atlas,DC,09-06-2026 21:05,-NA-,Expired
Xyz7965182,Atlas,DC,09-06-2026 10:03,09-06-2026 10:07,Completed
Xyz7965221,Atlas,DC,09-06-2026 10:04,09-06-2026 12:03,Completed
Xyz7965253,Atlas,DC,09-06-2026 10:04,09-06-2026 10:04,Completed
Xyz7965307,Atlas,DC,09-06-2026 10:03,09-06-2026 10:39,Completed
Xyz7965437,Atlas,DC,09-06-2026 10:03,09-06-2026 11:15,Completed
Xyz7965489,Atlas,DC,09-06-2026 10:00,09-06-2026 10:07,Completed
Xyz7965668,Atlas,DC,09-06-2026 10:01,09-06-2026 16:54,Completed
Xyz7965685,Atlas,DC,09-06-2026 10:02,09-06-2026 10:23,Completed
Xyz7965699,Atlas,DC,09-06-2026 10:03,09-06-2026 10:06,Completed
Xyz7965736,Atlas,DC,09-06-2026 10:02,09-06-2026 10:19,Completed
Xyz7965750,Atlas,DC,09-06-2026 10:03,09-06-2026 10:40,Completed
Xyz7965905,Atlas,DC,09-06-2026 10:03,09-06-2026 10:08,Completed
Xyz7965911,Atlas,DC,09-06-2026 10:04,09-06-2026 10:11,Completed
Xyz7965940,Atlas,DC,09-06-2026 10:04,09-06-2026 10:34,Completed
Xyz7966083,Atlas,DC,09-06-2026 10:03,-NA-,Expired
Xyz7966131,Atlas,DC,09-06-2026 10:02,09-06-2026 13:40,Completed
Xyz7966162,Atlas,DC,09-06-2026 10:04,09-06-2026 11:12,Completed
Xyz7966204,Atlas,DC,09-06-2026 10:02,09-06-2026 10:03,Completed
Xyz7966206,Atlas,DC,09-06-2026 10:04,09-06-2026 10:07,Completed
Xyz7966243,Atlas,DC,09-06-2026 10:01,09-06-2026 10:08,Completed
Xyz7966821,Atlas,DC,09-06-2026 10:00,09-06-2026 10:09,Completed
Xyz7967075,Atlas,DC,09-06-2026 10:01,09-06-2026 10:02,Completed
Xyz7967129,Atlas,DC,09-06-2026 10:04,09-06-2026 10:05,Completed
Xyz7967206,Atlas,DC,09-06-2026 10:04,09-06-2026 10:04,Completed
Xyz7967231,Atlas,DC,09-06-2026 10:04,09-06-2026 10:04,Completed
Xyz7967241,Atlas,DC,09-06-2026 10:02,09-06-2026 10:08,Completed
Xyz7967453,Atlas,DC,09-06-2026 10:03,09-06-2026 10:04,Completed
Xyz7967557,Atlas,DC,09-06-2026 10:04,09-06-2026 10:05,Completed
Xyz7967603,Atlas,DC,09-06-2026 10:01,09-06-2026 10:02,Completed
Xyz7967701,Atlas,DC,09-06-2026 10:04,09-06-2026 10:06,Completed
Xyz7967737,Atlas,DC,09-06-2026 10:01,09-06-2026 10:02,Completed
Xyz7967760,Atlas,DC,09-06-2026 10:00,09-06-2026 10:01,Completed
Xyz7967887,Atlas,DC,09-06-2026 10:04,09-06-2026 10:04,Completed
Xyz7967915,Atlas,DC,09-06-2026 10:03,09-06-2026 10:04,Completed
Xyz7967959,Atlas,DC,09-06-2026 10:01,09-06-2026 10:07,Completed
Xyz7968102,Atlas,DC,09-06-2026 10:03,09-06-2026 10:17,Completed
Xyz7968175,Atlas,DC,09-06-2026 10:04,09-06-2026 13:21,Completed
Xyz7968258,Atlas,DC,09-06-2026 10:04,09-06-2026 10:04,Completed
Xyz7968288,Atlas,DC,09-06-2026 10:00,09-06-2026 10:01,Completed
Xyz7968323,Atlas,DC,09-06-2026 10:01,09-06-2026 10:01,Completed
Xyz7968325,Atlas,DC,09-06-2026 10:04,09-06-2026 10:05,Completed
Xyz7968434,Atlas,DC,09-06-2026 10:02,-NA-,Expired
Xyz7968490,Atlas,DC,09-06-2026 10:04,09-06-2026 10:04,Completed
Xyz7968544,Atlas,DC,09-06-2026 10:03,09-06-2026 10:04,Completed
Xyz7968598,Atlas,DC,09-06-2026 10:04,09-06-2026 10:04,Completed
Xyz7968697,Atlas,DC,09-06-2026 10:04,09-06-2026 10:04,Completed
Xyz7968875,Atlas,DC,09-06-2026 10:01,09-06-2026 10:02,Completed
Xyz7968886,Atlas,DC,09-06-2026 10:03,09-06-2026 10:04,Completed
Xyz7968917,Atlas,DC,09-06-2026 10:03,09-06-2026 10:03,Completed
Xyz7968945,Atlas,DC,09-06-2026 10:03,09-06-2026 10:03,Completed
Xyz7968965,Atlas,DC,09-06-2026 10:03,09-06-2026 10:03,Completed
Xyz7968970,Atlas,DC,09-06-2026 10:04,09-06-2026 10:04,Completed
Xyz7969015,Atlas,DC,09-06-2026 10:02,09-06-2026 10:03,Completed
Xyz7969067,Atlas,DC,09-06-2026 10:03,09-06-2026 10:10,Completed
Xyz7969091,Atlas,DC,09-06-2026 10:04,09-06-2026 10:04,Completed
Xyz7969114,Atlas,DC,09-06-2026 10:04,09-06-2026 10:04,Completed
Xyz7969186,Atlas,DC,09-06-2026 10:00,09-06-2026 10:01,Completed
Xyz7969212,Atlas,DC,09-06-2026 10:01,09-06-2026 10:02,Completed
Xyz7969259,Atlas,DC,09-06-2026 10:01,09-06-2026 10:01,Completed
Xyz7969348,Atlas,DC,09-06-2026 10:01,09-06-2026 10:01,Completed
Xyz7969388,Atlas,DC,09-06-2026 10:01,09-06-2026 10:02,Completed
Xyz7969530,Atlas,DC,09-06-2026 10:01,09-06-2026 10:02,Completed
Xyz7969642,Atlas,DC,09-06-2026 10:03,09-06-2026 10:16,Completed
Xyz7969666,Atlas,DC,09-06-2026 10:03,09-06-2026 10:04,Completed
Xyz7969694,Atlas,DC,09-06-2026 10:04,09-06-2026 10:04,Completed
Xyz7969722,Atlas,DC,09-06-2026 10:00,09-06-2026 10:05,Completed
Xyz7969875,Atlas,DC,09-06-2026 10:04,09-06-2026 10:05,Completed
Xyz7969911,Atlas,DC,09-06-2026 10:03,09-06-2026 10:03,Completed
Xyz7970028,Atlas,DC,09-06-2026 10:04,09-06-2026 10:04,Completed
Xyz7970168,Atlas,DC,09-06-2026 10:03,09-06-2026 10:03,Completed
Xyz7970342,Atlas,DC,09-06-2026 10:00,09-06-2026 10:01,Completed
Xyz7970384,Atlas,DC,09-06-2026 10:03,09-06-2026 10:08,Completed
Xyz7970422,Atlas,DC,09-06-2026 10:01,09-06-2026 10:05,Completed
Xyz7970524,Atlas,DC,09-06-2026 10:03,09-06-2026 10:04,Completed
Xyz7970585,Atlas,DC,09-06-2026 10:04,09-06-2026 12:11,Completed
Xyz7970594,Atlas,DC,09-06-2026 10:03,09-06-2026 16:34,Completed
Xyz7970753,Atlas,DC,09-06-2026 10:01,09-06-2026 10:02,Completed
Xyz7970775,Atlas,DC,09-06-2026 10:01,09-06-2026 16:42,Completed
Xyz7970813,Atlas,DC,09-06-2026 10:04,09-06-2026 10:05,Completed
Xyz7970830,Atlas,DC,09-06-2026 10:04,09-06-2026 12:12,Completed
Xyz7970856,Atlas,DC,09-06-2026 10:04,09-06-2026 10:05,Completed
Xyz7971159,Atlas,DC,09-06-2026 10:03,09-06-2026 10:03,Completed
Xyz7971305,Atlas,DC,09-06-2026 10:03,09-06-2026 16:34,Completed
Xyz7971352,Atlas,DC,09-06-2026 10:03,09-06-2026 10:04,Completed
Xyz7971387,Atlas,DC,09-06-2026 10:02,09-06-2026 10:02,Completed
Xyz7971392,Atlas,DC,09-06-2026 10:00,09-06-2026 10:02,Completed
Xyz7971641,Atlas,DC,09-06-2026 10:01,09-06-2026 10:01,Completed
Xyz7971790,Atlas,DC,09-06-2026 10:04,09-06-2026 10:05,Completed
Xyz7971817,Atlas,DC,09-06-2026 10:04,09-06-2026 14:06,Completed
Xyz7971821,Atlas,DC,09-06-2026 10:02,09-06-2026 10:37,Completed
Xyz7971932,Atlas,DC,09-06-2026 10:03,09-06-2026 10:04,Completed
Xyz7971948,Atlas,DC,09-06-2026 10:04,09-06-2026 10:04,Completed
Xyz7971963,Atlas,DC,09-06-2026 10:02,09-06-2026 10:12,Completed
Xyz7972029,Atlas,DC,09-06-2026 10:00,09-06-2026 10:02,Completed
Xyz7972047,Atlas,DC,09-06-2026 10:03,09-06-2026 10:03,Completed
Xyz7972182,Atlas,DC,09-06-2026 10:01,09-06-2026 10:02,Completed
Xyz7972423,Atlas,DC,09-06-2026 10:00,09-06-2026 10:01,Completed
Xyz7972446,Atlas,DC,09-06-2026 10:03,09-06-2026 10:04,Completed
Xyz7972797,Atlas,DC,09-06-2026 10:04,09-06-2026 10:04,Completed
Xyz7972890,Atlas,DC,09-06-2026 10:03,09-06-2026 11:52,Completed
Xyz7973023,Atlas,DC,09-06-2026 10:04,09-06-2026 10:04,Completed
Xyz7973086,Atlas,DC,09-06-2026 10:03,09-06-2026 10:03,Completed
Xyz7973106,Atlas,DC,09-06-2026 10:04,09-06-2026 10:05,Completed
Xyz7973109,Atlas,DC,09-06-2026 10:03,09-06-2026 10:04,Completed
Xyz7973224,Atlas,DC,09-06-2026 10:01,09-06-2026 10:03,Completed
Xyz7973424,Atlas,DC,09-06-2026 10:00,09-06-2026 12:07,Completed
Xyz7973595,Atlas,DC,09-06-2026 10:02,-NA-,Expired
Xyz7973746,Atlas,DC,09-06-2026 10:04,09-06-2026 12:12,Completed
Xyz7973767,Atlas,DC,09-06-2026 10:03,10-06-2026 09:05,Completed
Xyz7973793,Atlas,DC,09-06-2026 10:03,09-06-2026 12:14,Completed
Xyz7973968,Atlas,DC,09-06-2026 10:03,09-06-2026 12:02,Completed
Xyz7973983,Atlas,DC,09-06-2026 10:01,09-06-2026 12:06,Completed
Xyz7973994,Atlas,DC,09-06-2026 10:03,09-06-2026 10:08,Completed
Xyz7974008,Atlas,DC,09-06-2026 10:03,09-06-2026 10:05,Completed
Xyz7974026,Atlas,DC,09-06-2026 10:03,-NA-,Expired
Xyz7974068,Atlas,DC,09-06-2026 10:01,09-06-2026 10:06,Completed
Xyz7974114,Atlas,DC,09-06-2026 10:01,09-06-2026 10:06,Completed
Xyz7974188,Atlas,DC,09-06-2026 10:02,09-06-2026 12:02,Completed
Xyz7974206,Atlas,DC,09-06-2026 10:03,09-06-2026 11:16,Completed
Xyz7974221,Atlas,DC,09-06-2026 10:01,-NA-,Expired
Xyz7974370,Atlas,DC,09-06-2026 10:00,-NA-,Expired
Xyz7974381,Atlas,DC,09-06-2026 10:01,09-06-2026 10:03,Completed
Xyz7974406,Atlas,DC,09-06-2026 10:04,09-06-2026 10:37,Completed
Xyz7974544,Atlas,DC,09-06-2026 10:04,09-06-2026 10:26,Completed
Xyz7974551,Atlas,DC,09-06-2026 10:00,09-06-2026 10:59,Completed
Xyz7974567,Atlas,DC,09-06-2026 10:03,09-06-2026 11:00,Completed
Xyz7974641,Atlas,DC,09-06-2026 10:00,09-06-2026 10:03,Completed
Xyz7974831,Atlas,DC,09-06-2026 10:04,09-06-2026 10:04,Completed
Xyz7974850,Atlas,DC,09-06-2026 10:03,09-06-2026 10:04,Completed
Xyz7974929,Atlas,DC,09-06-2026 10:02,09-06-2026 10:10,Completed
Xyz7974949,Atlas,DC,09-06-2026 10:04,09-06-2026 10:05,Completed
Xyz7974989,Atlas,DC,09-06-2026 10:03,09-06-2026 11:06,Completed
Xyz7975011,Atlas,DC,09-06-2026 10:04,09-06-2026 10:04,Completed
Xyz7975044,Atlas,DC,09-06-2026 10:04,09-06-2026 10:05,Completed
Xyz7975087,Atlas,DC,09-06-2026 10:01,09-06-2026 10:09,Completed
Xyz7975118,Atlas,DC,09-06-2026 10:02,09-06-2026 10:02,Completed
Xyz7975149,Atlas,DC,09-06-2026 10:02,09-06-2026 10:03,Completed
Xyz7975288,Atlas,DC,09-06-2026 10:03,09-06-2026 10:14,Completed
Xyz7975317,Atlas,DC,09-06-2026 21:04,-NA-,Expired
Xyz7975441,Atlas,DC,09-06-2026 10:03,09-06-2026 10:15,Completed
Xyz7975462,Atlas,DC,09-06-2026 10:00,09-06-2026 10:14,Completed
Xyz7975467,Atlas,DC,09-06-2026 10:01,09-06-2026 10:14,Completed
Xyz7975494,Atlas,DC,09-06-2026 10:03,-NA-,Expired
Xyz7975614,Atlas,DC,09-06-2026 10:02,09-06-2026 10:12,Completed
Xyz7975620,Atlas,DC,09-06-2026 10:01,09-06-2026 10:14,Completed
Xyz7975631,Atlas,DC,09-06-2026 10:03,09-06-2026 12:37,Completed
Xyz7975787,Atlas,DC,09-06-2026 10:00,09-06-2026 10:03,Completed
Xyz7975815,Atlas,DC,09-06-2026 10:02,09-06-2026 10:02,Completed
Xyz7975844,Atlas,DC,09-06-2026 10:01,09-06-2026 10:05,Completed
Xyz7975974,Atlas,DC,09-06-2026 10:01,09-06-2026 10:16,Completed
Xyz7975978,Atlas,DC,09-06-2026 10:04,09-06-2026 10:24,Completed
Xyz7976021,Atlas,DC,09-06-2026 10:00,-NA-,Expired
Xyz7976142,Atlas,DC,09-06-2026 10:01,09-06-2026 10:02,Completed
Xyz7976154,Atlas,DC,09-06-2026 10:02,09-06-2026 10:03,Completed
Xyz7976164,Atlas,DC,09-06-2026 10:03,09-06-2026 12:33,Completed
Xyz7976313,Atlas,DC,09-06-2026 10:03,09-06-2026 12:04,Completed
Xyz7976336,Atlas,DC,09-06-2026 10:03,09-06-2026 10:03,Completed
Xyz7976340,Atlas,DC,09-06-2026 10:03,09-06-2026 10:03,Completed
Xyz7976475,Atlas,DC,09-06-2026 10:04,09-06-2026 10:05,Completed
Xyz7976483,Atlas,DC,09-06-2026 10:03,09-06-2026 10:14,Completed
Xyz7976503,Atlas,DC,09-06-2026 10:04,09-06-2026 10:15,Completed
Xyz7976563,Atlas,DC,09-06-2026 10:04,09-06-2026 10:15,Completed
Xyz7976594,Atlas,DC,09-06-2026 10:02,09-06-2026 10:14,Completed
Xyz7976617,Atlas,DC,09-06-2026 10:04,09-06-2026 10:05,Completed
Xyz7976746,Atlas,DC,09-06-2026 10:03,09-06-2026 10:14,Completed
Xyz7976794,Atlas,DC,09-06-2026 10:03,09-06-2026 10:27,Completed
Xyz7977012,Atlas,DC,09-06-2026 10:04,09-06-2026 10:12,Completed
Xyz7977117,Atlas,DC,09-06-2026 10:01,09-06-2026 10:02,Completed
Xyz7977157,Atlas,DC,09-06-2026 10:04,09-06-2026 12:33,Completed
Xyz7977252,Atlas,DC,09-06-2026 10:04,09-06-2026 10:16,Completed
Xyz7977283,Atlas,DC,09-06-2026 10:01,09-06-2026 10:24,Completed
Xyz7977294,Atlas,DC,09-06-2026 10:04,09-06-2026 10:04,Completed
Xyz7977330,Atlas,DC,09-06-2026 21:01,09-06-2026 21:02,Completed
Xyz7977343,Atlas,DC,09-06-2026 10:01,09-06-2026 10:02,Completed
Xyz7977387,Atlas,DC,09-06-2026 10:03,09-06-2026 10:12,Completed
Xyz7977477,Atlas,DC,09-06-2026 10:02,09-06-2026 10:03,Completed
Xyz7977486,Atlas,DC,09-06-2026 10:03,09-06-2026 12:35,Completed
Xyz7977530,Atlas,DC,09-06-2026 10:04,09-06-2026 10:09,Completed
Xyz7977550,Atlas,DC,09-06-2026 10:03,09-06-2026 12:34,Completed
Xyz7977573,Atlas,DC,09-06-2026 10:03,09-06-2026 12:35,Completed
Xyz7977671,Atlas,DC,09-06-2026 10:00,09-06-2026 10:01,Completed
Xyz7977877,Atlas,DC,09-06-2026 10:01,09-06-2026 10:02,Completed
Xyz7977892,Atlas,DC,09-06-2026 10:04,09-06-2026 10:15,Completed
Xyz7977900,Atlas,DC,09-06-2026 10:03,09-06-2026 10:04,Completed
Xyz7977936,Atlas,DC,09-06-2026 10:03,09-06-2026 10:04,Completed
Xyz7977972,Atlas,DC,09-06-2026 10:03,09-06-2026 10:04,Completed
Xyz7978002,Atlas,DC,09-06-2026 10:00,09-06-2026 10:01,Completed
Xyz7978041,Atlas,DC,09-06-2026 10:04,09-06-2026 10:05,Completed
Xyz7978069,Atlas,DC,09-06-2026 10:01,09-06-2026 10:02,Completed
Xyz7978143,Atlas,DC,09-06-2026 10:01,09-06-2026 10:08,Completed
Xyz7978161,Atlas,DC,09-06-2026 10:04,09-06-2026 10:04,Completed
Xyz7978336,Atlas,DC,09-06-2026 10:04,09-06-2026 10:04,Completed
Xyz7978340,Atlas,DC,09-06-2026 10:04,09-06-2026 10:04,Completed
Xyz7978367,Atlas,DC,09-06-2026 10:01,09-06-2026 10:01,Completed
Xyz7978593,Atlas,DC,09-06-2026 21:03,-NA-,Expired
Xyz7978664,Atlas,DC,09-06-2026 10:02,09-06-2026 10:03,Completed
Xyz7978711,Atlas,DC,09-06-2026 10:03,09-06-2026 11:20,Completed
Xyz7978874,Atlas,DC,09-06-2026 10:03,-NA-,Expired
Xyz7978950,Atlas,DC,09-06-2026 10:00,09-06-2026 10:01,Completed
Xyz7979184,Atlas,DC,09-06-2026 10:04,09-06-2026 10:04,Completed
Xyz7979219,Atlas,DC,09-06-2026 10:04,09-06-2026 10:04,Completed
Xyz7979264,Atlas,DC,09-06-2026 10:01,09-06-2026 11:29,Completed
Xyz7979269,Atlas,DC,09-06-2026 10:00,09-06-2026 11:23,Completed
Xyz7979551,Atlas,DC,09-06-2026 10:01,09-06-2026 10:02,Completed
Xyz7979555,Atlas,DC,09-06-2026 10:04,09-06-2026 10:05,Completed
Xyz7979566,Atlas,DC,09-06-2026 10:01,09-06-2026 10:02,Completed
Xyz7979575,Atlas,DC,09-06-2026 10:03,-NA-,Expired
Xyz7979661,Atlas,DC,09-06-2026 10:02,09-06-2026 10:03,Completed
Xyz7979756,Atlas,DC,09-06-2026 10:00,09-06-2026 10:01,Completed
Xyz7979870,Atlas,DC,09-06-2026 10:01,09-06-2026 10:54,Completed
Xyz7979932,Atlas,DC,09-06-2026 10:03,09-06-2026 10:55,Completed
Xyz7980000,Atlas,DC,09-06-2026 10:01,09-06-2026 10:54,Completed
Xyz7980121,Atlas,DC,09-06-2026 10:02,09-06-2026 10:02,Completed
Xyz7980284,Atlas,DC,09-06-2026 10:04,09-06-2026 10:05,Completed
Xyz7980296,Atlas,DC,09-06-2026 10:04,09-06-2026 10:14,Completed
Xyz7980297,Atlas,DC,09-06-2026 10:03,09-06-2026 10:35,Completed
Xyz7980455,Atlas,DC,09-06-2026 10:03,09-06-2026 10:04,Completed
Xyz7980484,Atlas,DC,09-06-2026 10:04,09-06-2026 10:06,Completed
Xyz7980487,Atlas,DC,09-06-2026 10:03,09-06-2026 10:04,Completed
Xyz7980599,Atlas,DC,09-06-2026 10:02,09-06-2026 10:03,Completed
Xyz7980630,Atlas,DC,09-06-2026 10:03,09-06-2026 10:04,Completed
Xyz7980635,Atlas,DC,09-06-2026 10:03,09-06-2026 11:49,Completed
Xyz7980754,Atlas,DC,09-06-2026 10:03,10-06-2026 09:18,Completed
Xyz7980902,Atlas,DC,09-06-2026 10:02,09-06-2026 10:03,Completed
Xyz7980957,Atlas,DC,09-06-2026 10:03,09-06-2026 10:05,Completed
Xyz7980977,Atlas,DC,09-06-2026 10:01,09-06-2026 10:02,Completed
Xyz7981089,Atlas,DC,09-06-2026 10:03,09-06-2026 10:03,Completed
Xyz7981102,Atlas,DC,09-06-2026 10:04,09-06-2026 10:04,Completed
Xyz7981126,Atlas,DC,09-06-2026 10:03,09-06-2026 10:04,Completed
Xyz7981132,Atlas,DC,09-06-2026 10:04,09-06-2026 10:04,Completed
Xyz7981241,Atlas,DC,09-06-2026 10:01,09-06-2026 10:02,Completed
Xyz7981290,Atlas,DC,09-06-2026 10:03,-NA-,Expired
Xyz7981527,Atlas,DC,09-06-2026 10:03,09-06-2026 10:04,Completed
Xyz7981562,Atlas,DC,09-06-2026 10:01,09-06-2026 10:02,Completed
Xyz7981735,Atlas,DC,09-06-2026 10:00,09-06-2026 10:01,Completed
Xyz7981803,Atlas,DC,09-06-2026 10:03,09-06-2026 10:03,Completed
Xyz7981899,Atlas,DC,09-06-2026 10:03,09-06-2026 10:04,Completed
Xyz7981917,Atlas,DC,09-06-2026 10:01,09-06-2026 10:05,Completed
Xyz7981974,Atlas,DC,09-06-2026 10:03,09-06-2026 10:04,Completed
Xyz7982131,Atlas,DC,09-06-2026 10:03,09-06-2026 10:04,Completed
Xyz7982137,Atlas,DC,09-06-2026 10:04,09-06-2026 10:14,Completed
Xyz7982175,Atlas,DC,09-06-2026 10:00,09-06-2026 10:01,Completed
Xyz7982195,Atlas,DC,09-06-2026 10:01,09-06-2026 10:06,Completed
Xyz7982210,Atlas,DC,09-06-2026 10:02,09-06-2026 10:06,Completed
Xyz7982216,Atlas,DC,09-06-2026 10:03,09-06-2026 10:04,Completed
Xyz7982245,Atlas,DC,09-06-2026 10:02,09-06-2026 10:03,Completed
Xyz7982256,Atlas,DC,09-06-2026 10:03,09-06-2026 10:04,Completed
Xyz7982285,Atlas,DC,09-06-2026 10:03,09-06-2026 10:04,Completed
Xyz7982367,Atlas,DC,09-06-2026 10:04,09-06-2026 10:04,Completed
Xyz7982388,Atlas,DC,09-06-2026 10:02,09-06-2026 13:31,Completed
Xyz7982396,Atlas,DC,09-06-2026 10:03,09-06-2026 10:04,Completed
Xyz7982401,Atlas,DC,09-06-2026 10:03,09-06-2026 10:03,Completed
Xyz7982559,Atlas,DC,09-06-2026 10:00,09-06-2026 10:01,Completed
Xyz7982668,Atlas,DC,09-06-2026 10:00,09-06-2026 10:01,Completed
Xyz7982681,Atlas,DC,09-06-2026 10:03,09-06-2026 10:03,Completed
Xyz7982705,Atlas,DC,09-06-2026 10:01,-NA-,Expired
Xyz7982767,Atlas,DC,09-06-2026 10:04,09-06-2026 10:04,Completed
Xyz7982929,Atlas,DC,09-06-2026 10:03,09-06-2026 10:03,Completed
Xyz7982935,Atlas,DC,09-06-2026 10:03,09-06-2026 10:04,Completed
Xyz7982978,Atlas,DC,09-06-2026 10:01,09-06-2026 10:04,Completed
Xyz7983003,Atlas,DC,09-06-2026 10:02,09-06-2026 10:13,Completed
Xyz7983232,Atlas,DC,09-06-2026 10:02,09-06-2026 10:35,Completed
Xyz7983276,Atlas,DC,09-06-2026 10:03,09-06-2026 10:04,Completed
Xyz7983401,Atlas,DC,09-06-2026 10:01,09-06-2026 10:52,Completed
Xyz7983421,Atlas,DC,09-06-2026 10:03,09-06-2026 10:03,Completed
Xyz7983468,Atlas,DC,09-06-2026 10:04,09-06-2026 10:21,Completed
Xyz7983475,Atlas,DC,09-06-2026 10:02,09-06-2026 10:03,Completed
Xyz7983542,Atlas,DC,09-06-2026 10:01,09-06-2026 10:02,Completed
Xyz7983545,Atlas,DC,09-06-2026 10:01,09-06-2026 10:01,Completed
Xyz7983618,Atlas,DC,09-06-2026 10:01,09-06-2026 10:01,Completed
Xyz7983697,Atlas,DC,09-06-2026 10:03,09-06-2026 10:03,Completed
Xyz7983718,Atlas,DC,09-06-2026 10:02,09-06-2026 10:03,Completed
Xyz7983796,Atlas,DC,09-06-2026 10:01,09-06-2026 10:34,Completed
Xyz7983815,Atlas,DC,09-06-2026 10:03,09-06-2026 10:03,Completed
Xyz7983848,Atlas,DC,09-06-2026 10:03,09-06-2026 10:15,Completed
Xyz7984102,Atlas,DC,09-06-2026 10:01,09-06-2026 10:03,Completed
Xyz7984125,Atlas,DC,09-06-2026 10:03,09-06-2026 10:04,Completed
Xyz7984134,Atlas,DC,09-06-2026 10:00,09-06-2026 13:32,Completed
Xyz7984195,Atlas,DC,09-06-2026 10:04,09-06-2026 10:04,Completed
Xyz7984205,Atlas,DC,09-06-2026 10:03,09-06-2026 10:04,Completed
Xyz7984265,Atlas,DC,09-06-2026 10:01,09-06-2026 10:01,Completed
Xyz7984386,Atlas,DC,09-06-2026 10:03,09-06-2026 10:06,Completed
Xyz7984389,Atlas,DC,09-06-2026 10:03,09-06-2026 10:04,Completed
Xyz7984403,Atlas,DC,09-06-2026 10:04,09-06-2026 10:04,Completed
Xyz7984411,Atlas,DC,09-06-2026 10:03,09-06-2026 10:04,Completed
Xyz7984415,Atlas,DC,09-06-2026 10:01,09-06-2026 10:24,Completed
Xyz7984508,Atlas,DC,09-06-2026 10:01,09-06-2026 10:07,Completed
Xyz7984668,Atlas,DC,09-06-2026 10:03,09-06-2026 10:04,Completed
Xyz7984691,Atlas,DC,09-06-2026 10:04,09-06-2026 10:04,Completed
Xyz7984712,Atlas,DC,09-06-2026 10:03,09-06-2026 13:14,Completed
Xyz7984716,Atlas,DC,09-06-2026 10:03,09-06-2026 13:14,Completed
Xyz7984791,Atlas,DC,09-06-2026 10:03,09-06-2026 10:03,Completed
Xyz7984819,Atlas,DC,09-06-2026 10:03,09-06-2026 10:09,Completed
Xyz7984988,Atlas,DC,09-06-2026 10:03,09-06-2026 10:16,Completed
Xyz7985135,Atlas,DC,09-06-2026 10:04,09-06-2026 12:28,Completed
Xyz7985212,Atlas,DC,09-06-2026 10:02,09-06-2026 10:02,Completed
Xyz7985460,Atlas,DC,09-06-2026 10:03,09-06-2026 10:04,Completed
Xyz7985550,Atlas,DC,09-06-2026 10:01,09-06-2026 10:02,Completed
Xyz7985578,Atlas,DC,09-06-2026 10:04,09-06-2026 10:05,Completed
Xyz7985604,Atlas,DC,09-06-2026 10:03,09-06-2026 10:08,Completed
Xyz7985617,Atlas,DC,09-06-2026 10:01,09-06-2026 10:01,Completed
Xyz7985653,Atlas,DC,09-06-2026 10:03,09-06-2026 10:15,Completed
Xyz7985716,Atlas,DC,09-06-2026 10:03,09-06-2026 10:04,Completed
Xyz7985798,Atlas,DC,09-06-2026 10:04,09-06-2026 10:04,Completed
Xyz7985999,Atlas,DC,09-06-2026 10:03,09-06-2026 10:06,Completed
Xyz7986078,Atlas,DC,09-06-2026 10:01,09-06-2026 10:02,Completed
Xyz7986086,Atlas,DC,09-06-2026 10:03,09-06-2026 10:03,Completed
Xyz7986151,Atlas,DC,09-06-2026 10:01,09-06-2026 10:01,Completed
Xyz7986160,Atlas,DC,09-06-2026 10:03,09-06-2026 10:03,Completed
Xyz7986171,Atlas,DC,09-06-2026 10:03,09-06-2026 10:04,Completed
Xyz7986249,Atlas,DC,09-06-2026 10:01,09-06-2026 15:10,Completed
Xyz7986346,Atlas,DC,09-06-2026 10:02,09-06-2026 10:03,Completed
Xyz7986476,Atlas,DC,09-06-2026 10:03,09-06-2026 10:04,Completed
Xyz7986492,Atlas,DC,09-06-2026 10:02,09-06-2026 10:09,Completed
Xyz7986499,Atlas,DC,09-06-2026 10:03,09-06-2026 10:16,Completed
Xyz7986512,Atlas,DC,09-06-2026 10:03,09-06-2026 10:03,Completed
Xyz7986574,Atlas,DC,09-06-2026 10:03,09-06-2026 10:04,Completed
Xyz7986588,Atlas,DC,09-06-2026 10:00,09-06-2026 10:01,Completed
Xyz7986622,Atlas,DC,09-06-2026 10:04,09-06-2026 10:04,Completed
Xyz7986707,Atlas,DC,09-06-2026 10:00,09-06-2026 10:01,Completed
Xyz7986747,Atlas,DC,09-06-2026 10:01,09-06-2026 10:01,Completed
Xyz7986771,Atlas,DC,09-06-2026 10:03,09-06-2026 10:04,Completed
Xyz7986818,Atlas,DC,09-06-2026 10:00,09-06-2026 10:03,Completed
Xyz7987307,Atlas,DC,09-06-2026 10:04,09-06-2026 10:07,Completed
Xyz7987309,Atlas,DC,09-06-2026 10:04,09-06-2026 10:07,Completed
Xyz7987310,Atlas,DC,09-06-2026 10:01,09-06-2026 10:10,Completed
Xyz7987319,Atlas,DC,09-06-2026 10:00,09-06-2026 10:01,Completed
Xyz7987358,Atlas,DC,09-06-2026 10:04,09-06-2026 10:08,Completed
Xyz7987424,Atlas,DC,09-06-2026 10:00,09-06-2026 10:01,Completed
Xyz7987538,Atlas,DC,09-06-2026 10:04,09-06-2026 10:07,Completed
Xyz7987646,Atlas,DC,09-06-2026 10:03,09-06-2026 10:08,Completed
Xyz7987654,Atlas,DC,09-06-2026 10:02,-NA-,Expired
Xyz7987660,Atlas,DC,09-06-2026 10:04,09-06-2026 14:25,Completed
Xyz7987693,Atlas,DC,09-06-2026 10:04,09-06-2026 10:04,Completed
Xyz7987958,Atlas,DC,09-06-2026 10:04,09-06-2026 10:04,Completed
Xyz7988103,Atlas,DC,09-06-2026 10:04,09-06-2026 10:07,Completed
Xyz7988144,Atlas,DC,09-06-2026 10:03,09-06-2026 10:04,Completed
Xyz7988176,Atlas,DC,09-06-2026 10:04,09-06-2026 10:04,Completed
Xyz7988186,Atlas,DC,09-06-2026 10:04,09-06-2026 10:04,Completed
Xyz7988189,Atlas,DC,09-06-2026 10:03,09-06-2026 10:03,Completed
Xyz7988379,Atlas,DC,09-06-2026 10:04,09-06-2026 10:05,Completed
Xyz7988413,Atlas,DC,09-06-2026 10:03,09-06-2026 10:03,Completed
Xyz7988430,Atlas,DC,09-06-2026 10:00,09-06-2026 10:01,Completed
Xyz7988658,Atlas,DC,09-06-2026 10:03,09-06-2026 10:03,Completed
Xyz7988797,Atlas,DC,09-06-2026 10:00,09-06-2026 14:07,Completed
Xyz7989009,Atlas,DC,09-06-2026 10:02,09-06-2026 10:03,Completed
Xyz7989027,Atlas,DC,09-06-2026 10:03,09-06-2026 10:04,Completed
Xyz7989028,Atlas,DC,09-06-2026 10:02,09-06-2026 10:02,Completed
Xyz7989056,Atlas,DC,09-06-2026 10:02,09-06-2026 10:03,Completed
Xyz7989124,Atlas,DC,09-06-2026 10:01,09-06-2026 10:01,Completed
Xyz7989156,Atlas,DC,09-06-2026 10:02,09-06-2026 10:02,Completed
Xyz7989178,Atlas,DC,09-06-2026 10:03,09-06-2026 10:03,Completed
Xyz7989206,Atlas,DC,09-06-2026 10:03,09-06-2026 10:04,Completed
Xyz7989215,Atlas,DC,09-06-2026 10:00,09-06-2026 10:01,Completed
Xyz7989300,Atlas,DC,09-06-2026 10:00,09-06-2026 10:01,Completed
Xyz7989418,Atlas,DC,09-06-2026 10:02,09-06-2026 13:39,Completed
Xyz7989445,Atlas,DC,09-06-2026 10:01,09-06-2026 10:01,Completed
Xyz7989496,Atlas,DC,09-06-2026 10:02,09-06-2026 10:03,Completed
Xyz7989521,Atlas,DC,09-06-2026 10:03,09-06-2026 10:03,Completed
Xyz7989535,Atlas,DC,09-06-2026 10:03,-NA-,Expired
Xyz7989541,Atlas,DC,09-06-2026 10:03,09-06-2026 10:03,Completed
Xyz7989604,Atlas,DC,09-06-2026 10:00,09-06-2026 10:01,Completed
Xyz7989657,Atlas,DC,09-06-2026 10:04,09-06-2026 10:04,Completed
Xyz7989670,Atlas,DC,09-06-2026 10:00,09-06-2026 10:01,Completed
Xyz7989672,Atlas,DC,09-06-2026 10:01,09-06-2026 10:01,Completed
Xyz7989821,Atlas,DC,09-06-2026 10:03,09-06-2026 10:03,Completed
Xyz7989861,Atlas,DC,09-06-2026 10:00,09-06-2026 10:03,Completed
Xyz7989895,Atlas,DC,09-06-2026 10:01,09-06-2026 10:03,Completed
Xyz7989902,Atlas,DC,09-06-2026 10:01,09-06-2026 10:01,Completed
Xyz7989919,Atlas,DC,09-06-2026 10:02,09-06-2026 10:03,Completed
Xyz7990176,Atlas,DC,09-06-2026 10:01,09-06-2026 12:57,Completed
Xyz7990198,Atlas,DC,09-06-2026 10:03,09-06-2026 10:04,Completed
Xyz7990215,Atlas,DC,09-06-2026 10:01,09-06-2026 10:02,Completed
Xyz7990232,Atlas,DC,09-06-2026 10:02,09-06-2026 10:06,Completed
Xyz7990332,Atlas,DC,09-06-2026 10:03,-NA-,Expired
Xyz7990357,Atlas,DC,09-06-2026 10:03,09-06-2026 10:04,Completed
Xyz7990396,Atlas,DC,09-06-2026 10:01,09-06-2026 10:01,Completed
Xyz7990442,Atlas,DC,09-06-2026 10:01,09-06-2026 10:01,Completed
Xyz7990601,Atlas,DC,09-06-2026 21:01,-NA-,Expired
Xyz7990657,Atlas,DC,09-06-2026 10:02,09-06-2026 10:03,Completed
Xyz7990665,Atlas,DC,09-06-2026 10:03,09-06-2026 10:03,Completed
Xyz7990673,Atlas,DC,09-06-2026 10:00,09-06-2026 12:59,Completed
Xyz7990679,Atlas,DC,09-06-2026 20:59,-NA-,Expired
Xyz7990699,Atlas,DC,09-06-2026 10:01,09-06-2026 10:01,Completed
Xyz7990825,Atlas,DC,09-06-2026 10:04,09-06-2026 10:05,Completed
Xyz7990836,Atlas,DC,09-06-2026 10:03,09-06-2026 10:04,Completed
Xyz7990843,Atlas,DC,09-06-2026 10:00,09-06-2026 10:02,Completed
Xyz7991000,Atlas,DC,09-06-2026 10:04,09-06-2026 16:51,Completed
Xyz7991119,Atlas,DC,09-06-2026 10:01,09-06-2026 10:01,Completed
Xyz7991122,Atlas,DC,09-06-2026 10:01,09-06-2026 10:02,Completed
Xyz7991170,Atlas,DC,09-06-2026 10:00,09-06-2026 10:01,Completed
Xyz7991230,Atlas,DC,09-06-2026 10:01,-NA-,Expired
Xyz7991390,Atlas,DC,09-06-2026 10:02,09-06-2026 10:03,Completed
Xyz7991438,Atlas,DC,09-06-2026 10:00,09-06-2026 10:01,Completed
Xyz7991447,Atlas,DC,09-06-2026 10:02,09-06-2026 10:02,Completed
Xyz7991456,Atlas,DC,09-06-2026 10:01,09-06-2026 13:32,Completed
Xyz7991528,Atlas,DC,09-06-2026 10:00,09-06-2026 10:01,Completed
Xyz7991592,Atlas,DC,09-06-2026 10:02,09-06-2026 10:03,Completed
Xyz7991672,Atlas,DC,09-06-2026 10:03,09-06-2026 10:03,Completed
Xyz7991712,Atlas,DC,09-06-2026 10:03,09-06-2026 10:04,Completed
Xyz7991766,Atlas,DC,09-06-2026 10:01,09-06-2026 10:01,Completed
Xyz7991793,Atlas,DC,09-06-2026 10:02,09-06-2026 10:02,Completed
Xyz7991798,Atlas,DC,09-06-2026 10:02,09-06-2026 10:09,Completed
Xyz7991856,Atlas,DC,09-06-2026 10:01,09-06-2026 14:52,Completed
Xyz7991932,Atlas,DC,09-06-2026 10:03,09-06-2026 15:28,Completed
Xyz7992214,Atlas,DC,09-06-2026 10:03,09-06-2026 10:05,Completed
Xyz7992398,Atlas,DC,09-06-2026 10:03,09-06-2026 10:03,Completed
Xyz7992436,Atlas,DC,09-06-2026 10:03,09-06-2026 10:05,Completed
Xyz7992704,Atlas,DC,09-06-2026 10:03,09-06-2026 10:03,Completed
Xyz7992741,Atlas,DC,09-06-2026 10:02,09-06-2026 10:03,Completed
Xyz7992764,Atlas,DC,09-06-2026 10:01,09-06-2026 10:01,Completed
Xyz7992933,Atlas,DC,09-06-2026 10:01,09-06-2026 15:21,Completed
Xyz7993104,Atlas,DC,09-06-2026 10:01,09-06-2026 10:05,Completed
Xyz7993153,Atlas,DC,09-06-2026 10:03,09-06-2026 10:10,Completed
Xyz7993203,Atlas,DC,09-06-2026 10:03,09-06-2026 10:04,Completed
Xyz7993266,Atlas,DC,09-06-2026 10:04,09-06-2026 10:04,Completed
Xyz7993299,Atlas,DC,09-06-2026 10:03,09-06-2026 10:05,Completed
Xyz7993475,Atlas,DC,09-06-2026 10:03,09-06-2026 10:03,Completed
Xyz7993640,Atlas,DC,09-06-2026 10:02,09-06-2026 10:05,Completed
Xyz7993758,Atlas,DC,09-06-2026 10:00,09-06-2026 10:08,Completed
Xyz7993807,Atlas,DC,09-06-2026 10:01,09-06-2026 10:02,Completed
Xyz7993835,Atlas,DC,09-06-2026 10:01,09-06-2026 10:03,Completed
Xyz7993882,Atlas,DC,09-06-2026 10:01,09-06-2026 10:09,Completed
Xyz7993891,Atlas,DC,09-06-2026 10:03,09-06-2026 10:06,Completed
Xyz7993955,Atlas,DC,09-06-2026 10:00,09-06-2026 10:07,Completed
Xyz7994058,Atlas,DC,09-06-2026 10:02,09-06-2026 10:03,Completed
Xyz7994063,Atlas,DC,09-06-2026 10:03,09-06-2026 10:13,Completed
Xyz7994147,Atlas,DC,09-06-2026 10:01,09-06-2026 10:04,Completed
Xyz7994260,Atlas,DC,09-06-2026 10:02,09-06-2026 10:06,Completed
Xyz7994322,Atlas,DC,09-06-2026 10:03,09-06-2026 10:05,Completed
Xyz7994362,Atlas,DC,09-06-2026 10:03,09-06-2026 10:07,Completed
Xyz7994400,Atlas,DC,09-06-2026 10:01,09-06-2026 10:05,Completed
Xyz7994407,Atlas,DC,09-06-2026 10:03,09-06-2026 10:04,Completed
Xyz7994413,Atlas,DC,09-06-2026 10:03,09-06-2026 10:04,Completed
Xyz7994496,Atlas,DC,09-06-2026 10:04,09-06-2026 10:04,Completed
Xyz7994750,Atlas,DC,09-06-2026 10:01,09-06-2026 10:02,Completed
Xyz7994796,Atlas,DC,09-06-2026 10:04,09-06-2026 11:56,Completed
Xyz7994811,Atlas,DC,09-06-2026 10:03,09-06-2026 10:15,Completed
Xyz7994814,Atlas,DC,09-06-2026 10:04,09-06-2026 12:16,Completed
Xyz7994910,Atlas,DC,09-06-2026 10:01,09-06-2026 10:02,Completed
Xyz7994995,Atlas,DC,09-06-2026 10:02,09-06-2026 10:03,Completed
Xyz7995041,Atlas,DC,09-06-2026 10:03,09-06-2026 10:14,Completed
Xyz7995193,Atlas,DC,09-06-2026 10:04,09-06-2026 10:05,Completed
Xyz7995205,Atlas,DC,09-06-2026 10:00,09-06-2026 10:18,Completed
Xyz7995209,Atlas,DC,09-06-2026 10:03,09-06-2026 10:04,Completed
Xyz7995221,Atlas,DC,09-06-2026 10:04,09-06-2026 10:15,Completed
Xyz7995242,Atlas,DC,09-06-2026 10:04,09-06-2026 12:44,Completed
Xyz7995281,Atlas,DC,09-06-2026 21:04,-NA-,Expired
Xyz7995285,Atlas,DC,09-06-2026 10:03,09-06-2026 10:04,Completed
Xyz7995325,Atlas,DC,09-06-2026 10:00,09-06-2026 12:37,Completed
Xyz7995638,Atlas,DC,09-06-2026 10:01,09-06-2026 10:15,Completed
Xyz7995668,Atlas,DC,09-06-2026 10:00,09-06-2026 10:14,Completed
Xyz7995701,Atlas,DC,09-06-2026 10:04,-NA-,Expired
Xyz7995815,Atlas,DC,09-06-2026 10:03,09-06-2026 10:03,Completed
Xyz7995840,Atlas,DC,09-06-2026 10:03,09-06-2026 10:13,Completed
Xyz7995905,Atlas,DC,09-06-2026 10:03,09-06-2026 10:20,Completed
Xyz7996226,Atlas,DC,09-06-2026 10:01,09-06-2026 10:02,Completed
Xyz7996303,Atlas,DC,09-06-2026 10:03,09-06-2026 10:14,Completed
Xyz7996345,Atlas,DC,09-06-2026 10:01,09-06-2026 10:13,Completed
Xyz7996501,Atlas,DC,09-06-2026 10:03,-NA-,Expired
Xyz7996595,Atlas,DC,09-06-2026 10:02,09-06-2026 10:13,Completed
Xyz7996596,Atlas,DC,09-06-2026 10:03,09-06-2026 10:12,Completed
Xyz7996690,Atlas,DC,09-06-2026 10:00,09-06-2026 12:18,Completed
Xyz7996712,Atlas,DC,09-06-2026 10:03,09-06-2026 10:14,Completed
Xyz7996727,Atlas,DC,09-06-2026 10:03,09-06-2026 11:06,Completed
Xyz7996775,Atlas,DC,09-06-2026 10:03,09-06-2026 10:12,Completed
Xyz7996792,Atlas,DC,09-06-2026 10:03,09-06-2026 10:03,Completed
Xyz7997004,Atlas,DC,09-06-2026 10:01,09-06-2026 12:20,Completed
Xyz7997035,Atlas,DC,09-06-2026 10:01,-NA-,Expired
Xyz7997073,Atlas,DC,09-06-2026 10:01,09-06-2026 10:02,Completed
Xyz7997111,Atlas,DC,09-06-2026 10:04,09-06-2026 10:04,Completed
Xyz7997180,Atlas,DC,09-06-2026 10:04,09-06-2026 10:05,Completed
Xyz7997227,Atlas,DC,09-06-2026 10:00,09-06-2026 10:01,Completed
Xyz7997259,Atlas,DC,09-06-2026 10:01,09-06-2026 10:02,Completed
Xyz7997329,Atlas,DC,09-06-2026 10:04,09-06-2026 10:04,Completed
Xyz7997602,Atlas,DC,09-06-2026 10:03,09-06-2026 10:04,Completed
Xyz7997695,Atlas,DC,09-06-2026 10:01,09-06-2026 10:14,Completed
Xyz7997744,Atlas,DC,09-06-2026 10:03,09-06-2026 10:04,Completed
Xyz7997756,Atlas,DC,09-06-2026 10:03,09-06-2026 10:04,Completed
Xyz7997870,Atlas,DC,09-06-2026 10:03,09-06-2026 10:03,Completed
Xyz7997902,Atlas,DC,09-06-2026 10:04,09-06-2026 10:05,Completed
Xyz7998074,Atlas,DC,09-06-2026 10:04,09-06-2026 10:05,Completed
Xyz7998079,Atlas,DC,09-06-2026 10:01,09-06-2026 10:02,Completed
Xyz7998170,Atlas,DC,09-06-2026 10:04,09-06-2026 10:04,Completed
Xyz7998324,Atlas,DC,09-06-2026 10:03,09-06-2026 10:04,Completed
Xyz7998337,Atlas,DC,09-06-2026 10:00,09-06-2026 10:01,Completed
Xyz7998491,Atlas,DC,09-06-2026 10:01,09-06-2026 10:16,Completed
Xyz7998678,Atlas,DC,09-06-2026 10:03,09-06-2026 10:04,Completed
Xyz7998748,Atlas,DC,09-06-2026 10:01,09-06-2026 10:02,Completed
Xyz7998779,Atlas,DC,09-06-2026 10:02,09-06-2026 10:03,Completed
Xyz7998849,Atlas,DC,09-06-2026 10:00,09-06-2026 10:12,Completed
Xyz7998853,Atlas,DC,09-06-2026 10:00,09-06-2026 10:12,Completed
Xyz7998979,Atlas,DC,09-06-2026 10:03,09-06-2026 10:04,Completed
Xyz7998983,Atlas,DC,09-06-2026 10:04,09-06-2026 10:05,Completed
Xyz7999002,Atlas,DC,09-06-2026 10:03,09-06-2026 10:03,Completed
Xyz7999106,Atlas,DC,09-06-2026 10:04,09-06-2026 10:04,Completed
Xyz7999153,Atlas,DC,09-06-2026 10:04,09-06-2026 10:05,Completed
Xyz7999159,Atlas,DC,09-06-2026 10:03,09-06-2026 10:04,Completed
Xyz7999241,Atlas,DC,09-06-2026 10:03,09-06-2026 10:14,Completed
Xyz7999243,Atlas,DC,09-06-2026 10:03,09-06-2026 10:14,Completed
Xyz7999302,Atlas,DC,09-06-2026 10:00,09-06-2026 10:01,Completed
Xyz7999470,Atlas,DC,09-06-2026 10:00,09-06-2026 10:01,Completed
Xyz7999475,Atlas,DC,09-06-2026 10:01,09-06-2026 10:01,Completed
Xyz7999744,Atlas,DC,09-06-2026 10:01,09-06-2026 10:02,Completed
Xyz7999764,Atlas,DC,09-06-2026 10:02,09-06-2026 10:03,Completed
Xyz7999891,Atlas,DC,09-06-2026 10:00,09-06-2026 10:01,Completed
Xyz8000211,Atlas,DC,09-06-2026 10:04,09-06-2026 10:05,Completed
Xyz8000229,Atlas,DC,09-06-2026 10:00,09-06-2026 10:01,Completed
Xyz8000263,Atlas,DC,09-06-2026 10:01,09-06-2026 10:01,Completed
Xyz8000285,Atlas,DC,09-06-2026 10:03,09-06-2026 12:37,Completed
Xyz8000318,Atlas,DC,09-06-2026 10:01,09-06-2026 10:02,Completed
Xyz8000321,Atlas,DC,09-06-2026 10:01,09-06-2026 10:11,Completed
Xyz8000382,Atlas,DC,09-06-2026 10:02,09-06-2026 10:03,Completed
Xyz8000397,Atlas,DC,09-06-2026 10:03,09-06-2026 10:04,Completed
Xyz8000480,Atlas,DC,09-06-2026 10:01,09-06-2026 10:03,Completed
Xyz8000640,Atlas,DC,09-06-2026 10:00,09-06-2026 10:01,Completed
Xyz8000666,Atlas,DC,09-06-2026 10:01,09-06-2026 10:02,Completed
Xyz8000911,Atlas,DC,09-06-2026 10:01,09-06-2026 10:01,Completed
Xyz8000951,Atlas,DC,09-06-2026 10:01,09-06-2026 10:01,Completed
Xyz8001157,Atlas,DC,09-06-2026 10:01,09-06-2026 10:04,Completed
Xyz8001179,Atlas,DC,09-06-2026 10:00,09-06-2026 10:01,Completed
Xyz8001195,Atlas,DC,09-06-2026 10:02,09-06-2026 10:03,Completed
Xyz8001216,Atlas,DC,09-06-2026 10:01,09-06-2026 12:34,Completed
Xyz8001221,Atlas,DC,09-06-2026 10:01,09-06-2026 12:34,Completed
Xyz8001326,Atlas,DC,09-06-2026 10:02,09-06-2026 10:03,Completed
Xyz8001367,Atlas,DC,09-06-2026 10:00,09-06-2026 10:11,Completed
Xyz8001403,Atlas,DC,09-06-2026 10:02,09-06-2026 10:02,Completed
Xyz8001465,Atlas,DC,09-06-2026 10:03,09-06-2026 10:03,Completed
Xyz8001478,Atlas,DC,09-06-2026 10:02,09-06-2026 10:03,Completed
Xyz8001509,Atlas,DC,09-06-2026 10:02,09-06-2026 10:03,Completed
Xyz8001552,Atlas,DC,09-06-2026 10:03,09-06-2026 10:04,Completed
Xyz8001559,Atlas,DC,09-06-2026 10:03,09-06-2026 10:03,Completed
Xyz8001570,Atlas,DC,09-06-2026 10:02,09-06-2026 10:02,Completed
Xyz8001578,Atlas,DC,09-06-2026 10:03,09-06-2026 10:04,Completed
Xyz8001586,Atlas,DC,09-06-2026 10:04,09-06-2026 10:05,Completed
Xyz8001632,Atlas,DC,09-06-2026 10:03,09-06-2026 10:04,Completed
Xyz8001656,Atlas,DC,09-06-2026 10:02,09-06-2026 10:02,Completed
Xyz8001698,Atlas,DC,09-06-2026 10:00,09-06-2026 10:09,Completed
Xyz8001751,Atlas,DC,09-06-2026 10:01,09-06-2026 10:21,Completed
Xyz8001790,Atlas,DC,09-06-2026 10:01,09-06-2026 10:02,Completed
Xyz8001831,Atlas,DC,09-06-2026 10:00,09-06-2026 10:01,Completed
Xyz8001849,Atlas,DC,09-06-2026 10:01,09-06-2026 10:02,Completed
Xyz8001878,Atlas,DC,09-06-2026 10:02,09-06-2026 10:03,Completed
Xyz8001923,Atlas,DC,09-06-2026 10:04,09-06-2026 10:09,Completed
Xyz8002125,Atlas,DC,09-06-2026 10:03,09-06-2026 10:03,Completed
Xyz8002178,Atlas,DC,09-06-2026 10:01,09-06-2026 10:01,Completed
Xyz8002290,Atlas,DC,09-06-2026 10:04,09-06-2026 10:04,Completed
Xyz8002330,Atlas,DC,09-06-2026 10:04,09-06-2026 10:08,Completed
Xyz8002402,Atlas,DC,09-06-2026 10:02,09-06-2026 10:03,Completed
Xyz8002440,Atlas,DC,09-06-2026 10:00,09-06-2026 10:01,Completed
Xyz8002493,Atlas,DC,09-06-2026 10:01,09-06-2026 11:46,Completed
Xyz8002510,Atlas,DC,09-06-2026 10:01,09-06-2026 10:02,Completed
Xyz8002687,Atlas,DC,09-06-2026 10:03,09-06-2026 11:00,Completed
Xyz8002883,Atlas,DC,09-06-2026 10:01,09-06-2026 10:02,Completed
Xyz8003039,Atlas,DC,09-06-2026 10:01,09-06-2026 12:48,Completed
Xyz8003167,Atlas,DC,09-06-2026 10:00,09-06-2026 10:01,Completed
Xyz8003169,Atlas,DC,09-06-2026 10:01,09-06-2026 10:01,Completed
Xyz8003445,Atlas,DC,09-06-2026 10:00,09-06-2026 10:07,Completed
Xyz8003597,Atlas,DC,09-06-2026 10:02,09-06-2026 10:02,Completed
Xyz8003639,Atlas,DC,09-06-2026 10:01,09-06-2026 10:01,Completed
Xyz8003644,Atlas,DC,09-06-2026 10:01,09-06-2026 10:02,Completed
Xyz8003655,Atlas,DC,09-06-2026 10:02,09-06-2026 11:01,Completed
Xyz8003801,Atlas,DC,09-06-2026 10:01,09-06-2026 10:02,Completed
Xyz8003823,Atlas,DC,09-06-2026 10:04,09-06-2026 11:04,Completed
Xyz8003868,Atlas,DC,09-06-2026 10:00,09-06-2026 14:45,Completed
Xyz8003884,Atlas,DC,09-06-2026 10:03,09-06-2026 10:03,Completed
Xyz8003929,Atlas,DC,09-06-2026 10:00,09-06-2026 10:01,Completed
Xyz8003967,Atlas,DC,09-06-2026 10:02,09-06-2026 10:02,Completed
Xyz8004118,Atlas,DC,09-06-2026 10:01,09-06-2026 10:02,Completed
Xyz8004123,Atlas,DC,09-06-2026 10:03,09-06-2026 10:03,Completed
Xyz8004151,Atlas,DC,09-06-2026 10:03,09-06-2026 10:06,Completed
Xyz8004184,Atlas,DC,09-06-2026 10:03,09-06-2026 10:03,Completed
Xyz8004241,Atlas,DC,09-06-2026 10:01,09-06-2026 10:02,Completed
Xyz8004270,Atlas,DC,09-06-2026 10:00,09-06-2026 10:01,Completed
Xyz8004309,Atlas,DC,09-06-2026 10:01,09-06-2026 10:02,Completed
Xyz8004367,Atlas,DC,09-06-2026 10:01,09-06-2026 10:01,Completed
Xyz8004430,Atlas,DC,09-06-2026 10:01,09-06-2026 10:01,Completed
Xyz8004435,Atlas,DC,09-06-2026 10:02,09-06-2026 10:03,Completed
Xyz8004450,Atlas,DC,09-06-2026 10:03,09-06-2026 10:03,Completed
Xyz8004471,Atlas,DC,09-06-2026 10:03,09-06-2026 10:03,Completed
Xyz8004483,Atlas,DC,09-06-2026 10:03,09-06-2026 10:04,Completed
Xyz8004543,Atlas,DC,09-06-2026 10:01,09-06-2026 10:02,Completed
Xyz8004546,Atlas,DC,09-06-2026 10:02,09-06-2026 10:02,Completed
Xyz8004552,Atlas,DC,09-06-2026 10:03,09-06-2026 10:04,Completed
Xyz8004628,Atlas,DC,09-06-2026 10:01,09-06-2026 10:02,Completed
Xyz8004660,Atlas,DC,09-06-2026 10:03,09-06-2026 10:03,Completed
Xyz8004661,Atlas,DC,09-06-2026 10:00,09-06-2026 10:01,Completed
Xyz8004687,Atlas,DC,09-06-2026 10:03,09-06-2026 10:03,Completed
Xyz8004688,Atlas,DC,09-06-2026 10:02,09-06-2026 10:03,Completed
Xyz8004742,Atlas,DC,09-06-2026 10:02,09-06-2026 10:02,Completed
Xyz8004818,Atlas,DC,09-06-2026 10:01,09-06-2026 10:01,Completed
Xyz8004841,Atlas,DC,09-06-2026 10:03,09-06-2026 10:04,Completed
Xyz8004842,Atlas,DC,09-06-2026 10:03,09-06-2026 10:03,Completed
Xyz8004934,Atlas,DC,09-06-2026 10:03,09-06-2026 10:03,Completed
Xyz8004956,Atlas,DC,09-06-2026 10:03,09-06-2026 10:03,Completed
Xyz8005114,Atlas,DC,09-06-2026 10:00,09-06-2026 10:01,Completed
Xyz8005141,Atlas,DC,09-06-2026 10:01,09-06-2026 10:01,Completed
Xyz8005274,Atlas,DC,09-06-2026 10:01,09-06-2026 10:02,Completed
Xyz8005318,Atlas,DC,09-06-2026 10:01,09-06-2026 10:02,Completed
Xyz8005363,Atlas,DC,09-06-2026 10:02,09-06-2026 10:03,Completed
Xyz8005371,Atlas,DC,09-06-2026 10:03,09-06-2026 10:03,Completed
Xyz8005376,Atlas,DC,09-06-2026 10:00,09-06-2026 10:02,Completed
Xyz8005432,Atlas,DC,09-06-2026 10:00,09-06-2026 10:01,Completed
Xyz8005435,Atlas,DC,09-06-2026 10:02,09-06-2026 10:03,Completed
Xyz8005471,Atlas,DC,09-06-2026 10:04,09-06-2026 10:05,Completed
Xyz8005486,Atlas,DC,09-06-2026 10:01,09-06-2026 10:02,Completed
Xyz8005576,Atlas,DC,09-06-2026 10:03,09-06-2026 10:04,Completed
Xyz8005672,Atlas,DC,09-06-2026 10:00,09-06-2026 10:01,Completed
Xyz8005707,Atlas,DC,09-06-2026 10:04,09-06-2026 10:04,Completed
Xyz8005826,Atlas,DC,09-06-2026 10:01,09-06-2026 10:01,Completed
Xyz8005891,Atlas,DC,09-06-2026 10:00,09-06-2026 10:01,Completed
Xyz8005947,Atlas,DC,09-06-2026 10:00,09-06-2026 10:01,Completed
Xyz8006055,Atlas,DC,09-06-2026 10:01,09-06-2026 10:01,Completed
Xyz8006081,Atlas,DC,09-06-2026 10:00,09-06-2026 10:01,Completed
Xyz8006083,Atlas,DC,09-06-2026 10:03,09-06-2026 10:03,Completed
Xyz8006092,Atlas,DC,09-06-2026 10:03,09-06-2026 10:06,Completed
Xyz8006133,Atlas,DC,09-06-2026 10:04,09-06-2026 10:05,Completed
Xyz8006187,Atlas,DC,09-06-2026 10:01,09-06-2026 10:02,Completed
Xyz8006254,Atlas,DC,09-06-2026 10:00,09-06-2026 10:02,Completed
Xyz8006306,Atlas,DC,09-06-2026 10:03,09-06-2026 10:04,Completed
Xyz8006447,Atlas,DC,09-06-2026 10:03,-NA-,Expired
Xyz8006590,Atlas,DC,09-06-2026 10:00,09-06-2026 10:01,Completed
Xyz8006625,Atlas,DC,09-06-2026 10:03,09-06-2026 10:04,Completed
Xyz8006787,Atlas,DC,09-06-2026 10:03,09-06-2026 10:04,Completed
Xyz8006925,Atlas,DC,09-06-2026 10:03,09-06-2026 10:03,Completed
Xyz8006950,Atlas,DC,09-06-2026 10:03,09-06-2026 10:04,Completed
Xyz8006952,Atlas,DC,09-06-2026 10:03,09-06-2026 10:03,Completed
Xyz8006991,Atlas,DC,09-06-2026 10:03,09-06-2026 10:03,Completed
Xyz8007069,Atlas,DC,09-06-2026 10:03,09-06-2026 10:04,Completed
Xyz8007078,Atlas,DC,09-06-2026 10:00,09-06-2026 10:01,Completed
Xyz8007080,Atlas,DC,09-06-2026 10:00,09-06-2026 10:01,Completed
Xyz8007094,Atlas,DC,09-06-2026 10:00,09-06-2026 10:07,Completed
Xyz8007146,Atlas,DC,09-06-2026 10:01,09-06-2026 10:02,Completed
Xyz8007169,Atlas,DC,09-06-2026 10:03,09-06-2026 10:04,Completed
Xyz8007178,Atlas,DC,09-06-2026 10:01,09-06-2026 10:06,Completed
Xyz8007367,Atlas,DC,09-06-2026 10:02,09-06-2026 10:02,Completed
Xyz8007375,Atlas,DC,09-06-2026 10:01,09-06-2026 10:02,Completed
Xyz8007410,Atlas,DC,09-06-2026 10:03,09-06-2026 10:03,Completed
Xyz8007411,Atlas,DC,09-06-2026 10:02,-NA-,Expired
Xyz8007417,Atlas,DC,09-06-2026 10:02,09-06-2026 10:14,Completed
Xyz8007596,Atlas,DC,09-06-2026 10:03,09-06-2026 10:04,Completed
Xyz8007627,Atlas,DC,09-06-2026 10:00,09-06-2026 10:01,Completed
Xyz8007695,Atlas,DC,09-06-2026 10:03,09-06-2026 10:03,Completed
Xyz8007748,Atlas,DC,09-06-2026 10:01,09-06-2026 10:02,Completed
Xyz8007750,Atlas,DC,09-06-2026 10:03,09-06-2026 10:07,Completed
Xyz8007795,Atlas,DC,09-06-2026 10:03,09-06-2026 10:03,Completed
Xyz8007829,Atlas,DC,09-06-2026 10:03,-NA-,Expired
Xyz8007847,Atlas,DC,09-06-2026 10:03,09-06-2026 10:04,Completed
Xyz8007924,Atlas,DC,09-06-2026 10:03,09-06-2026 10:04,Completed
Xyz8007974,Atlas,DC,09-06-2026 10:02,09-06-2026 10:03,Completed
Xyz8008236,Atlas,DC,09-06-2026 10:03,09-06-2026 10:03,Completed
Xyz8008244,Atlas,DC,09-06-2026 10:01,09-06-2026 10:07,Completed
Xyz8008285,Atlas,DC,09-06-2026 10:02,09-06-2026 10:29,Completed
Xyz8008318,Atlas,DC,09-06-2026 10:03,09-06-2026 10:04,Completed
Xyz8008327,Atlas,DC,09-06-2026 10:00,09-06-2026 10:01,Completed
Xyz8008405,Atlas,DC,09-06-2026 10:02,09-06-2026 10:03,Completed
Xyz8008484,Atlas,DC,09-06-2026 10:02,09-06-2026 10:09,Completed
Xyz8008527,Atlas,DC,09-06-2026 10:04,09-06-2026 10:05,Completed
Xyz8008601,Atlas,DC,09-06-2026 10:01,09-06-2026 10:08,Completed
Xyz8008711,Atlas,DC,09-06-2026 10:00,09-06-2026 10:01,Completed
Xyz8008735,Atlas,DC,09-06-2026 10:02,09-06-2026 10:17,Completed
Xyz8008780,Atlas,DC,09-06-2026 10:03,-NA-,Expired
Xyz8008788,Atlas,DC,09-06-2026 10:01,09-06-2026 10:02,Completed
Xyz8008801,Atlas,DC,09-06-2026 10:02,09-06-2026 10:03,Completed
Xyz8008883,Atlas,DC,09-06-2026 10:01,09-06-2026 10:02,Completed
Xyz8008920,Atlas,DC,09-06-2026 10:02,09-06-2026 10:03,Completed
Xyz8008988,Atlas,DC,09-06-2026 10:03,09-06-2026 10:04,Completed
Xyz8009056,Atlas,DC,09-06-2026 10:03,09-06-2026 10:05,Completed
Xyz8009095,Atlas,DC,09-06-2026 10:03,09-06-2026 10:03,Completed
Xyz8009125,Atlas,DC,09-06-2026 10:01,09-06-2026 10:01,Completed
Xyz8009127,Atlas,DC,09-06-2026 10:01,09-06-2026 10:02,Completed
Xyz8009143,Atlas,DC,09-06-2026 10:03,09-06-2026 10:03,Completed
Xyz8009173,Atlas,DC,09-06-2026 10:04,09-06-2026 10:04,Completed
Xyz8009481,Atlas,DC,09-06-2026 10:04,09-06-2026 10:04,Completed
Xyz8009488,Atlas,DC,09-06-2026 10:03,09-06-2026 10:04,Completed
Xyz8009552,Atlas,DC,09-06-2026 10:01,09-06-2026 11:15,Completed
Xyz8009563,Atlas,DC,09-06-2026 10:03,09-06-2026 10:05,Completed
Xyz8009574,Atlas,DC,09-06-2026 10:02,09-06-2026 10:02,Completed
Xyz8009594,Atlas,DC,09-06-2026 10:03,09-06-2026 10:07,Completed
Xyz8009607,Atlas,DC,09-06-2026 10:04,09-06-2026 10:04,Completed
Xyz8009612,Atlas,DC,09-06-2026 10:03,09-06-2026 10:03,Completed
Xyz8009634,Atlas,DC,09-06-2026 10:00,09-06-2026 10:01,Completed
Xyz8009665,Atlas,DC,09-06-2026 10:03,09-06-2026 10:03,Completed
Xyz8009818,Atlas,DC,09-06-2026 10:02,09-06-2026 10:05,Completed
Xyz8009905,Atlas,DC,09-06-2026 10:03,09-06-2026 10:04,Completed
Xyz8009942,Atlas,DC,09-06-2026 10:00,09-06-2026 10:05,Completed
Xyz8009949,Atlas,DC,09-06-2026 10:02,09-06-2026 10:07,Completed
Xyz8010048,Atlas,DC,09-06-2026 10:01,09-06-2026 10:02,Completed
Xyz8010076,Atlas,DC,09-06-2026 10:00,09-06-2026 10:01,Completed
Xyz8010299,Atlas,DC,09-06-2026 10:04,09-06-2026 10:04,Completed
Xyz8010565,Atlas,DC,09-06-2026 10:04,09-06-2026 10:10,Completed
Xyz8010627,Atlas,DC,09-06-2026 10:01,09-06-2026 10:10,Completed
Xyz8011068,Atlas,DC,09-06-2026 10:03,09-06-2026 10:03,Completed
Xyz8011070,Atlas,DC,09-06-2026 10:02,09-06-2026 10:03,Completed
Xyz8011077,Atlas,DC,09-06-2026 10:01,09-06-2026 10:04,Completed
Xyz8011096,Atlas,DC,09-06-2026 10:04,09-06-2026 10:05,Completed
Xyz8011161,Atlas,DC,09-06-2026 10:02,09-06-2026 10:03,Completed
Xyz8011200,Atlas,DC,09-06-2026 10:01,-NA-,Expired
Xyz8011201,Atlas,DC,09-06-2026 10:00,09-06-2026 10:01,Completed
Xyz8011215,Atlas,DC,09-06-2026 10:03,09-06-2026 10:03,Completed
Xyz8011278,Atlas,DC,09-06-2026 10:01,09-06-2026 10:02,Completed
Xyz8011404,Atlas,DC,09-06-2026 10:00,09-06-2026 10:06,Completed
Xyz8011489,Atlas,DC,09-06-2026 10:03,09-06-2026 10:03,Completed
Xyz8011544,Atlas,DC,09-06-2026 10:02,09-06-2026 10:03,Completed
Xyz8011653,Atlas,DC,09-06-2026 10:03,09-06-2026 10:08,Completed
Xyz8011702,Atlas,DC,09-06-2026 10:00,09-06-2026 10:04,Completed
Xyz8011726,Atlas,DC,09-06-2026 10:03,-NA-,Expired
Xyz8012021,Atlas,DC,09-06-2026 10:01,09-06-2026 10:02,Completed
Xyz8012026,Atlas,DC,09-06-2026 10:01,09-06-2026 10:11,Completed
Xyz8012056,Atlas,DC,09-06-2026 10:01,09-06-2026 10:02,Completed
Xyz8012130,Atlas,DC,09-06-2026 10:01,09-06-2026 10:01,Completed
Xyz8012137,Atlas,DC,09-06-2026 10:03,09-06-2026 10:03,Completed
Xyz8012150,Atlas,DC,09-06-2026 10:02,09-06-2026 10:03,Completed
Xyz8012164,Atlas,DC,09-06-2026 10:03,-NA-,Expired
Xyz8012201,Atlas,DC,09-06-2026 10:01,09-06-2026 10:01,Completed
Xyz8012225,Atlas,DC,09-06-2026 10:03,09-06-2026 10:05,Completed
Xyz8012231,Atlas,DC,09-06-2026 10:00,09-06-2026 10:02,Completed
Xyz8012234,Atlas,DC,09-06-2026 10:01,09-06-2026 10:01,Completed
Xyz8012478,Atlas,DC,09-06-2026 10:02,09-06-2026 10:03,Completed
Xyz8012504,Atlas,DC,09-06-2026 10:01,-NA-,Pending
Xyz8012532,Atlas,DC,09-06-2026 10:03,09-06-2026 10:04,Completed
Xyz8012586,Atlas,DC,09-06-2026 10:01,09-06-2026 10:01,Completed
Xyz8012637,Atlas,DC,09-06-2026 10:03,09-06-2026 10:17,Completed
Xyz8012799,Atlas,DC,09-06-2026 10:02,09-06-2026 10:02,Completed
Xyz8012820,Atlas,DC,09-06-2026 10:03,-NA-,Expired
Xyz8012982,Atlas,DC,09-06-2026 10:02,09-06-2026 10:03,Completed
Xyz8013010,Atlas,DC,09-06-2026 10:02,09-06-2026 10:04,Completed
Xyz8013011,Atlas,DC,09-06-2026 10:04,09-06-2026 10:10,Completed
Xyz8013033,Atlas,DC,09-06-2026 10:02,09-06-2026 10:03,Completed
Xyz8013115,Atlas,DC,09-06-2026 10:03,09-06-2026 10:04,Completed
Xyz8013133,Atlas,DC,09-06-2026 10:03,09-06-2026 10:03,Completed
Xyz8013284,Atlas,DC,09-06-2026 10:03,09-06-2026 10:03,Completed
Xyz8013324,Atlas,DC,09-06-2026 10:01,09-06-2026 10:02,Completed
Xyz8013348,Atlas,DC,09-06-2026 10:03,09-06-2026 10:05,Completed
Xyz8013383,Atlas,DC,09-06-2026 10:02,09-06-2026 10:03,Completed
Xyz8013394,Atlas,DC,09-06-2026 10:03,09-06-2026 10:03,Completed
Xyz8013467,Atlas,DC,09-06-2026 10:01,09-06-2026 10:01,Completed
Xyz8013543,Atlas,DC,09-06-2026 10:03,09-06-2026 10:04,Completed
Xyz8013563,Atlas,DC,09-06-2026 10:03,09-06-2026 10:10,Completed
Xyz8013591,Atlas,DC,09-06-2026 10:01,09-06-2026 10:06,Completed
Xyz8013596,Atlas,DC,09-06-2026 10:02,09-06-2026 10:03,Completed
Xyz8013728,Atlas,DC,09-06-2026 10:01,09-06-2026 10:01,Completed
Xyz8013751,Atlas,DC,09-06-2026 10:03,09-06-2026 14:28,Completed
Xyz8013781,Atlas,DC,09-06-2026 10:01,09-06-2026 10:37,Completed
Xyz8013806,Atlas,DC,09-06-2026 10:01,09-06-2026 10:51,Completed
Xyz8013867,Atlas,DC,09-06-2026 10:02,09-06-2026 10:03,Completed
Xyz8013894,Atlas,DC,09-06-2026 10:02,09-06-2026 10:03,Completed
Xyz8014051,Atlas,DC,09-06-2026 10:02,09-06-2026 11:59,Completed
Xyz8014056,Atlas,DC,09-06-2026 10:00,09-06-2026 10:01,Completed
Xyz8014088,Atlas,DC,09-06-2026 10:01,09-06-2026 10:16,Completed
Xyz8014264,Atlas,DC,09-06-2026 10:03,09-06-2026 10:38,Completed
Xyz8014310,Atlas,DC,09-06-2026 10:01,09-06-2026 11:15,Completed
Xyz8014334,Atlas,DC,09-06-2026 10:02,-NA-,Expired
Xyz8014344,Atlas,DC,09-06-2026 10:01,09-06-2026 10:17,Completed
Xyz8014361,Atlas,DC,09-06-2026 10:02,-NA-,Expired
Xyz8014407,Atlas,DC,09-06-2026 10:04,09-06-2026 10:04,Completed
Xyz8014434,Atlas,DC,09-06-2026 10:03,09-06-2026 10:04,Completed
Xyz8014437,Atlas,DC,09-06-2026 10:01,09-06-2026 10:01,Completed
Xyz8014509,Atlas,DC,09-06-2026 10:00,09-06-2026 10:01,Completed
Xyz8014527,Atlas,DC,09-06-2026 10:02,09-06-2026 13:36,Completed
Xyz8014644,Atlas,DC,09-06-2026 10:00,09-06-2026 13:31,Completed
Xyz8014707,Atlas,DC,09-06-2026 10:00,09-06-2026 13:39,Completed
Xyz8014709,Atlas,DC,09-06-2026 10:03,09-06-2026 13:37,Completed
Xyz8014718,Atlas,DC,09-06-2026 10:01,09-06-2026 10:02,Completed
Xyz8014855,Atlas,DC,09-06-2026 10:02,09-06-2026 10:02,Completed
Xyz8014882,Atlas,DC,09-06-2026 10:00,09-06-2026 10:01,Completed
Xyz8014885,Atlas,DC,09-06-2026 10:01,09-06-2026 10:01,Completed
Xyz8014923,Atlas,DC,09-06-2026 10:02,09-06-2026 10:03,Completed
Xyz8014982,Atlas,DC,09-06-2026 10:02,09-06-2026 10:02,Completed
Xyz8015033,Atlas,DC,09-06-2026 10:03,09-06-2026 13:38,Completed
Xyz8015072,Atlas,DC,09-06-2026 10:03,09-06-2026 10:04,Completed
Xyz8015218,Atlas,DC,09-06-2026 10:03,09-06-2026 10:03,Completed
Xyz8015273,Atlas,DC,09-06-2026 10:01,09-06-2026 10:04,Completed
Xyz8015283,Atlas,DC,09-06-2026 10:03,09-06-2026 13:32,Completed
Xyz8015301,Atlas,DC,09-06-2026 10:03,09-06-2026 13:45,Completed
Xyz8015423,Atlas,DC,09-06-2026 10:03,09-06-2026 10:07,Completed
Xyz8015432,Atlas,DC,09-06-2026 10:01,09-06-2026 12:03,Completed
Xyz8015508,Atlas,DC,09-06-2026 10:02,09-06-2026 10:03,Completed
Xyz8016050,Atlas,DC,09-06-2026 10:03,09-06-2026 12:03,Completed
Xyz8016058,Atlas,DC,09-06-2026 10:03,09-06-2026 10:04,Completed
Xyz8016139,Atlas,DC,09-06-2026 10:01,09-06-2026 10:01,Completed
Xyz8016187,Atlas,DC,09-06-2026 10:01,09-06-2026 12:03,Completed
Xyz8016217,Atlas,DC,09-06-2026 10:02,09-06-2026 12:03,Completed
Xyz8016223,Atlas,DC,09-06-2026 10:01,09-06-2026 10:02,Completed
Xyz8016272,Atlas,DC,09-06-2026 10:03,09-06-2026 10:04,Completed
Xyz8016545,Atlas,DC,09-06-2026 10:03,09-06-2026 10:04,Completed
Xyz8016551,Atlas,DC,09-06-2026 10:03,09-06-2026 10:04,Completed
Xyz8016556,Atlas,DC,09-06-2026 10:01,09-06-2026 10:01,Completed
Xyz8016612,Atlas,DC,09-06-2026 10:02,09-06-2026 10:05,Completed
Xyz8016648,Atlas,DC,09-06-2026 10:00,09-06-2026 10:01,Completed
Xyz8016705,Atlas,DC,09-06-2026 10:00,09-06-2026 10:01,Completed
Xyz8016748,Atlas,DC,09-06-2026 10:03,09-06-2026 10:05,Completed
Xyz8016780,Atlas,DC,09-06-2026 10:03,09-06-2026 10:03,Completed
Xyz8016781,Atlas,DC,09-06-2026 10:01,09-06-2026 10:13,Completed
Xyz8016890,Atlas,DC,09-06-2026 10:03,09-06-2026 10:03,Completed
Xyz8016895,Atlas,DC,09-06-2026 10:04,09-06-2026 10:05,Completed
Xyz8016919,Atlas,DC,09-06-2026 10:02,09-06-2026 10:05,Completed
Xyz8016949,Atlas,DC,09-06-2026 10:02,09-06-2026 10:02,Completed
Xyz8016967,Atlas,DC,09-06-2026 10:03,09-06-2026 10:04,Completed
Xyz8016972,Atlas,DC,09-06-2026 10:03,09-06-2026 10:04,Completed
Xyz8017012,Atlas,DC,09-06-2026 10:02,09-06-2026 10:03,Completed
Xyz8017022,Atlas,DC,09-06-2026 10:01,09-06-2026 10:04,Completed
Xyz8017067,Atlas,DC,09-06-2026 10:03,09-06-2026 10:03,Completed
Xyz8017073,Atlas,DC,09-06-2026 10:04,09-06-2026 10:44,Completed
Xyz8017075,Atlas,DC,09-06-2026 10:02,09-06-2026 10:57,Completed
Xyz8017082,Atlas,DC,09-06-2026 10:02,09-06-2026 12:06,Completed
Xyz8017137,Atlas,DC,09-06-2026 10:01,09-06-2026 10:01,Completed
Xyz8017223,Atlas,DC,09-06-2026 10:01,09-06-2026 10:05,Completed
Xyz8017288,Atlas,DC,09-06-2026 10:00,09-06-2026 10:01,Completed
Xyz8017360,Atlas,DC,09-06-2026 10:03,09-06-2026 10:04,Completed
Xyz8017364,Atlas,DC,09-06-2026 10:02,09-06-2026 10:03,Completed
Xyz8017389,Atlas,DC,09-06-2026 10:03,09-06-2026 10:04,Completed
Xyz8017406,Atlas,DC,09-06-2026 10:00,09-06-2026 11:12,Completed
Xyz8017407,Atlas,DC,09-06-2026 10:01,09-06-2026 11:12,Completed
Xyz8017525,Atlas,DC,09-06-2026 10:00,09-06-2026 10:01,Completed
Xyz8017532,Atlas,DC,09-06-2026 10:00,09-06-2026 10:01,Completed
Xyz8017535,Atlas,DC,09-06-2026 10:01,09-06-2026 10:02,Completed
Xyz8017545,Atlas,DC,09-06-2026 10:02,09-06-2026 10:05,Completed
Xyz8017549,Atlas,DC,09-06-2026 10:04,09-06-2026 10:04,Completed
Xyz8017554,Atlas,DC,09-06-2026 10:03,09-06-2026 10:03,Completed
Xyz8017566,Atlas,DC,09-06-2026 10:04,09-06-2026 10:04,Completed
Xyz8017645,Atlas,DC,09-06-2026 10:00,09-06-2026 10:01,Completed
Xyz8017701,Atlas,DC,09-06-2026 10:02,09-06-2026 12:23,Completed
Xyz8017708,Atlas,DC,09-06-2026 10:00,09-06-2026 10:01,Completed
Xyz8017811,Atlas,DC,09-06-2026 10:03,09-06-2026 10:04,Completed
Xyz8017916,Atlas,DC,09-06-2026 10:01,09-06-2026 10:01,Completed
Xyz8017966,Atlas,DC,09-06-2026 10:01,09-06-2026 10:01,Completed
Xyz8018037,Atlas,DC,09-06-2026 10:01,09-06-2026 12:34,Completed
Xyz8018043,Atlas,DC,09-06-2026 10:01,09-06-2026 10:08,Completed
Xyz8018083,Atlas,DC,09-06-2026 10:00,09-06-2026 10:01,Completed
Xyz8018190,Atlas,DC,09-06-2026 10:00,09-06-2026 10:01,Completed
Xyz8018198,Atlas,DC,09-06-2026 10:03,09-06-2026 10:04,Completed
Xyz8018221,Atlas,DC,09-06-2026 10:01,09-06-2026 10:02,Completed
Xyz8018322,Atlas,DC,09-06-2026 10:03,09-06-2026 10:04,Completed
Xyz8018390,Atlas,DC,09-06-2026 10:03,09-06-2026 12:16,Completed
Xyz8018429,Atlas,DC,09-06-2026 10:02,09-06-2026 10:02,Completed
Xyz8018519,Atlas,DC,09-06-2026 10:00,09-06-2026 10:01,Completed
Xyz8018686,Atlas,DC,09-06-2026 21:03,-NA-,Expired
Xyz8018748,Atlas,DC,09-06-2026 10:04,09-06-2026 10:04,Completed
Xyz8018769,Atlas,DC,09-06-2026 10:01,09-06-2026 10:02,Completed
Xyz8018775,Atlas,DC,09-06-2026 10:03,09-06-2026 10:04,Completed
Xyz8018841,Atlas,DC,09-06-2026 10:01,09-06-2026 10:01,Completed
Xyz8019020,Atlas,DC,09-06-2026 10:01,09-06-2026 10:02,Completed
Xyz8019052,Atlas,DC,09-06-2026 10:01,09-06-2026 10:02,Completed
Xyz8019104,Atlas,DC,09-06-2026 10:03,09-06-2026 10:04,Completed
Xyz8019109,Atlas,DC,09-06-2026 10:00,09-06-2026 10:01,Completed
Xyz8019264,Atlas,DC,09-06-2026 10:03,09-06-2026 10:04,Completed
Xyz8019292,Atlas,DC,09-06-2026 10:03,09-06-2026 10:03,Completed
Xyz8019475,Atlas,DC,09-06-2026 10:02,09-06-2026 10:03,Completed
Xyz8019591,Atlas,DC,09-06-2026 10:00,09-06-2026 12:33,Completed
Xyz8019638,Atlas,DC,09-06-2026 10:04,09-06-2026 10:04,Completed
Xyz8019657,Atlas,DC,09-06-2026 10:03,09-06-2026 10:04,Completed
Xyz8019692,Atlas,DC,09-06-2026 10:02,09-06-2026 10:14,Completed
Xyz8019804,Atlas,DC,09-06-2026 10:01,09-06-2026 10:02,Completed
Xyz8019845,Atlas,DC,09-06-2026 10:03,09-06-2026 10:04,Completed
Xyz8019853,Atlas,DC,09-06-2026 10:02,09-06-2026 12:19,Completed
Xyz8019968,Atlas,DC,09-06-2026 10:01,09-06-2026 12:37,Completed
Xyz8019976,Atlas,DC,09-06-2026 10:02,09-06-2026 11:59,Completed
Xyz8020046,Atlas,DC,09-06-2026 10:01,09-06-2026 10:01,Completed
Xyz8020272,Atlas,DC,09-06-2026 10:00,09-06-2026 10:01,Completed
Xyz8020368,Atlas,DC,09-06-2026 10:02,09-06-2026 10:03,Completed
Xyz8020373,Atlas,DC,09-06-2026 10:01,09-06-2026 10:02,Completed
Xyz8020414,Atlas,DC,09-06-2026 10:01,09-06-2026 10:02,Completed
Xyz8020512,Atlas,DC,09-06-2026 10:01,09-06-2026 10:02,Completed
Xyz8020513,Atlas,DC,09-06-2026 10:01,09-06-2026 10:02,Completed
Xyz8020580,Atlas,DC,09-06-2026 10:00,09-06-2026 12:18,Completed
Xyz8020678,Atlas,DC,09-06-2026 10:02,09-06-2026 10:02,Completed
Xyz8020773,Atlas,DC,09-06-2026 10:03,09-06-2026 10:04,Completed
Xyz8020841,Atlas,DC,09-06-2026 10:00,09-06-2026 10:01,Completed
Xyz8020854,Atlas,DC,09-06-2026 10:00,09-06-2026 16:05,Completed
Xyz8020919,Atlas,DC,09-06-2026 10:00,09-06-2026 10:01,Completed
Xyz8020972,Atlas,DC,09-06-2026 10:02,09-06-2026 10:03,Completed
Xyz8020982,Atlas,DC,09-06-2026 10:03,09-06-2026 10:04,Completed
Xyz8021042,Atlas,DC,09-06-2026 10:02,09-06-2026 10:03,Completed
Xyz8021043,Atlas,DC,09-06-2026 10:02,09-06-2026 10:03,Completed
Xyz8021418,Atlas,DC,09-06-2026 10:01,09-06-2026 10:02,Completed
Xyz8021512,Atlas,DC,09-06-2026 10:02,09-06-2026 10:03,Completed
Xyz8021519,Atlas,DC,09-06-2026 10:04,09-06-2026 10:06,Completed
Xyz8021614,Atlas,DC,09-06-2026 10:01,09-06-2026 10:02,Completed
Xyz8021620,Atlas,DC,09-06-2026 10:03,09-06-2026 10:04,Completed
Xyz8022083,Atlas,DC,09-06-2026 10:01,09-06-2026 10:06,Completed
Xyz8022135,Atlas,DC,09-06-2026 10:03,09-06-2026 10:51,Completed
Xyz8022189,Atlas,DC,09-06-2026 10:02,-NA-,Expired
Xyz8022209,Atlas,DC,09-06-2026 10:02,09-06-2026 11:01,Completed
Xyz8022230,Atlas,DC,09-06-2026 10:01,09-06-2026 10:12,Completed
Xyz8022257,Atlas,DC,09-06-2026 10:01,09-06-2026 14:07,Completed
Xyz8022366,Atlas,DC,09-06-2026 10:01,09-06-2026 10:09,Completed
Xyz8022398,Atlas,DC,09-06-2026 10:03,09-06-2026 10:11,Completed
Xyz8022502,Atlas,DC,09-06-2026 10:01,09-06-2026 10:02,Completed
Xyz8022591,Atlas,DC,09-06-2026 10:00,09-06-2026 10:01,Completed
Xyz8022809,Atlas,DC,09-06-2026 10:03,09-06-2026 10:04,Completed
Xyz8022842,Atlas,DC,09-06-2026 10:03,09-06-2026 10:04,Completed
Xyz8022976,Atlas,DC,09-06-2026 10:01,09-06-2026 10:04,Completed
Xyz8022999,Atlas,DC,09-06-2026 10:02,09-06-2026 10:03,Completed
Xyz8023034,Atlas,DC,09-06-2026 10:04,09-06-2026 10:04,Completed
Xyz8023264,Atlas,DC,09-06-2026 10:02,09-06-2026 10:05,Completed
Xyz8023381,Atlas,DC,09-06-2026 10:02,09-06-2026 10:04,Completed
Xyz8023393,Atlas,DC,09-06-2026 10:00,09-06-2026 10:01,Completed
Xyz8023422,Atlas,DC,09-06-2026 10:00,09-06-2026 10:01,Completed
Xyz8023437,Atlas,DC,09-06-2026 10:01,09-06-2026 10:02,Completed
Xyz8023449,Atlas,DC,09-06-2026 10:02,09-06-2026 10:03,Completed
Xyz8023575,Atlas,DC,09-06-2026 10:03,09-06-2026 10:04,Completed
Xyz8023600,Atlas,DC,09-06-2026 10:03,09-06-2026 10:03,Completed
Xyz8023604,Atlas,DC,09-06-2026 10:02,09-06-2026 10:03,Completed
Xyz8023626,Atlas,DC,09-06-2026 10:03,09-06-2026 10:04,Completed
Xyz8023827,Atlas,DC,09-06-2026 10:00,09-06-2026 10:01,Completed
Xyz8023834,Atlas,DC,09-06-2026 10:02,09-06-2026 10:03,Completed
Xyz8023844,Atlas,DC,09-06-2026 10:01,09-06-2026 10:02,Completed
Xyz8023852,Atlas,DC,09-06-2026 10:03,09-06-2026 10:03,Completed
Xyz8023883,Atlas,DC,09-06-2026 10:03,-NA-,Expired
Xyz8023919,Atlas,DC,09-06-2026 10:02,09-06-2026 10:02,Completed
Xyz8023929,Atlas,DC,09-06-2026 10:02,09-06-2026 10:04,Completed
Xyz8023937,Atlas,DC,09-06-2026 10:00,09-06-2026 10:01,Completed
Xyz8024021,Atlas,DC,09-06-2026 10:01,09-06-2026 10:02,Completed
Xyz8024090,Atlas,DC,09-06-2026 10:03,09-06-2026 10:04,Completed
Xyz8024108,Atlas,DC,09-06-2026 10:01,09-06-2026 10:01,Completed
Xyz8024114,Atlas,DC,09-06-2026 10:00,09-06-2026 10:01,Completed
Xyz8024133,Atlas,DC,09-06-2026 10:01,09-06-2026 10:02,Completed
Xyz8024178,Atlas,DC,09-06-2026 10:01,09-06-2026 15:32,Completed
Xyz8024182,Atlas,DC,09-06-2026 10:01,09-06-2026 10:01,Completed
Xyz8024227,Atlas,DC,09-06-2026 10:03,09-06-2026 10:04,Completed
Xyz8024240,Atlas,DC,09-06-2026 10:01,09-06-2026 11:12,Completed
Xyz8024291,Atlas,DC,09-06-2026 10:01,09-06-2026 10:04,Completed
Xyz8024433,Atlas,DC,09-06-2026 10:00,09-06-2026 10:01,Completed
Xyz8024460,Atlas,DC,09-06-2026 10:03,09-06-2026 10:03,Completed
Xyz8024481,Atlas,DC,09-06-2026 10:02,09-06-2026 11:13,Completed
Xyz8024494,Atlas,DC,09-06-2026 10:00,09-06-2026 10:01,Completed
Xyz8024537,Atlas,DC,09-06-2026 10:03,09-06-2026 10:08,Completed
Xyz8024567,Atlas,DC,09-06-2026 10:03,09-06-2026 10:04,Completed
Xyz8024569,Atlas,DC,09-06-2026 10:02,09-06-2026 10:02,Completed
Xyz8024626,Atlas,DC,09-06-2026 10:04,09-06-2026 10:04,Completed
Xyz8024657,Atlas,DC,09-06-2026 10:01,09-06-2026 10:01,Completed
Xyz8024736,Atlas,DC,09-06-2026 10:00,09-06-2026 10:01,Completed
Xyz8024762,Atlas,DC,09-06-2026 10:01,09-06-2026 10:01,Completed
Xyz8024779,Atlas,DC,09-06-2026 10:03,09-06-2026 10:03,Completed
Xyz8024795,Atlas,DC,09-06-2026 10:01,09-06-2026 11:11,Completed
Xyz8024854,Atlas,DC,09-06-2026 10:02,-NA-,Expired
Xyz8024916,Atlas,DC,09-06-2026 10:03,09-06-2026 10:03,Completed
Xyz8024939,Atlas,DC,09-06-2026 10:01,09-06-2026 10:01,Completed
Xyz8024971,Atlas,DC,09-06-2026 10:01,09-06-2026 10:01,Completed
Xyz8024998,Atlas,DC,09-06-2026 10:03,09-06-2026 10:04,Completed
Xyz8025001,Atlas,DC,09-06-2026 10:01,09-06-2026 10:01,Completed
Xyz8025045,Atlas,DC,09-06-2026 10:01,09-06-2026 10:01,Completed
Xyz8025050,Atlas,DC,09-06-2026 10:02,09-06-2026 10:03,Completed
Xyz8025107,Atlas,DC,09-06-2026 10:01,09-06-2026 15:30,Completed
Xyz8025115,Atlas,DC,09-06-2026 10:03,09-06-2026 10:03,Completed
Xyz8025132,Atlas,DC,09-06-2026 10:00,09-06-2026 11:14,Completed
Xyz8025186,Atlas,DC,09-06-2026 10:01,09-06-2026 10:02,Completed
Xyz8025229,Atlas,DC,09-06-2026 10:03,09-06-2026 10:04,Completed
Xyz8025346,Atlas,DC,09-06-2026 10:01,09-06-2026 10:02,Completed
Xyz8025392,Atlas,DC,09-06-2026 10:02,09-06-2026 10:03,Completed
Xyz8025426,Atlas,DC,09-06-2026 10:00,09-06-2026 10:01,Completed
Xyz8025511,Atlas,DC,09-06-2026 10:03,09-06-2026 10:04,Completed
Xyz8025587,Atlas,DC,09-06-2026 10:04,09-06-2026 10:04,Completed
Xyz8025643,Atlas,DC,09-06-2026 10:01,09-06-2026 10:02,Completed
Xyz8025692,Atlas,DC,09-06-2026 10:01,09-06-2026 10:01,Completed
Xyz8025715,Atlas,DC,09-06-2026 10:01,09-06-2026 10:02,Completed
Xyz8025751,Atlas,DC,09-06-2026 10:01,09-06-2026 10:01,Completed
Xyz8025773,Atlas,DC,09-06-2026 10:01,09-06-2026 10:01,Completed
Xyz8025818,Atlas,DC,09-06-2026 10:03,09-06-2026 10:03,Completed
Xyz8025833,Atlas,DC,09-06-2026 10:03,09-06-2026 10:06,Completed
Xyz8025857,Atlas,DC,09-06-2026 10:02,09-06-2026 10:03,Completed
Xyz8025998,Atlas,DC,09-06-2026 10:00,09-06-2026 10:01,Completed
Xyz8026057,Atlas,DC,09-06-2026 10:01,09-06-2026 10:01,Completed
Xyz8026098,Atlas,DC,09-06-2026 10:03,09-06-2026 10:04,Completed
Xyz8026117,Atlas,DC,09-06-2026 10:03,09-06-2026 10:03,Completed
Xyz8026165,Atlas,DC,09-06-2026 10:03,09-06-2026 10:04,Completed
Xyz8026184,Atlas,DC,09-06-2026 10:03,09-06-2026 10:03,Completed
Xyz8026287,Atlas,DC,09-06-2026 10:03,09-06-2026 10:03,Completed
Xyz8026353,Atlas,DC,09-06-2026 10:03,09-06-2026 10:04,Completed
Xyz8026492,Atlas,DC,09-06-2026 10:03,09-06-2026 10:04,Completed
Xyz8026539,Atlas,DC,09-06-2026 10:02,09-06-2026 10:03,Completed
Xyz8026540,Atlas,DC,09-06-2026 10:02,09-06-2026 10:02,Completed
Xyz8026585,Atlas,DC,09-06-2026 10:01,09-06-2026 10:02,Completed
Xyz8026589,Atlas,DC,09-06-2026 10:02,09-06-2026 10:03,Completed
Xyz8026672,Atlas,DC,09-06-2026 10:03,09-06-2026 10:28,Completed
Xyz8026793,Atlas,DC,09-06-2026 10:02,09-06-2026 10:06,Completed
Xyz8026797,Atlas,DC,09-06-2026 10:01,09-06-2026 10:01,Completed
Xyz8026803,Atlas,DC,09-06-2026 10:01,09-06-2026 10:02,Completed
Xyz8026864,Atlas,DC,09-06-2026 10:01,09-06-2026 10:04,Completed
Xyz8026877,Atlas,DC,09-06-2026 10:03,09-06-2026 10:03,Completed
Xyz8026881,Atlas,DC,09-06-2026 10:03,09-06-2026 10:03,Completed
Xyz8026897,Atlas,DC,09-06-2026 10:02,09-06-2026 10:03,Completed
Xyz8026899,Atlas,DC,09-06-2026 10:03,09-06-2026 10:03,Completed
Xyz8026942,Atlas,DC,09-06-2026 10:03,09-06-2026 10:03,Completed
Xyz8027080,Atlas,DC,09-06-2026 10:01,09-06-2026 10:01,Completed
Xyz8027105,Atlas,DC,09-06-2026 10:02,09-06-2026 10:03,Completed
Xyz8027181,Atlas,DC,09-06-2026 10:03,09-06-2026 10:04,Completed
Xyz8027235,Atlas,DC,09-06-2026 10:01,09-06-2026 10:06,Completed
Xyz8027288,Atlas,DC,09-06-2026 10:03,09-06-2026 10:09,Completed
Xyz8027359,Atlas,DC,09-06-2026 10:02,09-06-2026 10:09,Completed
Xyz8027436,Atlas,DC,09-06-2026 10:02,09-06-2026 10:03,Completed
Xyz8027530,Atlas,DC,09-06-2026 10:03,09-06-2026 10:03,Completed
Xyz8027557,Atlas,DC,09-06-2026 10:03,09-06-2026 10:03,Completed
Xyz8027583,Atlas,DC,09-06-2026 10:02,09-06-2026 10:03,Completed
Xyz8027609,Atlas,DC,09-06-2026 10:02,09-06-2026 10:03,Completed
Xyz8027626,Atlas,DC,09-06-2026 10:03,09-06-2026 10:03,Completed
Xyz8027639,Atlas,DC,09-06-2026 10:02,09-06-2026 10:03,Completed
Xyz8027657,Atlas,DC,09-06-2026 10:02,09-06-2026 10:03,Completed
Xyz8027708,Atlas,DC,09-06-2026 10:02,09-06-2026 10:03,Completed
Xyz8027850,Atlas,DC,09-06-2026 10:01,09-06-2026 10:01,Completed
Xyz8027878,Atlas,DC,09-06-2026 10:02,09-06-2026 10:02,Completed
Xyz8027994,Atlas,DC,09-06-2026 10:03,09-06-2026 10:04,Completed
Xyz8028041,Atlas,DC,09-06-2026 10:01,09-06-2026 10:02,Completed
Xyz8028192,Atlas,DC,09-06-2026 10:03,09-06-2026 10:16,Completed
Xyz8028278,Atlas,DC,09-06-2026 10:03,09-06-2026 10:04,Completed
Xyz8028303,Atlas,DC,09-06-2026 10:00,09-06-2026 10:01,Completed
Xyz8028307,Atlas,DC,09-06-2026 10:03,09-06-2026 10:03,Completed
Xyz8028338,Atlas,DC,09-06-2026 10:03,09-06-2026 10:03,Completed
Xyz8028500,Atlas,DC,09-06-2026 10:03,09-06-2026 14:33,Completed
Xyz8028587,Atlas,DC,09-06-2026 10:00,09-06-2026 10:01,Completed
Xyz8028715,Atlas,DC,09-06-2026 10:00,09-06-2026 10:01,Completed
Xyz8028802,Atlas,DC,09-06-2026 10:04,09-06-2026 10:04,Completed
Xyz8028821,Atlas,DC,09-06-2026 10:03,09-06-2026 10:03,Completed
Xyz8028862,Atlas,DC,09-06-2026 10:01,09-06-2026 10:02,Completed
Xyz8029019,Atlas,DC,09-06-2026 10:01,09-06-2026 10:01,Completed
Xyz8029035,Atlas,DC,09-06-2026 10:02,09-06-2026 10:03,Completed
Xyz8029076,Atlas,DC,09-06-2026 10:01,09-06-2026 10:14,Completed
Xyz8029114,Atlas,DC,09-06-2026 10:01,09-06-2026 10:02,Completed
Xyz8029145,Atlas,DC,09-06-2026 10:01,-NA-,Expired
Xyz8029172,Atlas,DC,09-06-2026 10:03,09-06-2026 10:04,Completed
Xyz8029179,Atlas,DC,09-06-2026 10:02,09-06-2026 10:02,Completed
Xyz8029317,Atlas,DC,09-06-2026 10:01,09-06-2026 14:34,Completed
Xyz8029452,Atlas,DC,09-06-2026 10:01,09-06-2026 10:01,Completed
Xyz8029503,Atlas,DC,09-06-2026 10:01,09-06-2026 10:02,Completed
Xyz8029588,Atlas,DC,09-06-2026 10:00,09-06-2026 10:01,Completed
Xyz8029607,Atlas,DC,09-06-2026 10:01,09-06-2026 10:01,Completed
Xyz8029625,Atlas,DC,09-06-2026 10:02,09-06-2026 10:03,Completed
Xyz8029636,Atlas,DC,09-06-2026 10:00,09-06-2026 10:01,Completed
Xyz8029640,Atlas,DC,09-06-2026 10:01,09-06-2026 10:03,Completed
Xyz8029647,Atlas,DC,09-06-2026 10:02,09-06-2026 10:03,Completed
Xyz8029650,Atlas,DC,09-06-2026 10:00,09-06-2026 10:01,Completed
Xyz8029659,Atlas,DC,09-06-2026 10:03,09-06-2026 10:03,Completed
Xyz8029715,Atlas,DC,09-06-2026 10:03,09-06-2026 10:04,Completed
Xyz8029807,Atlas,DC,09-06-2026 10:00,09-06-2026 10:01,Completed
Xyz8029816,Atlas,DC,09-06-2026 10:01,09-06-2026 10:02,Completed
Xyz8029823,Atlas,DC,09-06-2026 10:02,09-06-2026 10:03,Completed
Xyz8029910,Atlas,DC,09-06-2026 10:03,09-06-2026 10:04,Completed
Xyz8029933,Atlas,DC,09-06-2026 10:03,09-06-2026 10:04,Completed
Xyz8029957,Atlas,DC,09-06-2026 10:00,09-06-2026 10:01,Completed
Xyz8029973,Atlas,DC,09-06-2026 10:01,09-06-2026 10:02,Completed
Xyz8029990,Atlas,DC,09-06-2026 10:03,09-06-2026 10:04,Completed
Xyz8030018,Atlas,DC,09-06-2026 10:00,09-06-2026 10:01,Completed
Xyz8030079,Atlas,DC,09-06-2026 10:01,09-06-2026 10:02,Completed
Xyz8030108,Atlas,DC,09-06-2026 10:02,09-06-2026 10:02,Completed
Xyz8030159,Atlas,DC,09-06-2026 10:01,09-06-2026 10:02,Completed
Xyz8030280,Atlas,DC,09-06-2026 10:03,09-06-2026 10:05,Completed
Xyz8030295,Atlas,DC,09-06-2026 10:01,09-06-2026 10:02,Completed
Xyz8030302,Atlas,DC,09-06-2026 10:02,09-06-2026 10:03,Completed
Xyz8030390,Atlas,DC,09-06-2026 10:01,09-06-2026 10:02,Completed
Xyz8030403,Atlas,DC,09-06-2026 10:03,09-06-2026 15:27,Completed
Xyz8030435,Atlas,DC,09-06-2026 10:03,09-06-2026 10:04,Completed
Xyz8030449,Atlas,DC,09-06-2026 10:02,09-06-2026 11:20,Completed
Xyz8030456,Atlas,DC,09-06-2026 10:03,09-06-2026 10:03,Completed
Xyz8030460,Atlas,DC,09-06-2026 10:04,09-06-2026 10:04,Completed
Xyz8030462,Atlas,DC,09-06-2026 10:01,09-06-2026 10:02,Completed
Xyz8030505,Atlas,DC,09-06-2026 10:00,09-06-2026 10:02,Completed
Xyz8030516,Atlas,DC,09-06-2026 10:00,09-06-2026 10:01,Completed
Xyz8030582,Atlas,DC,09-06-2026 10:00,09-06-2026 10:01,Completed
Xyz8030588,Atlas,DC,09-06-2026 10:01,09-06-2026 14:28,Completed
Xyz8030729,Atlas,DC,09-06-2026 10:00,09-06-2026 10:01,Completed
Xyz8030800,Atlas,DC,09-06-2026 10:03,09-06-2026 10:04,Completed
Xyz8030833,Atlas,DC,09-06-2026 10:01,09-06-2026 10:01,Completed
Xyz8030962,Atlas,DC,09-06-2026 10:00,09-06-2026 10:01,Completed
Xyz8031088,Atlas,DC,09-06-2026 10:00,09-06-2026 10:01,Completed
Xyz8031170,Atlas,DC,09-06-2026 10:01,09-06-2026 10:01,Completed
Xyz8031194,Atlas,DC,09-06-2026 10:03,09-06-2026 10:03,Completed
Xyz8031272,Atlas,DC,09-06-2026 10:03,09-06-2026 10:12,Completed
Xyz8031340,Atlas,DC,09-06-2026 10:03,-NA-,Expired
Xyz8031608,Atlas,DC,09-06-2026 10:01,09-06-2026 11:36,Completed
Xyz8031721,Atlas,DC,09-06-2026 10:01,09-06-2026 10:08,Completed
Xyz8031818,Atlas,DC,09-06-2026 10:01,09-06-2026 10:02,Completed
Xyz8031859,Atlas,DC,09-06-2026 10:02,09-06-2026 10:03,Completed
Xyz8031955,Atlas,DC,09-06-2026 10:02,09-06-2026 10:03,Completed
Xyz8032292,Atlas,DC,09-06-2026 10:03,09-06-2026 10:04,Completed
Xyz8032454,Atlas,DC,09-06-2026 10:03,09-06-2026 10:04,Completed
Xyz8032600,Atlas,DC,09-06-2026 10:03,09-06-2026 10:03,Completed
Xyz8032638,Atlas,DC,09-06-2026 10:00,09-06-2026 10:01,Completed
Xyz8032669,Atlas,DC,09-06-2026 10:01,09-06-2026 10:37,Completed
Xyz8032690,Atlas,DC,09-06-2026 10:01,09-06-2026 10:02,Completed
Xyz8032700,Atlas,DC,09-06-2026 10:01,09-06-2026 10:02,Completed
Xyz8032759,Atlas,DC,09-06-2026 10:03,09-06-2026 10:04,Completed
Xyz8032780,Atlas,DC,09-06-2026 10:00,09-06-2026 10:01,Completed
Xyz8032833,Atlas,DC,09-06-2026 10:01,09-06-2026 10:02,Completed
Xyz8032840,Atlas,DC,09-06-2026 10:03,09-06-2026 10:04,Completed
Xyz8032969,Atlas,DC,09-06-2026 10:01,09-06-2026 10:01,Completed
Xyz8033042,Atlas,DC,09-06-2026 10:02,09-06-2026 10:03,Completed
Xyz8033125,Atlas,DC,09-06-2026 10:01,09-06-2026 10:06,Completed
Xyz8033266,Atlas,DC,09-06-2026 10:02,09-06-2026 10:14,Completed
Xyz8033315,Atlas,DC,09-06-2026 10:01,09-06-2026 10:02,Completed
Xyz8033383,Atlas,DC,09-06-2026 10:02,09-06-2026 14:07,Completed
Xyz8033610,Atlas,DC,09-06-2026 10:01,-NA-,Expired
Xyz8033626,Atlas,DC,09-06-2026 10:03,09-06-2026 11:56,Completed
Xyz8033649,Atlas,DC,09-06-2026 10:00,09-06-2026 10:01,Completed
Xyz8033689,Atlas,DC,09-06-2026 10:02,09-06-2026 10:03,Completed
Xyz8033812,Atlas,DC,09-06-2026 10:01,09-06-2026 10:02,Completed
Xyz8033826,Atlas,DC,09-06-2026 10:03,09-06-2026 10:05,Completed
Xyz8033863,Atlas,DC,09-06-2026 10:02,09-06-2026 10:03,Completed
Xyz8033890,Atlas,DC,09-06-2026 10:01,09-06-2026 11:19,Completed
Xyz8034174,Atlas,DC,09-06-2026 10:03,09-06-2026 10:04,Completed
Xyz8034261,Atlas,DC,09-06-2026 10:01,09-06-2026 10:01,Completed
Xyz8034293,Atlas,DC,09-06-2026 10:01,09-06-2026 10:02,Completed
Xyz8034559,Atlas,DC,09-06-2026 10:01,09-06-2026 11:19,Completed
Xyz8034612,Atlas,DC,09-06-2026 10:01,09-06-2026 10:06,Completed
Xyz8034704,Atlas,DC,09-06-2026 10:01,09-06-2026 10:01,Completed
Xyz8034710,Atlas,DC,09-06-2026 10:02,09-06-2026 10:03,Completed
Xyz8034712,Atlas,DC,09-06-2026 10:03,09-06-2026 10:04,Completed
Xyz8034714,Atlas,DC,09-06-2026 10:03,09-06-2026 10:04,Completed
Xyz8034737,Atlas,DC,09-06-2026 10:00,09-06-2026 10:01,Completed
Xyz8034759,Atlas,DC,09-06-2026 10:02,09-06-2026 10:03,Completed
Xyz8034834,Atlas,DC,09-06-2026 10:03,09-06-2026 12:57,Completed
Xyz8034852,Atlas,DC,09-06-2026 10:02,09-06-2026 10:03,Completed
Xyz8034891,Atlas,DC,09-06-2026 10:03,09-06-2026 10:03,Completed
Xyz8034949,Atlas,DC,09-06-2026 10:01,09-06-2026 11:19,Completed
Xyz8035019,Atlas,DC,09-06-2026 10:00,09-06-2026 10:05,Completed
Xyz8035129,Atlas,DC,09-06-2026 10:02,09-06-2026 11:20,Completed
Xyz8035157,Atlas,DC,09-06-2026 10:03,-NA-,Expired
Xyz8035261,Atlas,DC,09-06-2026 10:00,09-06-2026 10:01,Completed
Xyz8035279,Atlas,DC,09-06-2026 10:03,09-06-2026 10:04,Completed
Xyz8035322,Atlas,DC,09-06-2026 10:00,09-06-2026 10:01,Completed
Xyz8035403,Atlas,DC,09-06-2026 10:01,09-06-2026 10:01,Completed
Xyz8035490,Atlas,DC,09-06-2026 10:03,09-06-2026 10:04,Completed
Xyz8035494,Atlas,DC,09-06-2026 10:01,09-06-2026 10:02,Completed
Xyz8035651,Atlas,DC,09-06-2026 10:03,09-06-2026 10:03,Completed
Xyz8035716,Atlas,DC,09-06-2026 10:01,09-06-2026 11:20,Completed
Xyz8035730,Atlas,DC,09-06-2026 10:02,09-06-2026 10:03,Completed
Xyz8035781,Atlas,DC,09-06-2026 10:03,09-06-2026 10:04,Completed
Xyz8035813,Atlas,DC,09-06-2026 10:03,09-06-2026 11:20,Completed
Xyz8035820,Atlas,DC,09-06-2026 10:03,09-06-2026 10:04,Completed
Xyz8035864,Atlas,DC,09-06-2026 10:03,09-06-2026 10:03,Completed
Xyz8036034,Atlas,DC,09-06-2026 10:00,09-06-2026 10:01,Completed
Xyz8036091,Atlas,DC,09-06-2026 10:03,09-06-2026 10:11,Completed
Xyz8036099,Atlas,DC,09-06-2026 10:03,09-06-2026 10:03,Completed
Xyz8036179,Atlas,DC,09-06-2026 10:03,09-06-2026 10:04,Completed
Xyz8036184,Atlas,DC,09-06-2026 10:00,09-06-2026 10:01,Completed
Xyz8036271,Atlas,DC,09-06-2026 10:03,09-06-2026 10:03,Completed
Xyz8036297,Atlas,DC,09-06-2026 10:02,09-06-2026 10:03,Completed
Xyz8036329,Atlas,DC,09-06-2026 10:01,09-06-2026 10:02,Completed
Xyz8036373,Atlas,DC,09-06-2026 10:00,09-06-2026 10:01,Completed
Xyz8036397,Atlas,DC,09-06-2026 10:00,09-06-2026 10:01,Completed
Xyz8036415,Atlas,DC,09-06-2026 10:00,09-06-2026 10:01,Completed
Xyz8036455,Atlas,DC,09-06-2026 10:02,09-06-2026 10:03,Completed
Xyz8036457,Atlas,DC,09-06-2026 10:03,09-06-2026 10:03,Completed
Xyz8036458,Atlas,DC,09-06-2026 10:01,09-06-2026 10:01,Completed
Xyz8036582,Atlas,DC,09-06-2026 10:03,09-06-2026 10:07,Completed
Xyz8036612,Atlas,DC,09-06-2026 10:04,09-06-2026 10:07,Completed
Xyz8036657,Atlas,DC,09-06-2026 10:01,09-06-2026 10:01,Completed
Xyz8036741,Atlas,DC,09-06-2026 10:00,09-06-2026 10:02,Completed
Xyz8036819,Atlas,DC,09-06-2026 10:02,09-06-2026 10:02,Completed
Xyz8036831,Atlas,DC,09-06-2026 10:03,09-06-2026 10:08,Completed
Xyz8036878,Atlas,DC,09-06-2026 10:02,09-06-2026 10:03,Completed
Xyz8036976,Atlas,DC,09-06-2026 10:01,09-06-2026 10:11,Completed
Xyz8037014,Atlas,DC,09-06-2026 10:03,09-06-2026 10:07,Completed
Xyz8037079,Atlas,DC,09-06-2026 10:03,09-06-2026 10:03,Completed
Xyz8037118,Atlas,DC,09-06-2026 10:00,-NA-,Expired
Xyz8037166,Atlas,DC,09-06-2026 10:03,09-06-2026 10:12,Completed
Xyz8037175,Atlas,DC,09-06-2026 10:02,-NA-,Expired
Xyz8037254,Atlas,DC,09-06-2026 10:02,09-06-2026 10:09,Completed
Xyz8037325,Atlas,DC,09-06-2026 10:00,09-06-2026 10:03,Completed
Xyz8037329,Atlas,DC,09-06-2026 10:03,09-06-2026 10:14,Completed
Xyz8037340,Atlas,DC,09-06-2026 10:02,09-06-2026 10:03,Completed
Xyz8037372,Atlas,DC,09-06-2026 10:02,09-06-2026 10:03,Completed
Xyz8037498,Atlas,DC,09-06-2026 10:01,09-06-2026 10:14,Completed
Xyz8037665,Atlas,DC,09-06-2026 10:01,09-06-2026 10:02,Completed
Xyz8037717,Atlas,DC,09-06-2026 10:00,09-06-2026 10:01,Completed
Xyz8037720,Atlas,DC,09-06-2026 10:03,09-06-2026 10:03,Completed
Xyz8037786,Atlas,DC,09-06-2026 10:01,09-06-2026 10:02,Completed
Xyz8037864,Atlas,DC,09-06-2026 10:03,09-06-2026 10:04,Completed
Xyz8037987,Atlas,DC,09-06-2026 10:01,09-06-2026 12:08,Completed
Xyz8038012,Atlas,DC,09-06-2026 10:01,09-06-2026 10:51,Completed
Xyz8038034,Atlas,DC,09-06-2026 10:00,09-06-2026 10:01,Completed
Xyz8038062,Atlas,DC,09-06-2026 10:04,09-06-2026 10:04,Completed
Xyz8038086,Atlas,DC,09-06-2026 10:04,09-06-2026 10:04,Completed
Xyz8038121,Atlas,DC,09-06-2026 10:01,09-06-2026 10:01,Completed
Xyz8038125,Atlas,DC,09-06-2026 10:00,09-06-2026 10:01,Completed
Xyz8038188,Atlas,DC,09-06-2026 10:01,09-06-2026 10:02,Completed
Xyz8038189,Atlas,DC,09-06-2026 10:02,09-06-2026 10:05,Completed
Xyz8038200,Atlas,DC,09-06-2026 10:03,09-06-2026 14:35,Completed
Xyz8038358,Atlas,DC,09-06-2026 10:02,09-06-2026 10:02,Completed
Xyz8038411,Atlas,DC,09-06-2026 10:01,09-06-2026 13:43,Completed
Xyz8038497,Atlas,DC,09-06-2026 10:04,09-06-2026 10:06,Completed
Xyz8038510,Atlas,DC,09-06-2026 10:00,09-06-2026 10:01,Completed
Xyz8038522,Atlas,DC,09-06-2026 10:03,09-06-2026 10:04,Completed
Xyz8038565,Atlas,DC,09-06-2026 10:00,09-06-2026 10:02,Completed
Xyz8038611,Atlas,DC,09-06-2026 10:03,09-06-2026 10:03,Completed
Xyz8038661,Atlas,DC,09-06-2026 10:02,09-06-2026 10:03,Completed
Xyz8038677,Atlas,DC,09-06-2026 10:00,09-06-2026 10:01,Completed
Xyz8038697,Atlas,DC,09-06-2026 10:03,09-06-2026 10:04,Completed
Xyz8038722,Atlas,DC,09-06-2026 10:02,09-06-2026 10:02,Completed
Xyz8038790,Atlas,DC,09-06-2026 10:04,09-06-2026 10:04,Completed
Xyz8038874,Atlas,DC,09-06-2026 10:03,09-06-2026 10:03,Completed
Xyz8038967,Atlas,DC,09-06-2026 10:03,09-06-2026 10:03,Completed
Xyz8039088,Atlas,DC,09-06-2026 10:02,09-06-2026 10:03,Completed
Xyz8039089,Atlas,DC,09-06-2026 10:03,09-06-2026 10:03,Completed
Xyz8039194,Atlas,DC,09-06-2026 10:02,09-06-2026 10:32,Completed
Xyz8039306,Atlas,DC,09-06-2026 10:01,09-06-2026 10:03,Completed
Xyz8039376,Atlas,DC,09-06-2026 10:03,09-06-2026 10:09,Completed
Xyz8039378,Atlas,DC,09-06-2026 10:01,09-06-2026 10:10,Completed
Xyz8039479,Atlas,DC,09-06-2026 10:03,09-06-2026 10:16,Completed
Xyz8039502,Atlas,DC,09-06-2026 10:01,09-06-2026 10:02,Completed
Xyz8039631,Atlas,DC,09-06-2026 10:01,09-06-2026 10:06,Completed
Xyz8039759,Atlas,DC,09-06-2026 10:03,09-06-2026 10:03,Completed
Xyz8039782,Atlas,DC,09-06-2026 10:01,09-06-2026 11:02,Completed
Xyz8039829,Atlas,DC,09-06-2026 10:01,09-06-2026 10:11,Completed
Xyz8039870,Atlas,DC,09-06-2026 10:01,09-06-2026 10:07,Completed
Xyz8039883,Atlas,DC,09-06-2026 10:03,09-06-2026 11:03,Completed
Xyz8039904,Atlas,DC,09-06-2026 10:01,09-06-2026 10:02,Completed
Xyz8039925,Atlas,DC,09-06-2026 10:04,09-06-2026 10:04,Completed
Xyz8040062,Atlas,DC,09-06-2026 10:01,09-06-2026 10:04,Completed
Xyz8040125,Atlas,DC,09-06-2026 10:02,09-06-2026 11:04,Completed
Xyz8040136,Atlas,DC,09-06-2026 10:03,09-06-2026 10:03,Completed
Xyz8040187,Atlas,DC,09-06-2026 10:03,09-06-2026 10:03,Completed
Xyz8040202,Atlas,DC,09-06-2026 10:03,-NA-,Expired
Xyz8040215,Atlas,DC,09-06-2026 10:03,09-06-2026 10:04,Completed
Xyz8040249,Atlas,DC,09-06-2026 10:03,09-06-2026 10:09,Completed
Xyz8040267,Atlas,DC,09-06-2026 10:02,09-06-2026 10:03,Completed
Xyz8040277,Atlas,DC,09-06-2026 10:01,09-06-2026 10:02,Completed
Xyz8040278,Atlas,DC,09-06-2026 10:01,09-06-2026 10:04,Completed
Xyz8040357,Atlas,DC,09-06-2026 10:00,09-06-2026 10:04,Completed
Xyz8040423,Atlas,DC,09-06-2026 10:03,09-06-2026 10:09,Completed
Xyz8040443,Atlas,DC,09-06-2026 10:00,09-06-2026 10:03,Completed
Xyz8040446,Atlas,DC,09-06-2026 10:00,09-06-2026 10:08,Completed
Xyz8040675,Atlas,DC,09-06-2026 10:02,09-06-2026 10:03,Completed
Xyz8040682,Atlas,DC,09-06-2026 10:01,09-06-2026 10:04,Completed
Xyz8040686,Atlas,DC,09-06-2026 10:00,-NA-,Expired
Xyz8040752,Atlas,DC,09-06-2026 10:03,-NA-,Expired
Xyz8040767,Atlas,DC,09-06-2026 10:03,-NA-,Expired
Xyz8040802,Atlas,DC,09-06-2026 10:03,09-06-2026 10:03,Completed
Xyz8040938,Atlas,DC,09-06-2026 10:03,09-06-2026 10:04,Completed
Xyz8041104,Atlas,DC,09-06-2026 10:01,09-06-2026 10:02,Completed
Xyz8041145,Atlas,DC,09-06-2026 10:00,09-06-2026 10:00,Completed
Xyz8041225,Atlas,DC,09-06-2026 10:03,09-06-2026 10:03,Completed
Xyz8041302,Atlas,DC,09-06-2026 10:00,09-06-2026 10:01,Completed
Xyz8041335,Atlas,DC,09-06-2026 10:02,-NA-,Expired
Xyz8041680,Atlas,DC,09-06-2026 10:01,09-06-2026 10:01,Completed
Xyz8041753,Atlas,DC,09-06-2026 10:03,09-06-2026 10:03,Completed
Xyz8041872,Atlas,DC,09-06-2026 10:00,09-06-2026 10:01,Completed
Xyz8041947,Atlas,DC,09-06-2026 10:00,09-06-2026 10:00,Completed
Xyz8041975,Atlas,DC,09-06-2026 10:01,09-06-2026 10:02,Completed
Xyz8041976,Atlas,DC,09-06-2026 10:03,09-06-2026 10:03,Completed
Xyz8041994,Atlas,DC,09-06-2026 10:03,09-06-2026 11:02,Completed
Xyz8042049,Atlas,DC,09-06-2026 10:03,09-06-2026 11:03,Completed
Xyz8042146,Atlas,DC,09-06-2026 10:02,09-06-2026 10:02,Completed
Xyz8042267,Atlas,DC,09-06-2026 10:03,09-06-2026 11:02,Completed
Xyz8042274,Atlas,DC,09-06-2026 10:01,09-06-2026 11:02,Completed
Xyz8042286,Atlas,DC,09-06-2026 10:03,09-06-2026 10:15,Completed
Xyz8042297,Atlas,DC,09-06-2026 10:04,09-06-2026 11:01,Completed
Xyz8042425,Atlas,DC,09-06-2026 10:00,09-06-2026 10:01,Completed
Xyz8042478,Atlas,DC,09-06-2026 10:00,09-06-2026 10:01,Completed
Xyz8042512,Atlas,DC,09-06-2026 10:01,09-06-2026 10:06,Completed
Xyz8042528,Atlas,DC,09-06-2026 10:02,09-06-2026 11:00,Completed
Xyz8042546,Atlas,DC,09-06-2026 10:01,09-06-2026 10:02,Completed
Xyz8042549,Atlas,DC,09-06-2026 10:00,09-06-2026 10:01,Completed
Xyz8042586,Atlas,DC,09-06-2026 10:03,09-06-2026 10:03,Completed
Xyz8042606,Atlas,DC,09-06-2026 10:00,09-06-2026 10:01,Completed
Xyz8042608,Atlas,DC,09-06-2026 10:00,09-06-2026 10:02,Completed
Xyz8042665,Atlas,DC,09-06-2026 10:00,09-06-2026 10:01,Completed
Xyz8042735,Atlas,DC,09-06-2026 10:03,09-06-2026 11:02,Completed
Xyz8042867,Atlas,DC,09-06-2026 10:01,09-06-2026 10:08,Completed
Xyz8042878,Atlas,DC,09-06-2026 10:02,09-06-2026 10:16,Completed
Xyz8042949,Atlas,DC,09-06-2026 10:01,09-06-2026 10:02,Completed
Xyz8042953,Atlas,DC,09-06-2026 10:01,09-06-2026 10:01,Completed
Xyz8042958,Atlas,DC,09-06-2026 10:00,09-06-2026 10:02,Completed
Xyz8043008,Atlas,DC,09-06-2026 10:04,09-06-2026 10:04,Completed
Xyz8043055,Atlas,DC,09-06-2026 10:00,09-06-2026 10:01,Completed
Xyz8043223,Atlas,DC,09-06-2026 10:03,09-06-2026 10:03,Completed
Xyz8043264,Atlas,DC,09-06-2026 10:03,09-06-2026 10:03,Completed
Xyz8043307,Atlas,DC,09-06-2026 10:02,09-06-2026 10:02,Completed
Xyz8043309,Atlas,DC,09-06-2026 10:03,09-06-2026 10:03,Completed
Xyz8043330,Atlas,DC,09-06-2026 10:00,09-06-2026 10:01,Completed
Xyz8043372,Atlas,DC,09-06-2026 10:03,09-06-2026 10:04,Completed
Xyz8043409,Atlas,DC,09-06-2026 10:03,09-06-2026 10:28,Completed
Xyz8043421,Atlas,DC,09-06-2026 10:01,09-06-2026 10:02,Completed
Xyz8043554,Atlas,DC,09-06-2026 10:01,09-06-2026 10:02,Completed
Xyz8043667,Atlas,DC,09-06-2026 10:02,09-06-2026 10:02,Completed
Xyz8043669,Atlas,DC,09-06-2026 10:03,09-06-2026 10:04,Completed
Xyz8043785,Atlas,DC,09-06-2026 10:00,09-06-2026 10:02,Completed
Xyz8043819,Atlas,DC,09-06-2026 10:01,09-06-2026 10:02,Completed
Xyz8043828,Atlas,DC,09-06-2026 10:00,09-06-2026 10:01,Completed
Xyz8043833,Atlas,DC,09-06-2026 10:03,09-06-2026 10:03,Completed
Xyz8043870,Atlas,DC,09-06-2026 10:01,09-06-2026 10:01,Completed
Xyz8043871,Atlas,DC,09-06-2026 10:00,09-06-2026 10:01,Completed
Xyz8043908,Atlas,DC,09-06-2026 10:02,09-06-2026 10:02,Completed
Xyz8043961,Atlas,DC,09-06-2026 10:00,09-06-2026 10:01,Completed
Xyz8043974,Atlas,DC,09-06-2026 10:01,09-06-2026 10:02,Completed
Xyz8044047,Atlas,DC,09-06-2026 10:03,09-06-2026 10:35,Completed
Xyz8044125,Atlas,DC,09-06-2026 10:01,09-06-2026 10:04,Completed
Xyz8044390,Atlas,DC,09-06-2026 10:02,09-06-2026 10:12,Completed
Xyz8044413,Atlas,DC,09-06-2026 10:01,09-06-2026 10:02,Completed
Xyz8044416,Atlas,DC,09-06-2026 10:03,09-06-2026 10:03,Completed
Xyz8044422,Atlas,DC,09-06-2026 10:03,09-06-2026 10:04,Completed
Xyz8044460,Atlas,DC,09-06-2026 10:01,09-06-2026 10:03,Completed
Xyz8044497,Atlas,DC,09-06-2026 10:03,09-06-2026 10:04,Completed
Xyz8044550,Atlas,DC,09-06-2026 10:02,09-06-2026 10:03,Completed
Xyz8044719,Atlas,DC,09-06-2026 10:01,09-06-2026 11:14,Completed
Xyz8044756,Atlas,DC,09-06-2026 10:01,09-06-2026 10:02,Completed
Xyz8044788,Atlas,DC,09-06-2026 10:01,09-06-2026 10:12,Completed
Xyz8044790,Atlas,DC,09-06-2026 10:01,09-06-2026 10:01,Completed
Xyz8044848,Atlas,DC,09-06-2026 10:02,09-06-2026 12:23,Completed
Xyz8044857,Atlas,DC,09-06-2026 10:01,09-06-2026 10:02,Completed
Xyz8044987,Atlas,DC,09-06-2026 10:02,09-06-2026 10:04,Completed
Xyz8045005,Atlas,DC,09-06-2026 10:00,09-06-2026 10:01,Completed
Xyz8045145,Atlas,DC,09-06-2026 10:04,09-06-2026 10:04,Completed
Xyz8045190,Atlas,DC,09-06-2026 10:00,09-06-2026 10:01,Completed
Xyz8045213,Atlas,DC,09-06-2026 10:03,09-06-2026 10:04,Completed
Xyz8045308,Atlas,DC,09-06-2026 10:02,09-06-2026 10:03,Completed
Xyz8045356,Atlas,DC,09-06-2026 10:01,-NA-,Expired
Xyz8045381,Atlas,DC,09-06-2026 10:00,09-06-2026 12:18,Completed
Xyz8045399,Atlas,DC,09-06-2026 10:03,09-06-2026 10:04,Completed
Xyz8045640,Atlas,DC,09-06-2026 10:02,-NA-,Expired
Xyz8045644,Atlas,DC,09-06-2026 10:03,10-06-2026 09:01,Completed
Xyz8045699,Atlas,DC,09-06-2026 10:00,09-06-2026 10:01,Completed
Xyz8045763,Atlas,DC,09-06-2026 10:02,09-06-2026 12:08,Completed
Xyz8045901,Atlas,DC,09-06-2026 10:00,09-06-2026 10:17,Completed
Xyz8045981,Atlas,DC,09-06-2026 10:00,09-06-2026 10:02,Completed
Xyz8046126,Atlas,DC,09-06-2026 10:00,-NA-,Expired
Xyz8046138,Atlas,DC,09-06-2026 10:02,09-06-2026 10:43,Completed
Xyz8046140,Atlas,DC,09-06-2026 10:00,09-06-2026 10:43,Completed
Xyz8046184,Atlas,DC,09-06-2026 10:03,09-06-2026 11:07,Completed
Xyz8046247,Atlas,DC,09-06-2026 10:00,09-06-2026 10:11,Completed
Xyz8046280,Atlas,DC,09-06-2026 10:01,09-06-2026 11:07,Completed
Xyz8046303,Atlas,DC,09-06-2026 10:02,09-06-2026 10:22,Completed
Xyz8046337,Atlas,DC,09-06-2026 10:00,09-06-2026 10:05,Completed
Xyz8046346,Atlas,DC,09-06-2026 10:01,09-06-2026 10:03,Completed
Xyz8046392,Atlas,DC,09-06-2026 10:00,09-06-2026 10:01,Completed
Xyz8046399,Atlas,DC,09-06-2026 10:02,09-06-2026 10:14,Completed
Xyz8046470,Atlas,DC,09-06-2026 10:01,09-06-2026 10:02,Completed
Xyz8046536,Atlas,DC,09-06-2026 10:00,09-06-2026 12:06,Completed
Xyz8046631,Atlas,DC,09-06-2026 10:02,09-06-2026 10:03,Completed
Xyz8046673,Atlas,DC,09-06-2026 10:03,09-06-2026 10:46,Completed
Xyz8046742,Atlas,DC,09-06-2026 10:03,09-06-2026 10:04,Completed
Xyz8046752,Atlas,DC,09-06-2026 10:02,09-06-2026 10:03,Completed
Xyz8046918,Atlas,DC,09-06-2026 10:02,09-06-2026 10:03,Completed
Xyz8046947,Atlas,DC,09-06-2026 10:01,09-06-2026 10:01,Completed
Xyz8046975,Atlas,DC,09-06-2026 10:02,09-06-2026 10:03,Completed
Xyz8047036,Atlas,DC,09-06-2026 10:03,-NA-,Expired
Xyz8047067,Atlas,DC,09-06-2026 10:01,09-06-2026 11:20,Completed
Xyz8047099,Atlas,DC,09-06-2026 10:02,09-06-2026 10:03,Completed
Xyz8047119,Atlas,DC,09-06-2026 10:02,09-06-2026 10:03,Completed
Xyz8047185,Atlas,DC,09-06-2026 10:01,09-06-2026 11:23,Completed
Xyz8047299,Atlas,DC,09-06-2026 10:03,09-06-2026 10:04,Completed
Xyz8047339,Atlas,DC,09-06-2026 10:02,09-06-2026 10:03,Completed
Xyz8047357,Atlas,DC,09-06-2026 10:03,09-06-2026 10:03,Completed
Xyz8047369,Atlas,DC,09-06-2026 10:03,09-06-2026 10:03,Completed
Xyz8047385,Atlas,DC,09-06-2026 10:03,09-06-2026 10:04,Completed
Xyz8047440,Atlas,DC,09-06-2026 10:00,09-06-2026 10:29,Completed
Xyz8047570,Atlas,DC,09-06-2026 10:01,09-06-2026 10:01,Completed
Xyz8047678,Atlas,DC,09-06-2026 10:03,09-06-2026 10:04,Completed
Xyz8047730,Atlas,DC,09-06-2026 10:03,09-06-2026 10:04,Completed
Xyz8047783,Atlas,DC,09-06-2026 10:02,09-06-2026 11:52,Completed
Xyz8047963,Atlas,DC,09-06-2026 10:03,09-06-2026 10:03,Completed
Xyz8048097,Atlas,DC,09-06-2026 10:03,09-06-2026 10:08,Completed
Xyz8048133,Atlas,DC,09-06-2026 10:03,09-06-2026 10:09,Completed
Xyz8048159,Atlas,DC,09-06-2026 10:00,09-06-2026 10:01,Completed
Xyz8048176,Atlas,DC,09-06-2026 10:03,09-06-2026 13:39,Completed
Xyz8048286,Atlas,DC,09-06-2026 10:02,09-06-2026 13:38,Completed
Xyz8048301,Atlas,DC,09-06-2026 10:01,09-06-2026 10:04,Completed
Xyz8048657,Atlas,DC,09-06-2026 10:03,09-06-2026 10:03,Completed
Xyz8048717,Atlas,DC,09-06-2026 10:03,09-06-2026 10:03,Completed
Xyz8048737,Atlas,DC,09-06-2026 10:04,09-06-2026 10:06,Completed
Xyz8048773,Atlas,DC,09-06-2026 10:02,09-06-2026 11:42,Completed
Xyz8048872,Atlas,DC,09-06-2026 10:01,09-06-2026 10:02,Completed
Xyz8048994,Atlas,DC,09-06-2026 10:00,09-06-2026 12:19,Completed
Xyz8049073,Atlas,DC,09-06-2026 10:02,09-06-2026 10:06,Completed
Xyz8049112,Atlas,DC,09-06-2026 10:00,09-06-2026 10:01,Completed
Xyz8049162,Atlas,DC,09-06-2026 10:03,09-06-2026 14:22,Completed
Xyz8049322,Atlas,DC,09-06-2026 10:02,09-06-2026 14:01,Completed
Xyz8049423,Atlas,DC,09-06-2026 10:03,09-06-2026 10:06,Completed
Xyz8049550,Atlas,DC,09-06-2026 10:03,09-06-2026 10:07,Completed
Xyz8049596,Atlas,DC,09-06-2026 10:03,09-06-2026 13:40,Completed
Xyz8049639,Atlas,DC,09-06-2026 10:01,09-06-2026 10:07,Completed
Xyz8049650,Atlas,DC,09-06-2026 10:01,09-06-2026 10:02,Completed
Xyz8049702,Atlas,DC,09-06-2026 10:02,09-06-2026 10:03,Completed
Xyz8049727,Atlas,DC,09-06-2026 10:03,09-06-2026 10:03,Completed
Xyz8049804,Atlas,DC,09-06-2026 10:02,09-06-2026 10:03,Completed
Xyz8049853,Atlas,DC,09-06-2026 10:02,09-06-2026 10:03,Completed
Xyz8050032,Atlas,DC,09-06-2026 10:03,09-06-2026 10:03,Completed
Xyz8050108,Atlas,DC,09-06-2026 10:02,09-06-2026 10:03,Completed
Xyz8050146,Atlas,DC,09-06-2026 10:03,09-06-2026 10:03,Completed
Xyz8050254,Atlas,DC,09-06-2026 10:02,09-06-2026 10:03,Completed
Xyz8050375,Atlas,DC,09-06-2026 10:03,09-06-2026 10:03,Completed
Xyz8050379,Atlas,DC,09-06-2026 10:03,09-06-2026 10:04,Completed
Xyz8050404,Atlas,DC,09-06-2026 10:03,09-06-2026 10:03,Completed
Xyz8050442,Atlas,DC,09-06-2026 10:01,09-06-2026 10:01,Completed
Xyz8050451,Atlas,DC,09-06-2026 10:03,09-06-2026 10:03,Completed
Xyz8050455,Atlas,DC,09-06-2026 10:02,09-06-2026 12:02,Completed
Xyz8050459,Atlas,DC,09-06-2026 10:02,09-06-2026 11:59,Completed
Xyz8050494,Atlas,DC,09-06-2026 10:00,09-06-2026 10:01,Completed
Xyz8050562,Atlas,DC,09-06-2026 10:00,09-06-2026 10:01,Completed
Xyz8050710,Atlas,DC,09-06-2026 10:02,09-06-2026 10:03,Completed
Xyz8050759,Atlas,DC,09-06-2026 10:01,09-06-2026 12:20,Completed
Xyz8050805,Atlas,DC,09-06-2026 10:01,09-06-2026 10:01,Completed
Xyz8050843,Atlas,DC,09-06-2026 10:02,09-06-2026 10:02,Completed
Xyz8050924,Atlas,DC,09-06-2026 10:03,09-06-2026 10:05,Completed
Xyz8050954,Atlas,DC,09-06-2026 10:00,09-06-2026 10:01,Completed
Xyz8051017,Atlas,DC,09-06-2026 10:02,09-06-2026 10:03,Completed
Xyz8051139,Atlas,DC,09-06-2026 10:02,09-06-2026 10:43,Completed
Xyz8051142,Atlas,DC,09-06-2026 10:01,09-06-2026 10:01,Completed
Xyz8051212,Atlas,DC,09-06-2026 10:02,09-06-2026 11:57,Completed
Xyz8051272,Atlas,DC,09-06-2026 10:01,09-06-2026 10:01,Completed
Xyz8051308,Atlas,DC,09-06-2026 10:03,09-06-2026 10:03,Completed
Xyz8051345,Atlas,DC,09-06-2026 10:03,09-06-2026 11:17,Completed
Xyz8051400,Atlas,DC,09-06-2026 10:02,09-06-2026 10:03,Completed
Xyz8051425,Atlas,DC,09-06-2026 10:01,09-06-2026 10:02,Completed
Xyz8051429,Atlas,DC,09-06-2026 10:02,-NA-,Expired
Xyz8051431,Atlas,DC,09-06-2026 10:01,09-06-2026 10:02,Completed
Xyz8051488,Atlas,DC,09-06-2026 10:01,09-06-2026 10:01,Completed
Xyz8051502,Atlas,DC,09-06-2026 10:03,09-06-2026 14:08,Completed
Xyz8051543,Atlas,DC,09-06-2026 10:00,09-06-2026 10:01,Completed
Xyz8051607,Atlas,DC,09-06-2026 10:04,09-06-2026 10:04,Completed
Xyz8051661,Atlas,DC,09-06-2026 10:03,09-06-2026 13:19,Completed
Xyz8051715,Atlas,DC,09-06-2026 10:02,09-06-2026 10:02,Completed
Xyz8051812,Atlas,DC,09-06-2026 10:02,09-06-2026 15:28,Completed
Xyz8051877,Atlas,DC,09-06-2026 10:00,09-06-2026 10:01,Completed
Xyz8052133,Atlas,DC,09-06-2026 10:02,09-06-2026 10:04,Completed
Xyz8052193,Atlas,DC,09-06-2026 10:03,09-06-2026 10:04,Completed
Xyz8052271,Atlas,DC,09-06-2026 10:03,09-06-2026 10:03,Completed
Xyz8052288,Atlas,DC,09-06-2026 10:02,09-06-2026 10:03,Completed
Xyz8052322,Atlas,DC,09-06-2026 10:04,09-06-2026 10:04,Completed
Xyz8052326,Atlas,DC,09-06-2026 21:04,-NA-,Expired
Xyz8052415,Atlas,DC,09-06-2026 10:03,09-06-2026 10:04,Completed
Xyz8052434,Atlas,DC,09-06-2026 10:03,09-06-2026 10:03,Completed
Xyz8052437,Atlas,DC,09-06-2026 10:02,09-06-2026 10:02,Completed
Xyz8052577,Atlas,DC,09-06-2026 10:01,09-06-2026 10:26,Completed
Xyz8052588,Atlas,DC,09-06-2026 10:00,-NA-,Expired
Xyz8052699,Atlas,DC,09-06-2026 10:04,09-06-2026 10:04,Completed
Xyz8052718,Atlas,DC,09-06-2026 10:03,09-06-2026 10:04,Completed
Xyz8052806,Atlas,DC,09-06-2026 10:01,09-06-2026 10:02,Completed
Xyz8052867,Atlas,DC,09-06-2026 10:02,09-06-2026 10:02,Completed
Xyz8052879,Atlas,DC,09-06-2026 10:03,09-06-2026 10:04,Completed
Xyz8052916,Atlas,DC,09-06-2026 10:01,09-06-2026 10:02,Completed
Xyz8052923,Atlas,DC,09-06-2026 10:01,09-06-2026 10:01,Completed
Xyz8052927,Atlas,DC,09-06-2026 10:01,09-06-2026 10:02,Completed
Xyz8052958,Atlas,DC,09-06-2026 10:03,09-06-2026 10:03,Completed
Xyz8052964,Atlas,DC,09-06-2026 10:03,09-06-2026 10:03,Completed
Xyz8052986,Atlas,DC,09-06-2026 10:01,09-06-2026 10:01,Completed
Xyz8053036,Atlas,DC,09-06-2026 10:02,09-06-2026 10:04,Completed
Xyz8053076,Atlas,DC,09-06-2026 10:03,09-06-2026 10:03,Completed
Xyz8053086,Atlas,DC,09-06-2026 10:01,09-06-2026 10:01,Completed
Xyz8053106,Atlas,DC,09-06-2026 10:01,09-06-2026 10:01,Completed
Xyz8053112,Atlas,DC,09-06-2026 10:03,09-06-2026 10:03,Completed
Xyz8053119,Atlas,DC,09-06-2026 10:02,09-06-2026 10:02,Completed
Xyz8053133,Atlas,DC,09-06-2026 10:02,09-06-2026 10:02,Completed
Xyz8053219,Atlas,DC,09-06-2026 10:01,09-06-2026 10:01,Completed
Xyz8053274,Atlas,DC,09-06-2026 10:03,09-06-2026 10:03,Completed
Xyz8053307,Atlas,DC,09-06-2026 10:01,09-06-2026 10:02,Completed
Xyz8053358,Atlas,DC,09-06-2026 10:03,09-06-2026 10:03,Completed
Xyz8053378,Atlas,DC,09-06-2026 10:00,09-06-2026 10:01,Completed
Xyz8053392,Atlas,DC,09-06-2026 10:03,09-06-2026 10:03,Completed
Xyz8053406,Atlas,DC,09-06-2026 10:02,-NA-,Expired
Xyz8053443,Atlas,DC,09-06-2026 10:03,09-06-2026 10:03,Completed
Xyz8053456,Atlas,DC,09-06-2026 10:01,09-06-2026 10:01,Completed
Xyz8053470,Atlas,DC,09-06-2026 10:03,09-06-2026 10:03,Completed
Xyz8053545,Atlas,DC,09-06-2026 10:00,09-06-2026 10:02,Completed
Xyz8053636,Atlas,DC,09-06-2026 10:02,-NA-,Expired
Xyz8053745,Atlas,DC,09-06-2026 10:00,09-06-2026 10:01,Completed
Xyz8053963,Atlas,DC,09-06-2026 10:03,09-06-2026 10:04,Completed
Xyz8054005,Atlas,DC,09-06-2026 10:03,09-06-2026 10:04,Completed
Xyz8054043,Atlas,DC,09-06-2026 10:00,09-06-2026 10:01,Completed
Xyz8054044,Atlas,DC,09-06-2026 10:03,09-06-2026 10:03,Completed
Xyz8054047,Atlas,DC,09-06-2026 10:01,09-06-2026 10:02,Completed
Xyz8054079,Atlas,DC,09-06-2026 10:01,09-06-2026 10:01,Completed
Xyz8054080,Atlas,DC,09-06-2026 10:01,-NA-,Expired
Xyz8054085,Atlas,DC,09-06-2026 10:03,-NA-,Expired
Xyz8054133,Atlas,DC,09-06-2026 10:04,09-06-2026 10:05,Completed
Xyz8054193,Atlas,DC,09-06-2026 10:01,09-06-2026 10:02,Completed
Xyz8054199,Atlas,DC,09-06-2026 10:03,09-06-2026 12:15,Completed
Xyz8054330,Atlas,DC,09-06-2026 10:03,09-06-2026 10:03,Completed
Xyz8054386,Atlas,DC,09-06-2026 10:04,-NA-,Expired
Xyz8054424,Atlas,DC,09-06-2026 10:03,09-06-2026 10:05,Completed
Xyz8054433,Atlas,DC,09-06-2026 10:02,09-06-2026 10:03,Completed
Xyz8054562,Atlas,DC,09-06-2026 10:01,09-06-2026 10:02,Completed
Xyz8054655,Atlas,DC,09-06-2026 10:01,09-06-2026 10:02,Completed
Xyz8054682,Atlas,DC,09-06-2026 10:03,09-06-2026 10:04,Completed
Xyz8054685,Atlas,DC,09-06-2026 10:03,09-06-2026 10:04,Completed
Xyz8054759,Atlas,DC,09-06-2026 10:00,09-06-2026 10:01,Completed
Xyz8054801,Atlas,DC,09-06-2026 10:03,09-06-2026 10:03,Completed
Xyz8054824,Atlas,DC,09-06-2026 10:04,09-06-2026 10:05,Completed
Xyz8054846,Atlas,DC,09-06-2026 10:01,09-06-2026 10:03,Completed
Xyz8054879,Atlas,DC,09-06-2026 10:00,09-06-2026 10:01,Completed
Xyz8054979,Atlas,DC,09-06-2026 10:01,09-06-2026 10:01,Completed
Xyz8055035,Atlas,DC,09-06-2026 10:04,09-06-2026 10:05,Completed
Xyz8055165,Atlas,DC,09-06-2026 10:02,09-06-2026 10:03,Completed
Xyz8055246,Atlas,DC,09-06-2026 10:00,09-06-2026 10:01,Completed
Xyz8055367,Atlas,DC,09-06-2026 10:02,09-06-2026 10:03,Completed
Xyz8055409,Atlas,DC,09-06-2026 10:01,09-06-2026 10:01,Completed
Xyz8055644,Atlas,DC,09-06-2026 10:00,09-06-2026 10:01,Completed
Xyz8055708,Atlas,DC,09-06-2026 10:03,09-06-2026 10:12,Completed
Xyz8055820,Atlas,DC,09-06-2026 10:01,-NA-,Expired
Xyz8055905,Atlas,DC,09-06-2026 10:01,09-06-2026 10:01,Completed
Xyz8056194,Atlas,DC,09-06-2026 10:01,09-06-2026 10:02,Completed
Xyz8056201,Atlas,DC,09-06-2026 10:03,09-06-2026 10:03,Completed
Xyz8056248,Atlas,DC,09-06-2026 10:01,09-06-2026 10:02,Completed
Xyz8056295,Atlas,DC,09-06-2026 10:03,09-06-2026 10:04,Completed
Xyz8056348,Atlas,DC,09-06-2026 10:01,09-06-2026 10:02,Completed
Xyz8056365,Atlas,DC,09-06-2026 10:01,09-06-2026 10:02,Completed
Xyz8056414,Atlas,DC,09-06-2026 10:01,09-06-2026 10:02,Completed
Xyz8056447,Atlas,DC,09-06-2026 10:01,09-06-2026 10:01,Completed
Xyz8056492,Atlas,DC,09-06-2026 10:01,09-06-2026 10:02,Completed
Xyz8056516,Atlas,DC,09-06-2026 10:01,09-06-2026 10:02,Completed
Xyz8056586,Atlas,DC,09-06-2026 10:00,09-06-2026 10:01,Completed
Xyz8056678,Atlas,DC,09-06-2026 10:02,09-06-2026 10:02,Completed
Xyz8056736,Atlas,DC,09-06-2026 10:02,09-06-2026 10:03,Completed
Xyz8056871,Atlas,DC,09-06-2026 10:01,09-06-2026 10:02,Completed
Xyz8056964,Atlas,DC,09-06-2026 10:01,09-06-2026 10:01,Completed
Xyz8057000,Atlas,DC,09-06-2026 10:01,09-06-2026 10:02,Completed
Xyz8057021,Atlas,DC,09-06-2026 10:01,09-06-2026 10:02,Completed
Xyz8057116,Atlas,DC,09-06-2026 10:01,09-06-2026 10:02,Completed
Xyz8057130,Atlas,DC,09-06-2026 10:01,09-06-2026 10:02,Completed
Xyz8057140,Atlas,DC,09-06-2026 10:03,09-06-2026 10:03,Completed
Xyz8057159,Atlas,DC,09-06-2026 10:03,09-06-2026 10:06,Completed
Xyz8057188,Atlas,DC,09-06-2026 10:02,09-06-2026 10:03,Completed
Xyz8057248,Atlas,DC,09-06-2026 10:01,09-06-2026 10:02,Completed
Xyz8057253,Atlas,DC,09-06-2026 10:03,09-06-2026 10:04,Completed
Xyz8057270,Atlas,DC,09-06-2026 10:03,09-06-2026 10:03,Completed
Xyz8057386,Atlas,DC,09-06-2026 10:01,09-06-2026 10:01,Completed
Xyz8057478,Atlas,DC,09-06-2026 10:00,09-06-2026 10:01,Completed
Xyz8057508,Atlas,DC,09-06-2026 10:01,09-06-2026 10:02,Completed
Xyz8057619,Atlas,DC,09-06-2026 10:03,09-06-2026 10:03,Completed
Xyz8057749,Atlas,DC,09-06-2026 10:01,09-06-2026 10:02,Completed
Xyz8057811,Atlas,DC,09-06-2026 10:03,09-06-2026 10:06,Completed
Xyz8057841,Atlas,DC,09-06-2026 10:01,09-06-2026 10:02,Completed
Xyz8057926,Atlas,DC,09-06-2026 10:03,09-06-2026 10:04,Completed
Xyz8058026,Atlas,DC,09-06-2026 10:03,09-06-2026 10:03,Completed
Xyz8058094,Atlas,DC,09-06-2026 10:01,09-06-2026 10:02,Completed
Xyz8058231,Atlas,DC,09-06-2026 10:03,09-06-2026 10:03,Completed
Xyz8058233,Atlas,DC,09-06-2026 10:01,09-06-2026 10:02,Completed
Xyz8058421,Atlas,DC,09-06-2026 10:01,09-06-2026 10:02,Completed
Xyz8058459,Atlas,DC,09-06-2026 10:01,09-06-2026 10:01,Completed
Xyz8058561,Atlas,DC,09-06-2026 10:01,09-06-2026 10:02,Completed
Xyz8058652,Atlas,DC,09-06-2026 10:00,09-06-2026 10:01,Completed
Xyz8058781,Atlas,DC,09-06-2026 10:01,09-06-2026 10:01,Completed
Xyz8058863,Atlas,DC,09-06-2026 10:03,09-06-2026 10:03,Completed
Xyz8058867,Atlas,DC,09-06-2026 10:03,09-06-2026 10:04,Completed
Xyz8058959,Atlas,DC,09-06-2026 10:03,09-06-2026 10:04,Completed
Xyz8059099,Atlas,DC,09-06-2026 10:03,09-06-2026 10:03,Completed
Xyz8059110,Atlas,DC,09-06-2026 10:03,09-06-2026 10:03,Completed
Xyz8059206,Atlas,DC,09-06-2026 10:02,09-06-2026 10:03,Completed
Xyz8059295,Atlas,DC,09-06-2026 10:01,09-06-2026 10:03,Completed
Xyz8059340,Atlas,DC,09-06-2026 10:03,-NA-,Expired
Xyz8059495,Atlas,DC,09-06-2026 10:01,09-06-2026 10:01,Completed
Xyz8059535,Atlas,DC,09-06-2026 10:01,09-06-2026 10:01,Completed
Xyz8059598,Atlas,DC,09-06-2026 10:02,09-06-2026 10:13,Completed
Xyz8059638,Atlas,DC,09-06-2026 10:02,09-06-2026 10:14,Completed
Xyz8059702,Atlas,DC,09-06-2026 10:03,09-06-2026 10:08,Completed
Xyz8059704,Atlas,DC,09-06-2026 10:00,09-06-2026 10:39,Completed
Xyz8059707,Atlas,DC,09-06-2026 10:01,09-06-2026 10:02,Completed
Xyz8059721,Atlas,DC,09-06-2026 10:01,09-06-2026 10:11,Completed
Xyz8059727,Atlas,DC,09-06-2026 10:02,09-06-2026 10:02,Completed
Xyz8059799,Atlas,DC,09-06-2026 10:03,09-06-2026 10:03,Completed
Xyz8059802,Atlas,DC,09-06-2026 10:03,-NA-,Expired
Xyz8059877,Atlas,DC,09-06-2026 10:01,09-06-2026 11:37,Completed
Xyz8060052,Atlas,DC,09-06-2026 10:02,09-06-2026 10:04,Completed
Xyz8060056,Atlas,DC,09-06-2026 10:01,09-06-2026 10:01,Completed
Xyz8060146,Atlas,DC,09-06-2026 10:00,09-06-2026 10:01,Completed
Xyz8060224,Atlas,DC,09-06-2026 10:00,09-06-2026 10:01,Completed
Xyz8060232,Atlas,DC,09-06-2026 10:00,09-06-2026 10:01,Completed
Xyz8060361,Atlas,DC,09-06-2026 10:03,09-06-2026 10:04,Completed
Xyz8060635,Atlas,DC,09-06-2026 10:01,09-06-2026 10:02,Completed
Xyz8060696,Atlas,DC,09-06-2026 10:02,09-06-2026 10:02,Completed
Xyz8060801,Atlas,DC,09-06-2026 10:04,09-06-2026 10:05,Completed
Xyz8060931,Atlas,DC,09-06-2026 10:01,09-06-2026 10:03,Completed
Xyz8060991,Atlas,DC,09-06-2026 10:02,09-06-2026 10:03,Completed
Xyz8061087,Atlas,DC,09-06-2026 10:03,09-06-2026 10:04,Completed
Xyz8061127,Atlas,DC,09-06-2026 10:01,09-06-2026 10:04,Completed
Xyz8061157,Atlas,DC,09-06-2026 10:01,09-06-2026 10:01,Completed
Xyz8061190,Atlas,DC,09-06-2026 10:02,09-06-2026 10:05,Completed
Xyz8061217,Atlas,DC,09-06-2026 10:03,09-06-2026 10:03,Completed
Xyz8061237,Atlas,DC,09-06-2026 10:01,09-06-2026 10:01,Completed
Xyz8061269,Atlas,DC,09-06-2026 10:03,09-06-2026 10:04,Completed
Xyz8061376,Atlas,DC,09-06-2026 21:01,-NA-,Expired
Xyz8061461,Atlas,DC,09-06-2026 10:03,09-06-2026 10:04,Completed
Xyz8061682,Atlas,DC,09-06-2026 10:03,09-06-2026 10:04,Completed
Xyz8061777,Atlas,DC,09-06-2026 10:03,09-06-2026 10:04,Completed
Xyz8061841,Atlas,DC,09-06-2026 10:01,09-06-2026 10:02,Completed
Xyz8061851,Atlas,DC,09-06-2026 10:00,09-06-2026 10:01,Completed
Xyz8061884,Atlas,DC,09-06-2026 10:03,09-06-2026 10:03,Completed
Xyz8061988,Atlas,DC,09-06-2026 10:03,09-06-2026 10:04,Completed
Xyz8061999,Atlas,DC,09-06-2026 10:03,09-06-2026 10:04,Completed
Xyz8062062,Atlas,DC,09-06-2026 10:01,09-06-2026 10:01,Completed
Xyz8062086,Atlas,DC,09-06-2026 10:03,09-06-2026 10:04,Completed
Xyz8062088,Atlas,DC,09-06-2026 10:01,09-06-2026 10:01,Completed
Xyz8062089,Atlas,DC,09-06-2026 10:01,09-06-2026 10:02,Completed
Xyz8062098,Atlas,DC,09-06-2026 10:03,09-06-2026 10:04,Completed
Xyz8062113,Atlas,DC,09-06-2026 10:02,09-06-2026 10:03,Completed
Xyz8062155,Atlas,DC,09-06-2026 10:01,09-06-2026 11:33,Completed
Xyz8062182,Atlas,DC,09-06-2026 10:01,09-06-2026 10:01,Completed
Xyz8062245,Atlas,DC,09-06-2026 10:01,09-06-2026 10:01,Completed
Xyz8062291,Atlas,DC,09-06-2026 10:01,09-06-2026 10:12,Completed
Xyz8062361,Atlas,DC,09-06-2026 10:03,09-06-2026 10:04,Completed
Xyz8062382,Atlas,DC,09-06-2026 10:02,09-06-2026 10:03,Completed
Xyz8062390,Atlas,DC,09-06-2026 10:01,09-06-2026 10:02,Completed
Xyz8062403,Atlas,DC,09-06-2026 10:01,09-06-2026 10:01,Completed
Xyz8062426,Atlas,DC,09-06-2026 10:02,-NA-,Expired
Xyz8062429,Atlas,DC,09-06-2026 10:00,-NA-,Expired
Xyz8062444,Atlas,DC,09-06-2026 10:03,-NA-,Expired
Xyz8062456,Atlas,DC,09-06-2026 10:01,09-06-2026 10:02,Completed
Xyz8062495,Atlas,DC,09-06-2026 10:02,09-06-2026 10:03,Completed
Xyz8062537,Atlas,DC,09-06-2026 10:03,09-06-2026 13:39,Completed
Xyz8062553,Atlas,DC,09-06-2026 10:03,09-06-2026 13:42,Completed
Xyz8062655,Atlas,DC,09-06-2026 10:04,09-06-2026 10:05,Completed
Xyz8062695,Atlas,DC,09-06-2026 10:00,09-06-2026 10:01,Completed
Xyz8062746,Atlas,DC,09-06-2026 10:03,-NA-,Expired
Xyz8062804,Atlas,DC,09-06-2026 10:00,09-06-2026 10:01,Completed
Xyz8062807,Atlas,DC,09-06-2026 10:00,09-06-2026 10:01,Completed
Xyz8062835,Atlas,DC,09-06-2026 10:02,09-06-2026 10:02,Completed
Xyz8062851,Atlas,DC,09-06-2026 10:01,09-06-2026 12:05,Completed
Xyz8062873,Atlas,DC,09-06-2026 10:03,09-06-2026 10:03,Completed
Xyz8062888,Atlas,DC,09-06-2026 10:01,09-06-2026 12:06,Completed
Xyz8062919,Atlas,DC,09-06-2026 10:03,09-06-2026 10:19,Completed
Xyz8062947,Atlas,DC,09-06-2026 10:00,09-06-2026 12:06,Completed
Xyz8062957,Atlas,DC,09-06-2026 10:02,09-06-2026 14:07,Completed
Xyz8063047,Atlas,DC,09-06-2026 10:00,09-06-2026 13:38,Completed
Xyz8063057,Atlas,DC,09-06-2026 10:03,09-06-2026 10:03,Completed
Xyz8063182,Atlas,DC,09-06-2026 10:01,09-06-2026 10:02,Completed
Xyz8063269,Atlas,DC,09-06-2026 10:00,09-06-2026 10:03,Completed
Xyz8063468,Atlas,DC,09-06-2026 10:01,09-06-2026 12:16,Completed
Xyz8063488,Atlas,DC,09-06-2026 10:02,09-06-2026 14:33,Completed
Xyz8063537,Atlas,DC,09-06-2026 10:03,09-06-2026 13:14,Completed
Xyz8063569,Atlas,DC,09-06-2026 10:01,09-06-2026 10:43,Completed
Xyz8063682,Atlas,DC,09-06-2026 10:01,09-06-2026 10:16,Completed
Xyz8063763,Atlas,DC,09-06-2026 10:01,09-06-2026 11:58,Completed
Xyz8063768,Atlas,DC,09-06-2026 10:00,09-06-2026 10:07,Completed
Xyz8063848,Atlas,DC,09-06-2026 10:01,09-06-2026 12:05,Completed
Xyz8063957,Atlas,DC,09-06-2026 10:00,09-06-2026 13:38,Completed
Xyz8063982,Atlas,DC,09-06-2026 10:02,09-06-2026 10:03,Completed
Xyz8063998,Atlas,DC,09-06-2026 10:01,09-06-2026 14:53,Completed
Xyz8064010,Atlas,DC,09-06-2026 10:03,09-06-2026 10:03,Completed
Xyz8064104,Atlas,DC,09-06-2026 10:01,09-06-2026 10:39,Completed
Xyz8064300,Atlas,DC,09-06-2026 10:01,09-06-2026 10:01,Completed
Xyz8064338,Atlas,DC,09-06-2026 10:01,09-06-2026 10:02,Completed
Xyz8064415,Atlas,DC,09-06-2026 10:02,09-06-2026 10:03,Completed
Xyz8064416,Atlas,DC,09-06-2026 10:00,09-06-2026 10:02,Completed
Xyz8064420,Atlas,DC,09-06-2026 10:03,09-06-2026 10:03,Completed
Xyz8064437,Atlas,DC,09-06-2026 10:02,-NA-,Expired
Xyz8064508,Atlas,DC,09-06-2026 10:01,09-06-2026 10:04,Completed
Xyz8064589,Atlas,DC,09-06-2026 10:03,09-06-2026 10:03,Completed
Xyz8064608,Atlas,DC,09-06-2026 10:02,09-06-2026 10:03,Completed
Xyz8064646,Atlas,DC,09-06-2026 10:02,09-06-2026 10:03,Completed
Xyz8064653,Atlas,DC,09-06-2026 10:03,09-06-2026 10:04,Completed
Xyz8064663,Atlas,DC,09-06-2026 10:01,09-06-2026 10:04,Completed
Xyz8064667,Atlas,DC,09-06-2026 10:03,09-06-2026 10:03,Completed
Xyz8064682,Atlas,DC,09-06-2026 10:01,09-06-2026 10:01,Completed
Xyz8064698,Atlas,DC,09-06-2026 10:00,09-06-2026 10:01,Completed
Xyz8064784,Atlas,DC,09-06-2026 10:04,09-06-2026 10:04,Completed
Xyz8064896,Atlas,DC,09-06-2026 10:03,09-06-2026 11:21,Completed
Xyz8064908,Atlas,DC,09-06-2026 10:02,09-06-2026 10:03,Completed
Xyz8064930,Atlas,DC,09-06-2026 10:01,09-06-2026 10:02,Completed
Xyz8064981,Atlas,DC,09-06-2026 10:02,09-06-2026 14:33,Completed
Xyz8065093,Atlas,DC,09-06-2026 10:03,09-06-2026 10:03,Completed
Xyz8065139,Atlas,DC,09-06-2026 10:03,09-06-2026 10:03,Completed
Xyz8065181,Atlas,DC,09-06-2026 10:01,09-06-2026 10:12,Completed
Xyz8065229,Atlas,DC,09-06-2026 10:01,09-06-2026 10:01,Completed
Xyz8065334,Atlas,DC,09-06-2026 10:03,09-06-2026 10:04,Completed
Xyz8065425,Atlas,DC,09-06-2026 10:03,09-06-2026 11:20,Completed
Xyz8065493,Atlas,DC,09-06-2026 10:03,09-06-2026 14:35,Completed
Xyz8065501,Atlas,DC,09-06-2026 10:01,09-06-2026 10:01,Completed
Xyz8065525,Atlas,DC,09-06-2026 10:02,09-06-2026 10:03,Completed
Xyz8065536,Atlas,DC,09-06-2026 10:04,09-06-2026 10:04,Completed
Xyz8065537,Atlas,DC,09-06-2026 10:03,09-06-2026 10:03,Completed
Xyz8065548,Atlas,DC,09-06-2026 10:02,09-06-2026 10:02,Completed
Xyz8065585,Atlas,DC,09-06-2026 10:04,09-06-2026 10:04,Completed
Xyz8065588,Atlas,DC,09-06-2026 10:00,09-06-2026 10:01,Completed
Xyz8065618,Atlas,DC,09-06-2026 10:00,09-06-2026 10:03,Completed
Xyz8065711,Atlas,DC,09-06-2026 10:00,09-06-2026 10:01,Completed
Xyz8065772,Atlas,DC,09-06-2026 10:03,09-06-2026 10:03,Completed
Xyz8065830,Atlas,DC,09-06-2026 10:01,09-06-2026 10:01,Completed
Xyz8065862,Atlas,DC,09-06-2026 10:03,09-06-2026 10:04,Completed
Xyz8065873,Atlas,DC,09-06-2026 10:00,09-06-2026 10:01,Completed
Xyz8065932,Atlas,DC,09-06-2026 10:02,09-06-2026 10:02,Completed
Xyz8065942,Atlas,DC,09-06-2026 10:01,09-06-2026 10:02,Completed
Xyz8066052,Atlas,DC,09-06-2026 10:03,09-06-2026 10:04,Completed
Xyz8066166,Atlas,DC,09-06-2026 10:00,09-06-2026 11:22,Completed
Xyz8066194,Atlas,DC,09-06-2026 10:02,09-06-2026 10:03,Completed
Xyz8066201,Atlas,DC,09-06-2026 10:01,09-06-2026 10:02,Completed
Xyz8066324,Atlas,DC,09-06-2026 10:01,09-06-2026 11:21,Completed
Xyz8066333,Atlas,DC,09-06-2026 10:03,09-06-2026 10:03,Completed
Xyz8066337,Atlas,DC,09-06-2026 10:03,09-06-2026 10:03,Completed
Xyz8066389,Atlas,DC,09-06-2026 10:00,09-06-2026 11:50,Completed
Xyz8066421,Atlas,DC,09-06-2026 10:01,09-06-2026 10:02,Completed
Xyz8066434,Atlas,DC,09-06-2026 10:02,09-06-2026 10:02,Completed
Xyz8066441,Atlas,DC,09-06-2026 10:01,09-06-2026 11:26,Completed
Xyz8066494,Atlas,DC,09-06-2026 10:03,09-06-2026 10:08,Completed
Xyz8066735,Atlas,DC,09-06-2026 10:02,09-06-2026 10:02,Completed
Xyz8066739,Atlas,DC,09-06-2026 10:01,09-06-2026 10:01,Completed
Xyz8066771,Atlas,DC,09-06-2026 10:03,10-06-2026 09:18,Completed
Xyz8066830,Atlas,DC,09-06-2026 10:03,09-06-2026 10:03,Completed
Xyz8066834,Atlas,DC,09-06-2026 10:02,09-06-2026 10:03,Completed
Xyz8066863,Atlas,DC,09-06-2026 10:01,09-06-2026 11:24,Completed
Xyz8066909,Atlas,DC,09-06-2026 10:01,09-06-2026 10:02,Completed
Xyz8066916,Atlas,DC,09-06-2026 10:03,09-06-2026 10:04,Completed
Xyz8067000,Atlas,DC,09-06-2026 10:03,09-06-2026 11:50,Completed
Xyz8067002,Atlas,DC,09-06-2026 10:01,09-06-2026 11:23,Completed
Xyz8067067,Atlas,DC,09-06-2026 10:01,09-06-2026 10:02,Completed
Xyz8067075,Atlas,DC,09-06-2026 10:01,09-06-2026 10:02,Completed
Xyz8067094,Atlas,DC,09-06-2026 10:03,09-06-2026 10:03,Completed
Xyz8067167,Atlas,DC,09-06-2026 10:00,09-06-2026 10:01,Completed
Xyz8067180,Atlas,DC,09-06-2026 10:03,09-06-2026 10:12,Completed
Xyz8067204,Atlas,DC,09-06-2026 10:03,09-06-2026 10:03,Completed
Xyz8067265,Atlas,DC,09-06-2026 10:02,09-06-2026 11:20,Completed
Xyz8067266,Atlas,DC,09-06-2026 10:01,09-06-2026 11:23,Completed
Xyz8067341,Atlas,DC,09-06-2026 10:01,09-06-2026 10:02,Completed
Xyz8067366,Atlas,DC,09-06-2026 10:03,09-06-2026 10:03,Completed
Xyz8067412,Atlas,DC,09-06-2026 10:01,09-06-2026 10:02,Completed
Xyz8067443,Atlas,DC,09-06-2026 10:01,09-06-2026 10:01,Completed
Xyz8067466,Atlas,DC,09-06-2026 10:03,09-06-2026 10:04,Completed
Xyz8067517,Atlas,DC,09-06-2026 10:03,09-06-2026 10:04,Completed
Xyz8067535,Atlas,DC,09-06-2026 10:00,-NA-,Expired
Xyz8067613,Atlas,DC,09-06-2026 10:03,09-06-2026 10:03,Completed
Xyz8067660,Atlas,DC,09-06-2026 10:01,09-06-2026 10:02,Completed
Xyz8067663,Atlas,DC,09-06-2026 10:01,-NA-,Expired
Xyz8067671,Atlas,DC,09-06-2026 10:03,09-06-2026 10:03,Completed
Xyz8067696,Atlas,DC,09-06-2026 10:00,09-06-2026 10:27,Completed
Xyz8067708,Atlas,DC,09-06-2026 10:03,09-06-2026 10:03,Completed
Xyz8067734,Atlas,DC,09-06-2026 10:02,09-06-2026 10:03,Completed
Xyz8067817,Atlas,DC,09-06-2026 10:03,09-06-2026 10:04,Completed
Xyz8067834,Atlas,DC,09-06-2026 10:02,09-06-2026 10:03,Completed
Xyz8067840,Atlas,DC,09-06-2026 10:03,09-06-2026 10:04,Completed
Xyz8067877,Atlas,DC,09-06-2026 10:01,09-06-2026 10:02,Completed
Xyz8067985,Atlas,DC,09-06-2026 10:03,09-06-2026 10:03,Completed
Xyz8067996,Atlas,DC,09-06-2026 10:04,09-06-2026 10:04,Completed
Xyz8068026,Atlas,DC,09-06-2026 10:00,09-06-2026 10:26,Completed
Xyz8068137,Atlas,DC,09-06-2026 10:00,09-06-2026 10:01,Completed
Xyz8068154,Atlas,DC,09-06-2026 10:03,09-06-2026 10:04,Completed
Xyz8068221,Atlas,DC,09-06-2026 10:03,09-06-2026 10:04,Completed
Xyz8068253,Atlas,DC,09-06-2026 10:01,09-06-2026 10:01,Completed
Xyz8068255,Atlas,DC,09-06-2026 10:03,09-06-2026 10:03,Completed
Xyz8068293,Atlas,DC,09-06-2026 10:02,09-06-2026 10:03,Completed
Xyz8068332,Atlas,DC,09-06-2026 10:01,09-06-2026 10:01,Completed
Xyz8068406,Atlas,DC,09-06-2026 10:00,09-06-2026 10:01,Completed
Xyz8068411,Atlas,DC,09-06-2026 10:02,09-06-2026 10:03,Completed
Xyz8068485,Atlas,DC,09-06-2026 21:02,-NA-,Expired
Xyz8068496,Atlas,DC,09-06-2026 10:03,09-06-2026 10:03,Completed
Xyz8068500,Atlas,DC,09-06-2026 10:02,09-06-2026 10:02,Completed
Xyz8068536,Atlas,DC,09-06-2026 10:00,09-06-2026 10:01,Completed
Xyz8068540,Atlas,DC,09-06-2026 10:03,09-06-2026 10:15,Completed
Xyz8068546,Atlas,DC,09-06-2026 10:03,09-06-2026 10:04,Completed
Xyz8068547,Atlas,DC,09-06-2026 10:00,09-06-2026 10:08,Completed
Xyz8068554,Atlas,DC,09-06-2026 10:00,09-06-2026 10:01,Completed
Xyz8068576,Atlas,DC,09-06-2026 10:03,09-06-2026 10:03,Completed
Xyz8068583,Atlas,DC,09-06-2026 10:01,09-06-2026 10:01,Completed
Xyz8068593,Atlas,DC,09-06-2026 10:02,09-06-2026 10:03,Completed
Xyz8068617,Atlas,DC,09-06-2026 10:03,09-06-2026 10:03,Completed
Xyz8068638,Atlas,DC,09-06-2026 10:03,09-06-2026 10:19,Completed
Xyz8068685,Atlas,DC,09-06-2026 10:03,09-06-2026 10:04,Completed
Xyz8068725,Atlas,DC,09-06-2026 10:03,09-06-2026 10:03,Completed
Xyz8068742,Atlas,DC,09-06-2026 10:01,09-06-2026 10:02,Completed
Xyz8068751,Atlas,DC,09-06-2026 10:01,09-06-2026 10:02,Completed
Xyz8068795,Atlas,DC,09-06-2026 10:03,09-06-2026 11:45,Completed
Xyz8068797,Atlas,DC,09-06-2026 10:01,09-06-2026 10:02,Completed
Xyz8068939,Atlas,DC,09-06-2026 10:00,09-06-2026 10:06,Completed
Xyz8068948,Atlas,DC,09-06-2026 10:00,09-06-2026 10:02,Completed
Xyz8068985,Atlas,DC,09-06-2026 10:03,09-06-2026 10:04,Completed
Xyz8069007,Atlas,DC,09-06-2026 10:01,09-06-2026 10:02,Completed
Xyz8069048,Atlas,DC,09-06-2026 10:03,09-06-2026 10:04,Completed
Xyz8069186,Atlas,DC,09-06-2026 10:03,09-06-2026 10:04,Completed
Xyz8069196,Atlas,DC,09-06-2026 10:02,-NA-,Expired
Xyz8069198,Atlas,DC,09-06-2026 10:03,09-06-2026 10:03,Completed
Xyz8069210,Atlas,DC,09-06-2026 10:03,09-06-2026 10:05,Completed
Xyz8069229,Atlas,DC,09-06-2026 10:02,09-06-2026 10:03,Completed
Xyz8069248,Atlas,DC,09-06-2026 10:01,09-06-2026 10:02,Completed
Xyz8069287,Atlas,DC,09-06-2026 10:02,09-06-2026 10:02,Completed
Xyz8069298,Atlas,DC,09-06-2026 10:00,09-06-2026 10:33,Completed
Xyz8069382,Atlas,DC,09-06-2026 10:00,09-06-2026 10:01,Completed
Xyz8069416,Atlas,DC,09-06-2026 10:02,09-06-2026 14:09,Completed
Xyz8069425,Atlas,DC,09-06-2026 10:02,09-06-2026 10:03,Completed
Xyz8069440,Atlas,DC,09-06-2026 10:03,09-06-2026 10:04,Completed
Xyz8069466,Atlas,DC,09-06-2026 10:01,09-06-2026 10:01,Completed
Xyz8069476,Atlas,DC,09-06-2026 10:03,09-06-2026 10:04,Completed
Xyz8069508,Atlas,DC,09-06-2026 10:02,09-06-2026 10:03,Completed
Xyz8069518,Atlas,DC,09-06-2026 10:04,09-06-2026 10:04,Completed
Xyz8069704,Atlas,DC,09-06-2026 10:02,09-06-2026 10:07,Completed
Xyz8069740,Atlas,DC,09-06-2026 21:02,-NA-,Expired
Xyz8069746,Atlas,DC,09-06-2026 10:01,-NA-,Expired
Xyz8069748,Atlas,DC,09-06-2026 10:03,09-06-2026 14:09,Completed
Xyz8069814,Atlas,DC,09-06-2026 10:03,09-06-2026 10:03,Completed
Xyz8069834,Atlas,DC,09-06-2026 10:04,-NA-,Expired
Xyz8069870,Atlas,DC,09-06-2026 10:02,09-06-2026 10:09,Completed
Xyz8069886,Atlas,DC,09-06-2026 10:03,09-06-2026 13:55,Completed
Xyz8069900,Atlas,DC,09-06-2026 10:02,09-06-2026 11:59,Completed
Xyz8069926,Atlas,DC,09-06-2026 10:00,09-06-2026 11:59,Completed
Xyz8069930,Atlas,DC,09-06-2026 10:02,09-06-2026 11:58,Completed
Xyz8069931,Atlas,DC,09-06-2026 10:02,09-06-2026 12:02,Completed
Xyz8069957,Atlas,DC,09-06-2026 10:02,09-06-2026 13:06,Completed
Xyz8070039,Atlas,DC,09-06-2026 10:03,09-06-2026 10:04,Completed
Xyz8070139,Atlas,DC,09-06-2026 10:01,-NA-,Expired
Xyz8070150,Atlas,DC,09-06-2026 10:02,09-06-2026 10:10,Completed
Xyz8070205,Atlas,DC,09-06-2026 10:01,09-06-2026 10:02,Completed
Xyz8070233,Atlas,DC,09-06-2026 21:01,-NA-,Expired
Xyz8070285,Atlas,DC,09-06-2026 10:03,09-06-2026 12:45,Completed
Xyz8070303,Atlas,DC,09-06-2026 10:00,09-06-2026 10:06,Completed
Xyz8070347,Atlas,DC,09-06-2026 10:03,09-06-2026 10:07,Completed
Xyz8070384,Atlas,DC,09-06-2026 10:03,09-06-2026 10:04,Completed
Xyz8070447,Atlas,DC,09-06-2026 10:01,09-06-2026 10:46,Completed
Xyz8070483,Atlas,DC,09-06-2026 10:03,09-06-2026 10:20,Completed
Xyz8070516,Atlas,DC,09-06-2026 10:03,09-06-2026 10:04,Completed
Xyz8070563,Atlas,DC,09-06-2026 10:03,09-06-2026 10:42,Completed
Xyz8070640,Atlas,DC,09-06-2026 10:03,09-06-2026 14:33,Completed
Xyz8070656,Atlas,DC,09-06-2026 10:02,09-06-2026 13:35,Completed
Xyz8070659,Atlas,DC,09-06-2026 10:03,09-06-2026 13:37,Completed
Xyz8070680,Atlas,DC,09-06-2026 10:04,09-06-2026 13:02,Completed
Xyz8070687,Atlas,DC,09-06-2026 10:02,09-06-2026 10:03,Completed
Xyz8070704,Atlas,DC,09-06-2026 10:03,09-06-2026 12:08,Completed
Xyz8070761,Atlas,DC,09-06-2026 10:00,09-06-2026 13:39,Completed
Xyz8070783,Atlas,DC,09-06-2026 10:03,09-06-2026 14:54,Completed
Xyz8070894,Atlas,DC,09-06-2026 10:03,09-06-2026 10:04,Completed
Xyz8070967,Atlas,DC,09-06-2026 10:03,09-06-2026 10:03,Completed
Xyz8070985,Atlas,DC,09-06-2026 10:02,09-06-2026 11:59,Completed
Xyz8071065,Atlas,DC,09-06-2026 10:01,09-06-2026 10:05,Completed
Xyz8071109,Atlas,DC,09-06-2026 10:03,09-06-2026 10:03,Completed
Xyz8071140,Atlas,DC,09-06-2026 10:01,09-06-2026 10:01,Completed
Xyz8071160,Atlas,DC,09-06-2026 10:03,09-06-2026 10:03,Completed
Xyz8071216,Atlas,DC,09-06-2026 10:02,09-06-2026 10:05,Completed
Xyz8071349,Atlas,DC,09-06-2026 10:00,09-06-2026 10:01,Completed
Xyz8071394,Atlas,DC,09-06-2026 10:04,09-06-2026 10:04,Completed
Xyz8071405,Atlas,DC,09-06-2026 10:02,09-06-2026 10:02,Completed
Xyz8071411,Atlas,DC,09-06-2026 10:00,09-06-2026 10:02,Completed
Xyz8071417,Atlas,DC,09-06-2026 10:01,09-06-2026 10:02,Completed
Xyz8071436,Atlas,DC,09-06-2026 10:00,09-06-2026 10:02,Completed
Xyz8071455,Atlas,DC,09-06-2026 10:00,09-06-2026 10:01,Completed
Xyz8071475,Atlas,DC,09-06-2026 10:02,09-06-2026 10:02,Completed
Xyz8071591,Atlas,DC,09-06-2026 21:02,-NA-,Expired
Xyz8071641,Atlas,DC,09-06-2026 10:03,09-06-2026 10:03,Completed
Xyz8071737,Atlas,DC,09-06-2026 10:01,09-06-2026 10:01,Completed
Xyz8071740,Atlas,DC,09-06-2026 10:03,09-06-2026 14:07,Completed
Xyz8071791,Atlas,DC,09-06-2026 10:00,09-06-2026 10:03,Completed
Xyz8071842,Atlas,DC,09-06-2026 10:03,09-06-2026 10:04,Completed
Xyz8071861,Atlas,DC,09-06-2026 20:59,-NA-,Expired
Xyz8072053,Atlas,DC,09-06-2026 10:01,09-06-2026 11:00,Completed
Xyz8072305,Atlas,DC,09-06-2026 10:03,09-06-2026 10:59,Completed
Xyz8072467,Atlas,DC,09-06-2026 10:02,09-06-2026 11:00,Completed
Xyz8072793,Atlas,DC,09-06-2026 10:03,09-06-2026 10:54,Completed
Xyz8072813,Atlas,DC,09-06-2026 10:01,09-06-2026 10:02,Completed
Xyz8073070,Atlas,DC,09-06-2026 10:00,09-06-2026 10:01,Completed
Xyz8073339,Atlas,DC,09-06-2026 10:03,09-06-2026 10:03,Completed
Xyz8073346,Atlas,DC,09-06-2026 10:03,09-06-2026 10:54,Completed
Xyz8073514,Atlas,DC,09-06-2026 10:01,09-06-2026 16:50,Completed
Xyz8073536,Atlas,DC,09-06-2026 10:01,09-06-2026 11:00,Completed
Xyz8073538,Atlas,DC,09-06-2026 10:03,09-06-2026 11:01,Completed
Xyz8073555,Atlas,DC,09-06-2026 10:02,09-06-2026 10:13,Completed
Xyz8073770,Atlas,DC,09-06-2026 10:01,09-06-2026 11:00,Completed
Xyz8073777,Atlas,DC,09-06-2026 10:00,09-06-2026 10:01,Completed
Xyz8073954,Atlas,DC,09-06-2026 10:03,09-06-2026 10:04,Completed
Xyz8073962,Atlas,DC,09-06-2026 10:01,09-06-2026 10:54,Completed
Xyz8073990,Atlas,DC,09-06-2026 10:03,09-06-2026 10:55,Completed
Xyz8073993,Atlas,DC,09-06-2026 10:03,09-06-2026 10:56,Completed
Xyz8074278,Atlas,DC,09-06-2026 10:00,09-06-2026 10:01,Completed
Xyz8074328,Atlas,DC,09-06-2026 10:00,09-06-2026 10:01,Completed
Xyz8074335,Atlas,DC,09-06-2026 10:03,09-06-2026 10:04,Completed
Xyz8074341,Atlas,DC,09-06-2026 10:01,09-06-2026 10:04,Completed
Xyz8074513,Atlas,DC,09-06-2026 10:00,09-06-2026 10:01,Completed
Xyz8074524,Atlas,DC,09-06-2026 10:00,09-06-2026 10:01,Completed
Xyz8074593,Atlas,DC,09-06-2026 10:00,09-06-2026 10:01,Completed
Xyz8074631,Atlas,DC,09-06-2026 10:02,09-06-2026 10:03,Completed
Xyz8074837,Atlas,DC,09-06-2026 10:03,09-06-2026 10:04,Completed
Xyz8074930,Atlas,DC,09-06-2026 10:02,09-06-2026 10:06,Completed
Xyz8074958,Atlas,DC,09-06-2026 10:01,09-06-2026 10:01,Completed
Xyz8074986,Atlas,DC,09-06-2026 10:02,09-06-2026 10:03,Completed
Xyz8075055,Atlas,DC,09-06-2026 10:01,09-06-2026 10:01,Completed
Xyz8075087,Atlas,DC,09-06-2026 10:03,09-06-2026 10:04,Completed
Xyz8075155,Atlas,DC,09-06-2026 10:03,09-06-2026 10:54,Completed
Xyz8075357,Atlas,DC,09-06-2026 10:01,09-06-2026 10:16,Completed
Xyz8075464,Atlas,DC,09-06-2026 10:00,09-06-2026 10:01,Completed
Xyz8075469,Atlas,DC,09-06-2026 10:03,09-06-2026 10:03,Completed
Xyz8075472,Atlas,DC,09-06-2026 10:01,09-06-2026 10:01,Completed
Xyz8075508,Atlas,DC,09-06-2026 10:03,09-06-2026 10:03,Completed
Xyz8075510,Atlas,DC,09-06-2026 10:02,09-06-2026 10:03,Completed
Xyz8075526,Atlas,DC,09-06-2026 10:03,09-06-2026 10:04,Completed
Xyz8075564,Atlas,DC,09-06-2026 10:04,09-06-2026 12:31,Completed
Xyz8075608,Atlas,DC,09-06-2026 10:00,09-06-2026 10:03,Completed
Xyz8075655,Atlas,DC,09-06-2026 10:03,-NA-,Expired
Xyz8075937,Atlas,DC,09-06-2026 10:01,09-06-2026 10:03,Completed
Xyz8076007,Atlas,DC,09-06-2026 10:03,09-06-2026 10:03,Completed
Xyz8076012,Atlas,DC,09-06-2026 10:03,09-06-2026 10:03,Completed
Xyz8076028,Atlas,DC,09-06-2026 10:03,09-06-2026 10:07,Completed
Xyz8076035,Atlas,DC,09-06-2026 10:00,09-06-2026 10:01,Completed
Xyz8076046,Atlas,DC,09-06-2026 10:04,09-06-2026 11:02,Completed
Xyz8076065,Atlas,DC,09-06-2026 10:01,09-06-2026 10:02,Completed
Xyz8076130,Atlas,DC,09-06-2026 10:01,09-06-2026 10:02,Completed
Xyz8076219,Atlas,DC,09-06-2026 10:02,-NA-,Expired
Xyz8076302,Atlas,DC,09-06-2026 10:01,09-06-2026 10:01,Completed
Xyz8076338,Atlas,DC,09-06-2026 10:00,09-06-2026 10:01,Completed
Xyz8076357,Atlas,DC,09-06-2026 10:00,09-06-2026 10:01,Completed
Xyz8076396,Atlas,DC,09-06-2026 10:03,09-06-2026 10:03,Completed
Xyz8076409,Atlas,DC,09-06-2026 10:03,09-06-2026 10:04,Completed
Xyz8076457,Atlas,DC,09-06-2026 10:03,-NA-,Expired
Xyz8076464,Atlas,DC,09-06-2026 10:02,09-06-2026 10:17,Completed
Xyz8076492,Atlas,DC,09-06-2026 10:02,09-06-2026 10:02,Completed
Xyz8076510,Atlas,DC,09-06-2026 10:02,09-06-2026 10:03,Completed
Xyz8076561,Atlas,DC,09-06-2026 10:01,09-06-2026 10:01,Completed
Xyz8076583,Atlas,DC,09-06-2026 10:01,09-06-2026 10:01,Completed
Xyz8076603,Atlas,DC,09-06-2026 10:00,09-06-2026 10:01,Completed
Xyz8076781,Atlas,DC,09-06-2026 10:03,09-06-2026 10:43,Completed
Xyz8076859,Atlas,DC,09-06-2026 10:00,09-06-2026 10:01,Completed
Xyz8076884,Atlas,DC,09-06-2026 10:03,09-06-2026 10:05,Completed
Xyz8076965,Atlas,DC,09-06-2026 10:02,09-06-2026 10:03,Completed
Xyz8077026,Atlas,DC,09-06-2026 10:03,09-06-2026 10:03,Completed
Xyz8077036,Atlas,DC,09-06-2026 10:00,09-06-2026 10:02,Completed
Xyz8077069,Atlas,DC,09-06-2026 10:03,09-06-2026 10:04,Completed
Xyz8077086,Atlas,DC,09-06-2026 10:01,09-06-2026 10:01,Completed
Xyz8077092,Atlas,DC,09-06-2026 10:03,09-06-2026 10:04,Completed
Xyz8077102,Atlas,DC,09-06-2026 10:02,09-06-2026 10:03,Completed
Xyz8077131,Atlas,DC,09-06-2026 10:02,-NA-,Expired
Xyz8077181,Atlas,DC,09-06-2026 10:02,09-06-2026 10:14,Completed
Xyz8077245,Atlas,DC,09-06-2026 10:01,09-06-2026 10:02,Completed
Xyz8077252,Atlas,DC,09-06-2026 10:01,09-06-2026 10:01,Completed
Xyz8077259,Atlas,DC,09-06-2026 10:00,09-06-2026 10:00,Completed
Xyz8077332,Atlas,DC,09-06-2026 10:01,09-06-2026 10:02,Completed
Xyz8077339,Atlas,DC,09-06-2026 10:01,09-06-2026 10:02,Completed
Xyz8077348,Atlas,DC,09-06-2026 10:03,09-06-2026 10:04,Completed
Xyz8077485,Atlas,DC,09-06-2026 10:01,09-06-2026 10:13,Completed
Xyz8077541,Atlas,DC,09-06-2026 10:03,09-06-2026 10:04,Completed
Xyz8077614,Atlas,DC,09-06-2026 10:00,09-06-2026 10:01,Completed
Xyz8077619,Atlas,DC,09-06-2026 10:00,09-06-2026 10:01,Completed
Xyz8077734,Atlas,DC,09-06-2026 10:03,09-06-2026 10:04,Completed
Xyz8077775,Atlas,DC,09-06-2026 10:01,09-06-2026 10:01,Completed
Xyz8077814,Atlas,DC,09-06-2026 10:03,09-06-2026 10:15,Completed
Xyz8078062,Atlas,DC,09-06-2026 10:02,09-06-2026 10:03,Completed
Xyz8078151,Atlas,DC,09-06-2026 10:00,09-06-2026 10:01,Completed
Xyz8078208,Atlas,DC,09-06-2026 10:03,09-06-2026 10:03,Completed
Xyz8078268,Atlas,DC,09-06-2026 10:03,09-06-2026 14:26,Completed
Xyz8078329,Atlas,DC,09-06-2026 10:01,09-06-2026 10:01,Completed
Xyz8078351,Atlas,DC,09-06-2026 10:00,09-06-2026 10:01,Completed
Xyz8078364,Atlas,DC,09-06-2026 10:01,09-06-2026 10:01,Completed
Xyz8078370,Atlas,DC,09-06-2026 10:01,09-06-2026 10:02,Completed
Xyz8078371,Atlas,DC,09-06-2026 10:02,09-06-2026 10:02,Completed
Xyz8078456,Atlas,DC,09-06-2026 10:02,-NA-,Expired
Xyz8078458,Atlas,DC,09-06-2026 10:01,09-06-2026 10:01,Completed
Xyz8078470,Atlas,DC,09-06-2026 10:01,09-06-2026 10:01,Completed
Xyz8078489,Atlas,DC,09-06-2026 10:03,09-06-2026 10:37,Completed
Xyz8078497,Atlas,DC,09-06-2026 10:00,09-06-2026 10:01,Completed
Xyz8078533,Atlas,DC,09-06-2026 10:00,09-06-2026 10:02,Completed
Xyz8078616,Atlas,DC,09-06-2026 10:01,09-06-2026 10:02,Completed
Xyz8078683,Atlas,DC,09-06-2026 10:03,09-06-2026 10:04,Completed
Xyz8078717,Atlas,DC,09-06-2026 10:02,09-06-2026 13:37,Completed
Xyz8078739,Atlas,DC,09-06-2026 10:01,09-06-2026 11:23,Completed
Xyz8078754,Atlas,DC,09-06-2026 10:01,09-06-2026 10:26,Completed
Xyz8078763,Atlas,DC,09-06-2026 10:01,09-06-2026 10:02,Completed
Xyz8078892,Atlas,DC,09-06-2026 10:01,09-06-2026 10:01,Completed
Xyz8078900,Atlas,DC,09-06-2026 10:01,09-06-2026 11:23,Completed
Xyz8079040,Atlas,DC,09-06-2026 10:00,09-06-2026 10:01,Completed
Xyz8079066,Atlas,DC,09-06-2026 10:00,09-06-2026 11:22,Completed
Xyz8079113,Atlas,DC,09-06-2026 10:01,09-06-2026 11:28,Completed
Xyz8079209,Atlas,DC,09-06-2026 10:00,09-06-2026 11:22,Completed
Xyz8079272,Atlas,DC,09-06-2026 10:02,09-06-2026 10:16,Completed
Xyz8079492,Atlas,DC,09-06-2026 10:00,09-06-2026 10:01,Completed
Xyz8079600,Atlas,DC,09-06-2026 10:01,09-06-2026 10:01,Completed
Xyz8079647,Atlas,DC,09-06-2026 10:03,09-06-2026 10:17,Completed
Xyz8079652,Atlas,DC,09-06-2026 10:02,09-06-2026 10:16,Completed
Xyz8079679,Atlas,DC,09-06-2026 10:03,09-06-2026 10:16,Completed
Xyz8079863,Atlas,DC,09-06-2026 10:00,09-06-2026 10:01,Completed
Xyz8079918,Atlas,DC,09-06-2026 10:02,09-06-2026 10:43,Completed
Xyz8079922,Atlas,DC,09-06-2026 10:01,09-06-2026 10:02,Completed
Xyz8079923,Atlas,DC,09-06-2026 10:03,09-06-2026 10:16,Completed
Xyz8079969,Atlas,DC,09-06-2026 10:01,09-06-2026 10:43,Completed
Xyz8079971,Atlas,DC,09-06-2026 10:03,09-06-2026 10:44,Completed
Xyz8079993,Atlas,DC,09-06-2026 10:03,09-06-2026 10:04,Completed
Xyz8080001,Atlas,DC,09-06-2026 10:00,09-06-2026 10:01,Completed
Xyz8080024,Atlas,DC,09-06-2026 10:03,09-06-2026 10:03,Completed
Xyz8080029,Atlas,DC,09-06-2026 10:02,09-06-2026 10:03,Completed
Xyz8080091,Atlas,DC,09-06-2026 10:00,09-06-2026 10:01,Completed
Xyz8080179,Atlas,DC,09-06-2026 10:01,09-06-2026 10:02,Completed
Xyz8080231,Atlas,DC,09-06-2026 10:01,09-06-2026 10:01,Completed
Xyz8080235,Atlas,DC,09-06-2026 10:03,09-06-2026 10:13,Completed
Xyz8080332,Atlas,DC,09-06-2026 10:03,09-06-2026 10:03,Completed
Xyz8080339,Atlas,DC,09-06-2026 10:02,09-06-2026 10:03,Completed
Xyz8080383,Atlas,DC,09-06-2026 10:01,09-06-2026 10:03,Completed
Xyz8080389,Atlas,DC,09-06-2026 10:03,09-06-2026 10:03,Completed
Xyz8080401,Atlas,DC,09-06-2026 10:03,09-06-2026 10:04,Completed
Xyz8080404,Atlas,DC,09-06-2026 10:01,09-06-2026 10:02,Completed
Xyz8080413,Atlas,DC,09-06-2026 10:03,09-06-2026 10:04,Completed
Xyz8080452,Atlas,DC,09-06-2026 10:00,09-06-2026 10:00,Completed
Xyz8080455,Atlas,DC,09-06-2026 10:03,09-06-2026 10:03,Completed
Xyz8080600,Atlas,DC,09-06-2026 10:01,09-06-2026 10:02,Completed
Xyz8080804,Atlas,DC,09-06-2026 10:03,09-06-2026 10:03,Completed
Xyz8080807,Atlas,DC,09-06-2026 10:01,09-06-2026 10:15,Completed
Xyz8080917,Atlas,DC,09-06-2026 10:03,09-06-2026 10:03,Completed
Xyz8080919,Atlas,DC,09-06-2026 10:01,09-06-2026 10:01,Completed
Xyz8080983,Atlas,DC,09-06-2026 10:01,09-06-2026 10:08,Completed
Xyz8081120,Atlas,DC,09-06-2026 10:01,09-06-2026 10:01,Completed
Xyz8081144,Atlas,DC,09-06-2026 10:03,09-06-2026 10:04,Completed
Xyz8081212,Atlas,DC,09-06-2026 10:01,09-06-2026 10:02,Completed
Xyz8081243,Atlas,DC,09-06-2026 10:01,09-06-2026 10:02,Completed
Xyz8081325,Atlas,DC,09-06-2026 10:00,09-06-2026 10:01,Completed
Xyz8081338,Atlas,DC,09-06-2026 10:01,09-06-2026 10:02,Completed
Xyz8081368,Atlas,DC,09-06-2026 10:01,09-06-2026 10:03,Completed
Xyz8081406,Atlas,DC,09-06-2026 10:01,09-06-2026 10:02,Completed
Xyz8081415,Atlas,DC,09-06-2026 10:03,09-06-2026 10:05,Completed
Xyz8081474,Atlas,DC,09-06-2026 10:03,-NA-,Expired
Xyz8081513,Atlas,DC,09-06-2026 10:00,09-06-2026 10:02,Completed
Xyz8081517,Atlas,DC,09-06-2026 10:03,09-06-2026 10:07,Completed
Xyz8081531,Atlas,DC,09-06-2026 10:03,09-06-2026 10:03,Completed
Xyz8081580,Atlas,DC,09-06-2026 10:02,09-06-2026 10:02,Completed
Xyz8081620,Atlas,DC,09-06-2026 10:01,09-06-2026 10:01,Completed
Xyz8081651,Atlas,DC,09-06-2026 10:00,09-06-2026 10:01,Completed
Xyz8081668,Atlas,DC,09-06-2026 10:03,09-06-2026 10:04,Completed
Xyz8081678,Atlas,DC,09-06-2026 10:02,09-06-2026 10:03,Completed
Xyz8081738,Atlas,DC,09-06-2026 10:02,09-06-2026 10:03,Completed
Xyz8081788,Atlas,DC,09-06-2026 10:03,-NA-,Expired
Xyz8081898,Atlas,DC,09-06-2026 10:03,09-06-2026 10:04,Completed
Xyz8081920,Atlas,DC,09-06-2026 10:03,09-06-2026 10:03,Completed
Xyz8081951,Atlas,DC,09-06-2026 10:00,09-06-2026 10:02,Completed
Xyz8082038,Atlas,DC,09-06-2026 10:03,-NA-,Expired
Xyz8082048,Atlas,DC,09-06-2026 10:03,09-06-2026 10:04,Completed
Xyz8082049,Atlas,DC,09-06-2026 10:01,09-06-2026 10:02,Completed
Xyz8082053,Atlas,DC,09-06-2026 10:00,09-06-2026 14:09,Completed
Xyz8082060,Atlas,DC,09-06-2026 10:00,09-06-2026 10:03,Completed
Xyz8082087,Atlas,DC,09-06-2026 10:01,09-06-2026 10:01,Completed
Xyz8082110,Atlas,DC,09-06-2026 10:03,09-06-2026 10:03,Completed
Xyz8082143,Atlas,DC,09-06-2026 10:01,09-06-2026 10:02,Completed
Xyz8082221,Atlas,DC,09-06-2026 10:00,09-06-2026 10:01,Completed
Xyz8082237,Atlas,DC,09-06-2026 10:01,09-06-2026 10:02,Completed
Xyz8082317,Atlas,DC,09-06-2026 10:00,09-06-2026 10:01,Completed
Xyz8082318,Atlas,DC,09-06-2026 10:00,09-06-2026 10:01,Completed
Xyz8082345,Atlas,DC,09-06-2026 10:03,-NA-,Expired
Xyz8082376,Atlas,DC,09-06-2026 10:03,09-06-2026 10:23,Completed
Xyz8082392,Atlas,DC,09-06-2026 10:02,09-06-2026 10:03,Completed
Xyz8082397,Atlas,DC,09-06-2026 10:01,09-06-2026 10:04,Completed
Xyz8082410,Atlas,DC,09-06-2026 10:03,09-06-2026 10:27,Completed
Xyz8082429,Atlas,DC,09-06-2026 10:03,09-06-2026 10:04,Completed
Xyz8082452,Atlas,DC,09-06-2026 10:00,09-06-2026 10:01,Completed
Xyz8082598,Atlas,DC,09-06-2026 10:03,09-06-2026 13:00,Completed
Xyz8082606,Atlas,DC,09-06-2026 10:02,09-06-2026 10:03,Completed
Xyz8082663,Atlas,DC,09-06-2026 10:00,09-06-2026 10:01,Completed
Xyz8082753,Atlas,DC,09-06-2026 10:02,09-06-2026 14:22,Completed
Xyz8082757,Atlas,DC,09-06-2026 10:02,09-06-2026 14:08,Completed
Xyz8082775,Atlas,DC,09-06-2026 10:03,09-06-2026 13:35,Completed
Xyz8082783,Atlas,DC,09-06-2026 10:02,09-06-2026 10:03,Completed
Xyz8082800,Atlas,DC,09-06-2026 10:00,09-06-2026 10:01,Completed
Xyz8082848,Atlas,DC,09-06-2026 10:03,09-06-2026 13:41,Completed
Xyz8082866,Atlas,DC,09-06-2026 10:02,09-06-2026 13:35,Completed
Xyz8082883,Atlas,DC,09-06-2026 10:03,09-06-2026 10:04,Completed
Xyz8082945,Atlas,DC,09-06-2026 10:00,09-06-2026 13:00,Completed
Xyz8082957,Atlas,DC,09-06-2026 10:02,09-06-2026 13:03,Completed
Xyz8082967,Atlas,DC,09-06-2026 10:00,09-06-2026 10:24,Completed
Xyz8082969,Atlas,DC,09-06-2026 10:00,09-06-2026 10:23,Completed
Xyz8083059,Atlas,DC,09-06-2026 10:03,09-06-2026 13:02,Completed
Xyz8083082,Atlas,DC,09-06-2026 10:02,-NA-,Expired
Xyz8083159,Atlas,DC,09-06-2026 10:03,09-06-2026 10:04,Completed
Xyz8083195,Atlas,DC,09-06-2026 10:00,09-06-2026 10:03,Completed
Xyz8083233,Atlas,DC,09-06-2026 10:02,09-06-2026 10:04,Completed
Xyz8083245,Atlas,DC,09-06-2026 10:03,09-06-2026 13:38,Completed
Xyz8083272,Atlas,DC,09-06-2026 10:02,09-06-2026 12:50,Completed
Xyz8083327,Atlas,DC,09-06-2026 10:01,09-06-2026 10:02,Completed
Xyz8083386,Atlas,DC,09-06-2026 10:03,09-06-2026 10:08,Completed
Xyz8083394,Atlas,DC,09-06-2026 10:03,09-06-2026 10:14,Completed
Xyz8083480,Atlas,DC,09-06-2026 10:02,09-06-2026 11:12,Completed
Xyz8083556,Atlas,DC,09-06-2026 21:01,-NA-,Expired
Xyz8083608,Atlas,DC,09-06-2026 21:01,-NA-,Expired
Xyz8083694,Atlas,DC,09-06-2026 10:03,09-06-2026 10:20,Completed
Xyz8083705,Atlas,DC,09-06-2026 10:01,09-06-2026 10:04,Completed
Xyz8083743,Atlas,DC,09-06-2026 10:03,09-06-2026 10:06,Completed
Xyz8083787,Atlas,DC,09-06-2026 10:02,09-06-2026 10:02,Completed
Xyz8083832,Atlas,DC,09-06-2026 10:02,09-06-2026 15:40,Completed
Xyz8083867,Atlas,DC,09-06-2026 10:03,09-06-2026 10:03,Completed
Xyz8083868,Atlas,DC,09-06-2026 10:03,09-06-2026 10:04,Completed
Xyz8084023,Atlas,DC,09-06-2026 10:01,09-06-2026 13:33,Completed
Xyz8084077,Atlas,DC,09-06-2026 10:00,09-06-2026 10:01,Completed
Xyz8084151,Atlas,DC,09-06-2026 10:02,09-06-2026 10:02,Completed
Xyz8084164,Atlas,DC,09-06-2026 10:03,09-06-2026 10:04,Completed
Xyz8084232,Atlas,DC,09-06-2026 10:01,09-06-2026 10:01,Completed
Xyz8084294,Atlas,DC,09-06-2026 10:01,09-06-2026 10:02,Completed
Xyz8084318,Atlas,DC,09-06-2026 10:02,09-06-2026 10:03,Completed
Xyz8084346,Atlas,DC,09-06-2026 10:03,09-06-2026 10:03,Completed
Xyz8084379,Atlas,DC,09-06-2026 10:00,09-06-2026 10:01,Completed
Xyz8084399,Atlas,DC,09-06-2026 10:01,09-06-2026 10:01,Completed
Xyz8084464,Atlas,DC,09-06-2026 10:02,09-06-2026 11:38,Completed
Xyz8084500,Atlas,DC,09-06-2026 10:03,09-06-2026 10:04,Completed
Xyz8084549,Atlas,DC,09-06-2026 10:01,09-06-2026 10:01,Completed
Xyz8084554,Atlas,DC,09-06-2026 10:00,09-06-2026 10:01,Completed
Xyz8084622,Atlas,DC,09-06-2026 10:01,09-06-2026 11:41,Completed
Xyz8084661,Atlas,DC,09-06-2026 10:00,09-06-2026 10:01,Completed
Xyz8084737,Atlas,DC,09-06-2026 10:03,09-06-2026 10:36,Completed
Xyz8084756,Atlas,DC,09-06-2026 10:03,09-06-2026 15:14,Completed
Xyz8084758,Atlas,DC,09-06-2026 21:01,-NA-,Expired
Xyz8084822,Atlas,DC,09-06-2026 10:00,09-06-2026 11:59,Completed
Xyz8084893,Atlas,DC,09-06-2026 10:02,09-06-2026 13:40,Completed
Xyz8084923,Atlas,DC,09-06-2026 10:03,09-06-2026 10:04,Completed
Xyz8084938,Atlas,DC,09-06-2026 10:00,09-06-2026 13:33,Completed
Xyz8085013,Atlas,DC,09-06-2026 10:01,09-06-2026 13:40,Completed
Xyz8085059,Atlas,DC,09-06-2026 10:02,09-06-2026 10:03,Completed
Xyz8085104,Atlas,DC,09-06-2026 10:01,09-06-2026 11:23,Completed
Xyz8085164,Atlas,DC,09-06-2026 10:01,09-06-2026 13:41,Completed
Xyz8085177,Atlas,DC,09-06-2026 10:02,09-06-2026 13:40,Completed
Xyz8085208,Atlas,DC,09-06-2026 10:01,09-06-2026 11:19,Completed
Xyz8085241,Atlas,DC,09-06-2026 10:00,09-06-2026 10:01,Completed
Xyz8085246,Atlas,DC,09-06-2026 10:03,09-06-2026 10:03,Completed
Xyz8085277,Atlas,DC,09-06-2026 10:01,09-06-2026 10:02,Completed
Xyz8085284,Atlas,DC,09-06-2026 10:03,09-06-2026 10:03,Completed
Xyz8085326,Atlas,DC,09-06-2026 10:03,09-06-2026 10:06,Completed
Xyz8085361,Atlas,DC,09-06-2026 10:03,09-06-2026 10:03,Completed
Xyz8085604,Atlas,DC,09-06-2026 10:03,09-06-2026 10:04,Completed
Xyz8085672,Atlas,DC,09-06-2026 10:03,09-06-2026 10:03,Completed
Xyz8085730,Atlas,DC,09-06-2026 10:02,09-06-2026 10:03,Completed
Xyz8085746,Atlas,DC,09-06-2026 10:00,09-06-2026 10:01,Completed
Xyz8085804,Atlas,DC,09-06-2026 10:02,09-06-2026 10:05,Completed
Xyz8085849,Atlas,DC,09-06-2026 10:02,09-06-2026 12:05,Completed
Xyz8085914,Atlas,DC,09-06-2026 10:00,09-06-2026 10:01,Completed
Xyz8085917,Atlas,DC,09-06-2026 10:00,09-06-2026 10:01,Completed
Xyz8086003,Atlas,DC,09-06-2026 10:02,09-06-2026 10:03,Completed
Xyz8086041,Atlas,DC,09-06-2026 10:03,09-06-2026 10:03,Completed
Xyz8086045,Atlas,DC,09-06-2026 10:01,09-06-2026 10:01,Completed
Xyz8086184,Atlas,DC,09-06-2026 10:02,09-06-2026 13:40,Completed
Xyz8086247,Atlas,DC,09-06-2026 10:03,09-06-2026 11:32,Completed
Xyz8086347,Atlas,DC,09-06-2026 10:03,09-06-2026 10:07,Completed
Xyz8086350,Atlas,DC,09-06-2026 10:02,09-06-2026 10:07,Completed
Xyz8086394,Atlas,DC,09-06-2026 10:03,09-06-2026 10:52,Completed
Xyz8086502,Atlas,DC,09-06-2026 10:03,09-06-2026 10:04,Completed
Xyz8086635,Atlas,DC,09-06-2026 10:03,09-06-2026 10:04,Completed
Xyz8086671,Atlas,DC,09-06-2026 10:02,09-06-2026 10:03,Completed
Xyz8086751,Atlas,DC,09-06-2026 10:03,09-06-2026 10:04,Completed
Xyz8087054,Atlas,DC,09-06-2026 10:01,09-06-2026 10:02,Completed
Xyz8087233,Atlas,DC,09-06-2026 10:03,09-06-2026 10:04,Completed
Xyz8087297,Atlas,DC,09-06-2026 10:00,09-06-2026 10:01,Completed
Xyz8087439,Atlas,DC,09-06-2026 10:03,09-06-2026 10:03,Completed
Xyz8087444,Atlas,DC,09-06-2026 10:03,09-06-2026 10:03,Completed
Xyz8087496,Atlas,DC,09-06-2026 10:00,09-06-2026 10:01,Completed
Xyz8087655,Atlas,DC,09-06-2026 10:00,09-06-2026 10:01,Completed
Xyz8087887,Atlas,DC,09-06-2026 10:00,09-06-2026 10:01,Completed
Xyz8088159,Atlas,DC,09-06-2026 10:03,09-06-2026 10:04,Completed
Xyz8088281,Atlas,DC,09-06-2026 10:02,09-06-2026 10:03,Completed
Xyz8088287,Atlas,DC,09-06-2026 10:00,09-06-2026 10:01,Completed
Xyz8088297,Atlas,DC,09-06-2026 10:00,09-06-2026 10:01,Completed
Xyz8088448,Atlas,DC,09-06-2026 10:01,10-06-2026 09:01,Completed
Xyz8088537,Atlas,DC,09-06-2026 10:00,09-06-2026 14:46,Completed
Xyz8088584,Atlas,DC,09-06-2026 10:01,09-06-2026 10:06,Completed
Xyz8088626,Atlas,DC,09-06-2026 10:03,09-06-2026 10:04,Completed
Xyz8088691,Atlas,DC,09-06-2026 10:03,09-06-2026 10:04,Completed
Xyz8088725,Atlas,DC,09-06-2026 10:03,09-06-2026 10:04,Completed
Xyz8088729,Atlas,DC,09-06-2026 10:01,09-06-2026 10:02,Completed
Xyz8088855,Atlas,DC,09-06-2026 10:01,09-06-2026 10:03,Completed
Xyz8089004,Atlas,DC,09-06-2026 10:02,09-06-2026 10:03,Completed
Xyz8089138,Atlas,DC,09-06-2026 10:03,09-06-2026 10:03,Completed
Xyz8089187,Atlas,DC,09-06-2026 10:01,09-06-2026 10:01,Completed
Xyz8089317,Atlas,DC,09-06-2026 10:01,09-06-2026 10:01,Completed
Xyz8089340,Atlas,DC,09-06-2026 10:01,09-06-2026 10:02,Completed
Xyz8089402,Atlas,DC,09-06-2026 10:03,09-06-2026 10:06,Completed
Xyz8089419,Atlas,DC,09-06-2026 10:02,09-06-2026 10:03,Completed
Xyz8089645,Atlas,DC,09-06-2026 10:01,09-06-2026 13:39,Completed
Xyz8378331,Atlas,DC,09-06-2026 10:04,09-06-2026 10:05,Completed
Xyz8378350,Atlas,DC,09-06-2026 10:01,09-06-2026 10:01,Completed
Xyz8378390,Atlas,DC,09-06-2026 10:03,09-06-2026 10:03,Completed
Xyz8378406,Atlas,DC,09-06-2026 10:03,09-06-2026 10:04,Completed
Xyz8378408,Atlas,DC,09-06-2026 10:03,09-06-2026 10:04,Completed
Xyz8378523,Atlas,DC,09-06-2026 20:59,-NA-,Expired
Xyz8378532,Atlas,DC,09-06-2026 10:03,09-06-2026 10:04,Completed
Xyz8378549,Atlas,DC,09-06-2026 20:59,-NA-,Expired
Xyz8378559,Atlas,DC,09-06-2026 20:59,-NA-,Expired
Xyz8378592,Atlas,DC,09-06-2026 10:03,09-06-2026 10:04,Completed
Xyz8378630,Atlas,DC,09-06-2026 10:03,09-06-2026 10:04,Completed
Xyz8378684,Atlas,DC,09-06-2026 10:01,09-06-2026 10:38,Completed
Xyz8378830,Atlas,DC,09-06-2026 10:03,09-06-2026 10:03,Completed
Xyz8378838,Atlas,DC,09-06-2026 10:00,09-06-2026 10:01,Completed
Xyz8378870,Atlas,DC,09-06-2026 10:02,09-06-2026 10:02,Completed
Xyz8379079,Atlas,DC,09-06-2026 10:03,09-06-2026 10:03,Completed
Xyz8379171,Atlas,DC,09-06-2026 10:03,09-06-2026 10:04,Completed
Xyz8379236,Atlas,DC,09-06-2026 10:00,09-06-2026 10:01,Completed
Xyz8379305,Atlas,DC,09-06-2026 10:01,09-06-2026 10:16,Completed
Xyz8379344,Atlas,DC,09-06-2026 21:01,-NA-,Expired
Xyz8379374,Atlas,DC,09-06-2026 10:02,09-06-2026 10:16,Completed
Xyz8379463,Atlas,DC,09-06-2026 10:03,-NA-,Expired
Xyz8379466,Atlas,DC,09-06-2026 10:03,-NA-,Expired
Xyz8379488,Atlas,DC,09-06-2026 10:03,-NA-,Expired
Xyz8379567,Atlas,DC,09-06-2026 10:03,09-06-2026 10:06,Completed
Xyz8379596,Atlas,DC,09-06-2026 10:03,09-06-2026 10:03,Completed
Xyz8379611,Atlas,DC,09-06-2026 10:03,09-06-2026 10:04,Completed
Xyz8379626,Atlas,DC,09-06-2026 21:00,-NA-,Expired
Xyz8379680,Atlas,DC,09-06-2026 10:04,09-06-2026 10:13,Completed
Xyz8379834,Atlas,DC,09-06-2026 10:03,09-06-2026 10:04,Completed
Xyz8379891,Atlas,DC,09-06-2026 10:03,09-06-2026 10:21,Completed
Xyz8379907,Atlas,DC,09-06-2026 10:03,09-06-2026 10:04,Completed
Xyz8379911,Atlas,DC,09-06-2026 10:03,09-06-2026 10:03,Completed
Xyz8379957,Atlas,DC,09-06-2026 10:03,09-06-2026 10:04,Completed
Xyz8379968,Atlas,DC,09-06-2026 21:00,-NA-,Expired
Xyz8380014,Atlas,DC,09-06-2026 10:02,-NA-,Expired
Xyz8380085,Atlas,DC,09-06-2026 10:04,09-06-2026 10:04,Completed
Xyz8380197,Atlas,DC,09-06-2026 10:00,09-06-2026 10:02,Completed
Xyz8380282,Atlas,DC,09-06-2026 10:02,09-06-2026 10:03,Completed
Xyz8380288,Atlas,DC,09-06-2026 10:00,09-06-2026 10:01,Completed
Xyz8380312,Atlas,DC,09-06-2026 10:02,09-06-2026 14:13,Completed
Xyz8380439,Atlas,DC,09-06-2026 10:04,09-06-2026 10:05,Completed
Xyz8380440,Atlas,DC,09-06-2026 10:02,09-06-2026 10:02,Completed
Xyz8380445,Atlas,DC,09-06-2026 10:02,09-06-2026 10:03,Completed
Xyz8380467,Atlas,DC,09-06-2026 10:00,09-06-2026 10:01,Completed
Xyz8380480,Atlas,DC,09-06-2026 10:00,09-06-2026 10:01,Completed
Xyz8380485,Atlas,DC,09-06-2026 21:02,-NA-,Expired
Xyz8380579,Atlas,DC,09-06-2026 10:03,09-06-2026 10:04,Completed
Xyz8380635,Atlas,DC,09-06-2026 10:03,09-06-2026 10:03,Completed
Xyz8380703,Atlas,DC,09-06-2026 10:01,09-06-2026 10:01,Completed
Xyz8380738,Atlas,DC,09-06-2026 10:04,09-06-2026 10:04,Completed
Xyz8380759,Atlas,DC,09-06-2026 10:03,-NA-,Expired
Xyz8380774,Atlas,DC,09-06-2026 21:04,-NA-,Expired
Xyz8380802,Atlas,DC,09-06-2026 10:03,09-06-2026 10:04,Completed
Xyz8380921,Atlas,DC,09-06-2026 10:01,09-06-2026 10:02,Completed
Xyz8380932,Atlas,DC,09-06-2026 10:01,09-06-2026 12:39,Completed
Xyz8380943,Atlas,DC,09-06-2026 10:03,-NA-,Expired
Xyz8381120,Atlas,DC,09-06-2026 10:03,09-06-2026 12:40,Completed
Xyz8381125,Atlas,DC,09-06-2026 10:03,09-06-2026 10:04,Completed
Xyz8381178,Atlas,DC,09-06-2026 21:00,-NA-,Expired
Xyz8381218,Atlas,DC,09-06-2026 10:03,09-06-2026 10:03,Completed
Xyz8381254,Atlas,DC,09-06-2026 10:00,09-06-2026 10:01,Completed
Xyz8381375,Atlas,DC,09-06-2026 10:04,09-06-2026 11:58,Completed
Xyz8381430,Atlas,DC,09-06-2026 21:01,-NA-,Expired
Xyz8381561,Atlas,DC,09-06-2026 10:03,09-06-2026 10:04,Completed
Xyz8381611,Atlas,DC,09-06-2026 21:01,-NA-,Expired
Xyz8381620,Atlas,DC,09-06-2026 20:59,-NA-,Expired
Xyz8381683,Atlas,DC,09-06-2026 10:03,09-06-2026 10:04,Completed
Xyz8381788,Atlas,DC,09-06-2026 21:01,-NA-,Expired
Xyz8381791,Atlas,DC,09-06-2026 21:01,-NA-,Expired
Xyz8381846,Atlas,DC,09-06-2026 10:01,09-06-2026 10:01,Completed
Xyz8382023,Atlas,DC,09-06-2026 10:00,09-06-2026 10:05,Completed
Xyz8382078,Atlas,DC,09-06-2026 10:03,09-06-2026 11:02,Completed
Xyz8382130,Atlas,DC,09-06-2026 10:03,09-06-2026 11:54,Completed
Xyz8382144,Atlas,DC,09-06-2026 10:00,09-06-2026 10:54,Completed
Xyz8382213,Atlas,DC,09-06-2026 10:03,09-06-2026 11:43,Completed
Xyz8382226,Atlas,DC,09-06-2026 10:03,09-06-2026 10:31,Completed
Xyz8382281,Atlas,DC,09-06-2026 10:01,09-06-2026 10:36,Completed
Xyz8382336,Atlas,DC,09-06-2026 10:02,09-06-2026 10:03,Completed
Xyz8382342,Atlas,DC,09-06-2026 10:03,09-06-2026 10:04,Completed
Xyz8382346,Atlas,DC,09-06-2026 10:03,09-06-2026 10:04,Completed
Xyz8382391,Atlas,DC,09-06-2026 10:03,09-06-2026 11:19,Completed
Xyz8382393,Atlas,DC,09-06-2026 20:59,-NA-,Expired
Xyz8382407,Atlas,DC,09-06-2026 10:03,09-06-2026 10:03,Completed
Xyz8382444,Atlas,DC,09-06-2026 10:01,09-06-2026 10:02,Completed
Xyz8382462,Atlas,DC,09-06-2026 10:03,09-06-2026 11:36,Completed
Xyz8382478,Atlas,DC,09-06-2026 10:03,09-06-2026 10:04,Completed
Xyz8382517,Atlas,DC,09-06-2026 10:03,09-06-2026 10:05,Completed
Xyz8382595,Atlas,DC,09-06-2026 10:03,09-06-2026 10:04,Completed
Xyz8382607,Atlas,DC,09-06-2026 10:03,09-06-2026 10:04,Completed
Xyz8382731,Atlas,DC,09-06-2026 21:00,-NA-,Expired
Xyz8382817,Atlas,DC,09-06-2026 21:01,-NA-,Expired
Xyz8382823,Atlas,DC,09-06-2026 21:01,-NA-,Expired
Xyz8382824,Atlas,DC,09-06-2026 21:01,-NA-,Expired
Xyz8382826,Atlas,DC,09-06-2026 21:01,-NA-,Expired
Xyz8382847,Atlas,DC,09-06-2026 10:02,09-06-2026 10:03,Completed
Xyz8382875,Atlas,DC,09-06-2026 21:01,-NA-,Expired
Xyz8382882,Atlas,DC,09-06-2026 10:03,09-06-2026 10:05,Completed
Xyz8382921,Atlas,DC,09-06-2026 10:02,09-06-2026 10:03,Completed
Xyz8382922,Atlas,DC,09-06-2026 10:03,09-06-2026 10:20,Completed
Xyz8382929,Atlas,DC,09-06-2026 10:03,09-06-2026 10:03,Completed
Xyz8382949,Atlas,DC,09-06-2026 10:02,09-06-2026 10:03,Completed
Xyz8383059,Atlas,DC,09-06-2026 21:01,-NA-,Expired
Xyz8383062,Atlas,DC,09-06-2026 21:01,-NA-,Expired
Xyz8383081,Atlas,DC,09-06-2026 10:03,09-06-2026 11:34,Completed
Xyz8383235,Atlas,DC,09-06-2026 10:03,09-06-2026 10:35,Completed
Xyz8383239,Atlas,DC,09-06-2026 21:01,-NA-,Expired
Xyz8383277,Atlas,DC,09-06-2026 21:01,-NA-,Expired
Xyz8383293,Atlas,DC,09-06-2026 10:04,09-06-2026 10:05,Completed
Xyz8383304,Atlas,DC,09-06-2026 10:00,09-06-2026 11:02,Completed
Xyz8383412,Atlas,DC,09-06-2026 10:03,09-06-2026 10:05,Completed
Xyz8383477,Atlas,DC,09-06-2026 10:02,09-06-2026 10:02,Completed
Xyz8383552,Atlas,DC,09-06-2026 10:00,09-06-2026 10:01,Completed
Xyz8383567,Atlas,DC,09-06-2026 21:01,-NA-,Expired
Xyz8383745,Atlas,DC,09-06-2026 21:07,-NA-,Expired
Xyz8383757,Atlas,DC,09-06-2026 21:01,-NA-,Expired
Xyz8383801,Atlas,DC,09-06-2026 10:01,09-06-2026 10:36,Completed
Xyz8383837,Atlas,DC,09-06-2026 10:03,09-06-2026 12:40,Completed
Xyz8383856,Atlas,DC,09-06-2026 10:03,09-06-2026 10:31,Completed
Xyz8383955,Atlas,DC,09-06-2026 10:00,09-06-2026 10:01,Completed
Xyz8384054,Atlas,DC,09-06-2026 10:01,09-06-2026 10:03,Completed
Xyz8384104,Atlas,DC,09-06-2026 10:03,09-06-2026 10:03,Completed
Xyz8384111,Atlas,DC,09-06-2026 10:02,09-06-2026 10:03,Completed
Xyz8384153,Atlas,DC,09-06-2026 10:03,09-06-2026 10:07,Completed
Xyz8384165,Atlas,DC,09-06-2026 10:02,09-06-2026 10:03,Completed
Xyz8384239,Atlas,DC,09-06-2026 10:00,09-06-2026 10:01,Completed
Xyz8384263,Atlas,DC,09-06-2026 10:00,09-06-2026 10:01,Completed
Xyz8384386,Atlas,DC,09-06-2026 10:01,09-06-2026 10:01,Completed
Xyz8384391,Atlas,DC,09-06-2026 10:03,09-06-2026 10:03,Completed
Xyz8384394,Atlas,DC,09-06-2026 10:00,09-06-2026 10:01,Completed
Xyz8384433,Atlas,DC,09-06-2026 10:03,09-06-2026 10:04,Completed
Xyz8384451,Atlas,DC,09-06-2026 10:03,09-06-2026 10:03,Completed
Xyz8384499,Atlas,DC,09-06-2026 10:02,09-06-2026 10:03,Completed
Xyz8384565,Atlas,DC,09-06-2026 10:04,09-06-2026 10:21,Completed
Xyz8384665,Atlas,DC,09-06-2026 10:01,09-06-2026 10:02,Completed
Xyz8384672,Atlas,DC,09-06-2026 10:00,09-06-2026 10:01,Completed
Xyz8384694,Atlas,DC,09-06-2026 10:03,09-06-2026 10:04,Completed
Xyz8384787,Atlas,DC,09-06-2026 10:02,09-06-2026 10:03,Completed
Xyz8384815,Atlas,DC,09-06-2026 21:01,-NA-,Expired
Xyz8385009,Atlas,DC,09-06-2026 10:02,09-06-2026 10:03,Completed
Xyz8385031,Atlas,DC,09-06-2026 21:02,-NA-,Expired
Xyz8385221,Atlas,DC,09-06-2026 10:03,09-06-2026 10:11,Completed
Xyz8385249,Atlas,DC,09-06-2026 10:00,09-06-2026 10:33,Completed
Xyz8385252,Atlas,DC,09-06-2026 10:04,09-06-2026 10:04,Completed
Xyz8385265,Atlas,DC,09-06-2026 10:02,09-06-2026 10:03,Completed
Xyz8385328,Atlas,DC,09-06-2026 10:00,09-06-2026 13:47,Completed
Xyz8385354,Atlas,DC,09-06-2026 10:03,09-06-2026 10:04,Completed
Xyz8385361,Atlas,DC,09-06-2026 10:03,09-06-2026 10:11,Completed
Xyz8385402,Atlas,DC,09-06-2026 10:01,09-06-2026 10:02,Completed
Xyz8385410,Atlas,DC,09-06-2026 10:03,09-06-2026 10:04,Completed
Xyz8385437,Atlas,DC,09-06-2026 10:02,09-06-2026 10:43,Completed
Xyz8385499,Atlas,DC,09-06-2026 10:03,09-06-2026 10:03,Completed
Xyz8385555,Atlas,DC,09-06-2026 10:00,09-06-2026 10:01,Completed
Xyz8385580,Atlas,DC,09-06-2026 10:03,09-06-2026 10:04,Completed
Xyz8385601,Atlas,DC,09-06-2026 10:01,09-06-2026 14:52,Completed
Xyz8385632,Atlas,DC,09-06-2026 10:01,09-06-2026 10:10,Completed
Xyz8385743,Atlas,DC,09-06-2026 10:01,09-06-2026 10:02,Completed
Xyz8385752,Atlas,DC,09-06-2026 10:01,09-06-2026 10:02,Completed
Xyz8385764,Atlas,DC,09-06-2026 10:02,09-06-2026 10:03,Completed
Xyz8385948,Atlas,DC,09-06-2026 10:00,09-06-2026 10:11,Completed
Xyz8385977,Atlas,DC,09-06-2026 10:00,09-06-2026 10:03,Completed
Xyz8386050,Atlas,DC,09-06-2026 10:03,09-06-2026 10:03,Completed
Xyz8386063,Atlas,DC,09-06-2026 10:01,09-06-2026 10:02,Completed
Xyz8386087,Atlas,DC,09-06-2026 10:02,09-06-2026 10:03,Completed
Xyz8386129,Atlas,DC,09-06-2026 10:03,09-06-2026 10:03,Completed
Xyz8386140,Atlas,DC,09-06-2026 10:03,09-06-2026 10:03,Completed
Xyz8386150,Atlas,DC,09-06-2026 10:02,09-06-2026 10:03,Completed
Xyz8386191,Atlas,DC,09-06-2026 10:03,09-06-2026 10:04,Completed
Xyz8386260,Atlas,DC,09-06-2026 10:03,09-06-2026 10:04,Completed
Xyz8386291,Atlas,DC,09-06-2026 21:00,-NA-,Expired
Xyz8386295,Atlas,DC,09-06-2026 10:04,09-06-2026 10:44,Completed
Xyz8386328,Atlas,DC,09-06-2026 10:03,09-06-2026 10:06,Completed
Xyz8386348,Atlas,DC,09-06-2026 10:02,09-06-2026 10:03,Completed
Xyz8386371,Atlas,DC,09-06-2026 10:02,09-06-2026 10:03,Completed
Xyz8386372,Atlas,DC,09-06-2026 10:03,09-06-2026 10:03,Completed
Xyz8386518,Atlas,DC,09-06-2026 10:02,09-06-2026 10:26,Completed
Xyz8386539,Atlas,DC,09-06-2026 10:02,09-06-2026 10:02,Completed
Xyz8386820,Atlas,DC,09-06-2026 10:01,09-06-2026 10:01,Completed
Xyz8386837,Atlas,DC,09-06-2026 10:02,09-06-2026 10:03,Completed
Xyz8387178,Atlas,DC,09-06-2026 10:02,09-06-2026 10:03,Completed
Xyz8387224,Atlas,DC,09-06-2026 10:00,09-06-2026 10:01,Completed
Xyz8387339,Atlas,DC,09-06-2026 10:02,09-06-2026 10:03,Completed
Xyz8387453,Atlas,DC,09-06-2026 10:03,09-06-2026 10:03,Completed
Xyz8387484,Atlas,DC,09-06-2026 10:01,09-06-2026 10:02,Completed
Xyz8387583,Atlas,DC,09-06-2026 10:03,09-06-2026 10:03,Completed
Xyz8387634,Atlas,DC,09-06-2026 10:02,09-06-2026 10:03,Completed
Xyz8387747,Atlas,DC,09-06-2026 10:01,09-06-2026 10:02,Completed
Xyz8387798,Atlas,DC,09-06-2026 10:02,09-06-2026 10:03,Completed
Xyz8387822,Atlas,DC,09-06-2026 10:03,09-06-2026 10:04,Completed
Xyz8387832,Atlas,DC,09-06-2026 10:02,09-06-2026 10:03,Completed
Xyz8387889,Atlas,DC,09-06-2026 10:01,09-06-2026 10:02,Completed
Xyz8387928,Atlas,DC,09-06-2026 10:03,09-06-2026 10:03,Completed
Xyz8387931,Atlas,DC,09-06-2026 10:03,09-06-2026 10:04,Completed
Xyz8387987,Atlas,DC,09-06-2026 10:03,09-06-2026 10:04,Completed
Xyz8388025,Atlas,DC,09-06-2026 10:00,09-06-2026 10:01,Completed
Xyz8388038,Atlas,DC,09-06-2026 10:00,09-06-2026 10:01,Completed
Xyz8388053,Atlas,DC,09-06-2026 10:02,09-06-2026 10:03,Completed
Xyz8388057,Atlas,DC,09-06-2026 10:03,09-06-2026 10:21,Completed
Xyz8388088,Atlas,DC,09-06-2026 10:01,09-06-2026 10:02,Completed
Xyz8388089,Atlas,DC,09-06-2026 10:03,-NA-,Expired
Xyz8388143,Atlas,DC,09-06-2026 10:02,09-06-2026 10:03,Completed
Xyz8388216,Atlas,DC,09-06-2026 10:03,09-06-2026 10:10,Completed
Xyz8388342,Atlas,DC,09-06-2026 10:02,09-06-2026 10:07,Completed
Xyz8388374,Atlas,DC,09-06-2026 10:02,09-06-2026 10:03,Completed
Xyz8388451,Atlas,DC,09-06-2026 21:01,-NA-,Expired
Xyz8388559,Atlas,DC,09-06-2026 10:03,09-06-2026 15:45,Completed
Xyz8388580,Atlas,DC,09-06-2026 10:02,09-06-2026 10:02,Completed
Xyz8388717,Atlas,DC,09-06-2026 10:03,09-06-2026 10:03,Completed
Xyz8388722,Atlas,DC,09-06-2026 10:02,09-06-2026 10:03,Completed
Xyz8388746,Atlas,DC,09-06-2026 10:03,09-06-2026 10:07,Completed
Xyz8388767,Atlas,DC,09-06-2026 10:01,09-06-2026 10:02,Completed
Xyz8388786,Atlas,DC,09-06-2026 10:01,09-06-2026 10:01,Completed
Xyz8388808,Atlas,DC,09-06-2026 10:01,09-06-2026 10:06,Completed
Xyz8388819,Atlas,DC,09-06-2026 10:03,09-06-2026 10:04,Completed
Xyz8388873,Atlas,DC,09-06-2026 10:03,09-06-2026 10:05,Completed
Xyz8388903,Atlas,DC,09-06-2026 10:02,09-06-2026 10:03,Completed
Xyz8389016,Atlas,DC,09-06-2026 10:02,09-06-2026 10:03,Completed
Xyz8389043,Atlas,DC,09-06-2026 10:02,09-06-2026 10:41,Completed
Xyz8389050,Atlas,DC,09-06-2026 10:03,09-06-2026 10:03,Completed
Xyz8389095,Atlas,DC,09-06-2026 10:01,09-06-2026 14:33,Completed
Xyz8389133,Atlas,DC,09-06-2026 10:03,09-06-2026 10:03,Completed
Xyz8389282,Atlas,DC,09-06-2026 10:03,09-06-2026 10:04,Completed
Xyz8389415,Atlas,DC,09-06-2026 10:02,09-06-2026 10:02,Completed
Xyz8389578,Atlas,DC,09-06-2026 10:02,09-06-2026 10:03,Completed
Xyz8389580,Atlas,DC,09-06-2026 10:03,09-06-2026 10:33,Completed
Xyz8389588,Atlas,DC,09-06-2026 10:01,09-06-2026 10:02,Completed
Xyz8389590,Atlas,DC,09-06-2026 10:01,09-06-2026 10:02,Completed
Xyz8389653,Atlas,DC,09-06-2026 10:00,09-06-2026 10:01,Completed
Xyz8389697,Atlas,DC,09-06-2026 10:03,09-06-2026 10:05,Completed
Xyz8389706,Atlas,DC,09-06-2026 10:03,09-06-2026 10:09,Completed
Xyz8389721,Atlas,DC,09-06-2026 10:01,09-06-2026 10:08,Completed
Xyz8389739,Atlas,DC,09-06-2026 10:02,09-06-2026 10:05,Completed
Xyz8389745,Atlas,DC,09-06-2026 10:03,09-06-2026 10:06,Completed
Xyz8389748,Atlas,DC,09-06-2026 10:01,09-06-2026 10:02,Completed
Xyz8389781,Atlas,DC,09-06-2026 10:03,09-06-2026 10:03,Completed
Xyz8389789,Atlas,DC,09-06-2026 10:02,09-06-2026 10:06,Completed
Xyz8389791,Atlas,DC,09-06-2026 10:02,09-06-2026 10:10,Completed
Xyz8389880,Atlas,DC,09-06-2026 10:03,09-06-2026 10:05,Completed
Xyz8390024,Atlas,DC,09-06-2026 10:03,09-06-2026 10:05,Completed
Xyz8390025,Atlas,DC,09-06-2026 10:00,09-06-2026 10:01,Completed
Xyz8390111,Atlas,DC,09-06-2026 10:03,09-06-2026 10:03,Completed
Xyz8390118,Atlas,DC,09-06-2026 10:03,09-06-2026 10:03,Completed
Xyz8390167,Atlas,DC,09-06-2026 10:02,09-06-2026 10:02,Completed
Xyz8390182,Atlas,DC,09-06-2026 21:01,-NA-,Expired
Xyz8390229,Atlas,DC,09-06-2026 21:01,-NA-,Expired
Xyz8390271,Atlas,DC,09-06-2026 10:03,-NA-,Expired
Xyz8390312,Atlas,DC,09-06-2026 10:03,09-06-2026 10:03,Completed
Xyz8390386,Atlas,DC,09-06-2026 10:01,09-06-2026 10:01,Completed
Xyz8390481,Atlas,DC,09-06-2026 10:00,09-06-2026 10:03,Completed
Xyz8390516,Atlas,DC,09-06-2026 10:02,09-06-2026 10:04,Completed
Xyz8390522,Atlas,DC,09-06-2026 10:03,09-06-2026 10:04,Completed
Xyz8390545,Atlas,DC,09-06-2026 10:03,09-06-2026 10:08,Completed
Xyz8390608,Atlas,DC,09-06-2026 10:04,09-06-2026 10:04,Completed
Xyz8390756,Atlas,DC,09-06-2026 10:03,09-06-2026 10:04,Completed
Xyz8390852,Atlas,DC,09-06-2026 10:03,09-06-2026 13:39,Completed
Xyz8390904,Atlas,DC,09-06-2026 10:03,09-06-2026 10:10,Completed
Xyz8390915,Atlas,DC,09-06-2026 10:03,09-06-2026 10:03,Completed
Xyz8390943,Atlas,DC,09-06-2026 10:03,09-06-2026 10:03,Completed
Xyz8390946,Atlas,DC,09-06-2026 10:03,09-06-2026 10:03,Completed
Xyz8390961,Atlas,DC,09-06-2026 10:01,09-06-2026 10:01,Completed
Xyz8391026,Atlas,DC,09-06-2026 10:01,09-06-2026 10:24,Completed
Xyz8391091,Atlas,DC,09-06-2026 21:01,-NA-,Expired
Xyz8391107,Atlas,DC,09-06-2026 10:03,09-06-2026 10:03,Completed
Xyz8391206,Atlas,DC,09-06-2026 10:02,09-06-2026 10:07,Completed
Xyz8391380,Atlas,DC,09-06-2026 10:02,09-06-2026 10:10,Completed
Xyz8391410,Atlas,DC,09-06-2026 10:03,09-06-2026 10:04,Completed
Xyz8391412,Atlas,DC,09-06-2026 10:03,09-06-2026 10:03,Completed
Xyz8391493,Atlas,DC,09-06-2026 10:04,09-06-2026 10:05,Completed
Xyz8391575,Atlas,DC,09-06-2026 10:01,09-06-2026 10:05,Completed
Xyz8391577,Atlas,DC,09-06-2026 10:03,09-06-2026 10:03,Completed
Xyz8391608,Atlas,DC,09-06-2026 10:00,09-06-2026 10:03,Completed
Xyz8391623,Atlas,DC,09-06-2026 10:03,09-06-2026 10:03,Completed
Xyz8391777,Atlas,DC,09-06-2026 10:02,09-06-2026 10:02,Completed
Xyz8391799,Atlas,DC,09-06-2026 10:01,09-06-2026 13:47,Completed
Xyz8391826,Atlas,DC,09-06-2026 10:02,09-06-2026 10:05,Completed
Xyz8391842,Atlas,DC,09-06-2026 10:01,09-06-2026 10:02,Completed
Xyz8391856,Atlas,DC,09-06-2026 10:02,09-06-2026 10:02,Completed
Xyz8391888,Atlas,DC,09-06-2026 10:04,09-06-2026 10:04,Completed
Xyz8392077,Atlas,DC,09-06-2026 10:01,09-06-2026 10:01,Completed
Xyz8392093,Atlas,DC,09-06-2026 10:01,09-06-2026 10:02,Completed
Xyz8392100,Atlas,DC,09-06-2026 10:03,09-06-2026 10:03,Completed
Xyz8392161,Atlas,DC,09-06-2026 21:02,-NA-,Expired
Xyz8392179,Atlas,DC,09-06-2026 10:03,09-06-2026 10:04,Completed
Xyz8392310,Atlas,DC,09-06-2026 21:02,-NA-,Expired
Xyz8392405,Atlas,DC,09-06-2026 10:02,09-06-2026 10:03,Completed
Xyz8392435,Atlas,DC,09-06-2026 10:03,-NA-,Expired
Xyz8392451,Atlas,DC,09-06-2026 10:00,09-06-2026 10:11,Completed
Xyz8392495,Atlas,DC,09-06-2026 10:02,09-06-2026 10:18,Completed
Xyz8392590,Atlas,DC,09-06-2026 10:03,09-06-2026 10:04,Completed
Xyz8392716,Atlas,DC,09-06-2026 10:02,09-06-2026 10:02,Completed
Xyz8392755,Atlas,DC,09-06-2026 10:02,09-06-2026 10:02,Completed
Xyz8392782,Atlas,DC,09-06-2026 10:01,09-06-2026 10:02,Completed
Xyz8392834,Atlas,DC,09-06-2026 10:02,09-06-2026 11:43,Completed
Xyz8392870,Atlas,DC,09-06-2026 10:03,09-06-2026 13:38,Completed
Xyz8393010,Atlas,DC,09-06-2026 10:03,09-06-2026 10:03,Completed
Xyz8393011,Atlas,DC,09-06-2026 10:02,09-06-2026 10:03,Completed
Xyz8393068,Atlas,DC,09-06-2026 10:03,09-06-2026 10:10,Completed
Xyz8393138,Atlas,DC,09-06-2026 10:03,09-06-2026 10:03,Completed
Xyz8393183,Atlas,DC,09-06-2026 10:03,09-06-2026 10:04,Completed
Xyz8393186,Atlas,DC,09-06-2026 20:59,-NA-,Expired
Xyz8393234,Atlas,DC,09-06-2026 10:02,09-06-2026 10:03,Completed
Xyz8393239,Atlas,DC,09-06-2026 10:01,09-06-2026 10:01,Completed
Xyz8393337,Atlas,DC,09-06-2026 10:02,09-06-2026 10:03,Completed
Xyz8393346,Atlas,DC,09-06-2026 10:01,09-06-2026 10:02,Completed
Xyz8393348,Atlas,DC,09-06-2026 10:04,09-06-2026 10:43,Completed
Xyz8393377,Atlas,DC,09-06-2026 10:01,09-06-2026 10:02,Completed
Xyz8393432,Atlas,DC,09-06-2026 10:03,09-06-2026 10:03,Completed
Xyz8393468,Atlas,DC,09-06-2026 10:03,09-06-2026 10:03,Completed
Xyz8393477,Atlas,DC,09-06-2026 10:00,09-06-2026 10:01,Completed
Xyz8393492,Atlas,DC,09-06-2026 10:03,09-06-2026 16:43,Completed
Xyz8393509,Atlas,DC,09-06-2026 10:01,09-06-2026 10:04,Completed
Xyz8393547,Atlas,DC,09-06-2026 10:00,09-06-2026 10:01,Completed
Xyz8393550,Atlas,DC,09-06-2026 10:02,09-06-2026 10:03,Completed
Xyz8393638,Atlas,DC,09-06-2026 10:00,09-06-2026 10:02,Completed
Xyz8393644,Atlas,DC,09-06-2026 10:01,09-06-2026 10:01,Completed
Xyz8393701,Atlas,DC,09-06-2026 10:00,09-06-2026 10:01,Completed
Xyz8393713,Atlas,DC,09-06-2026 10:02,09-06-2026 10:03,Completed
Xyz8393752,Atlas,DC,09-06-2026 10:00,09-06-2026 10:07,Completed
Xyz8393785,Atlas,DC,09-06-2026 10:02,09-06-2026 10:42,Completed
Xyz8393813,Atlas,DC,09-06-2026 10:03,09-06-2026 11:20,Completed
Xyz8393834,Atlas,DC,09-06-2026 10:02,09-06-2026 10:03,Completed
Xyz8393856,Atlas,DC,09-06-2026 10:00,09-06-2026 10:01,Completed
Xyz8393923,Atlas,DC,09-06-2026 10:04,09-06-2026 10:52,Completed
Xyz8393940,Atlas,DC,09-06-2026 10:00,09-06-2026 10:06,Completed
Xyz8393944,Atlas,DC,09-06-2026 10:02,09-06-2026 10:03,Completed
Xyz8393979,Atlas,DC,09-06-2026 10:02,09-06-2026 10:44,Completed
Xyz8393988,Atlas,DC,09-06-2026 10:03,09-06-2026 10:16,Completed
Xyz8394009,Atlas,DC,09-06-2026 10:03,09-06-2026 10:05,Completed
Xyz8394018,Atlas,DC,09-06-2026 10:03,09-06-2026 10:04,Completed
Xyz8394044,Atlas,DC,09-06-2026 10:02,09-06-2026 10:03,Completed
Xyz8394068,Atlas,DC,09-06-2026 10:00,09-06-2026 10:06,Completed
Xyz8394083,Atlas,DC,09-06-2026 10:00,09-06-2026 10:02,Completed
Xyz8394135,Atlas,DC,09-06-2026 10:03,09-06-2026 10:03,Completed
Xyz8394160,Atlas,DC,09-06-2026 10:02,09-06-2026 10:02,Completed
Xyz8394190,Atlas,DC,09-06-2026 10:00,09-06-2026 10:07,Completed
Xyz8394198,Atlas,DC,09-06-2026 10:02,09-06-2026 10:03,Completed
Xyz8394251,Atlas,DC,09-06-2026 10:02,09-06-2026 10:03,Completed
Xyz8394276,Atlas,DC,09-06-2026 10:03,09-06-2026 10:05,Completed
Xyz8394278,Atlas,DC,09-06-2026 10:03,09-06-2026 10:03,Completed
Xyz8394524,Atlas,DC,09-06-2026 10:03,09-06-2026 10:04,Completed
Xyz8394543,Atlas,DC,09-06-2026 10:02,09-06-2026 10:03,Completed
Xyz8394629,Atlas,DC,09-06-2026 10:02,09-06-2026 10:45,Completed
Xyz8394641,Atlas,DC,09-06-2026 10:01,-NA-,Expired
Xyz8394648,Atlas,DC,09-06-2026 10:03,09-06-2026 10:04,Completed
Xyz8394693,Atlas,DC,09-06-2026 10:03,09-06-2026 10:03,Completed
Xyz8394733,Atlas,DC,09-06-2026 10:00,09-06-2026 10:01,Completed
Xyz8394781,Atlas,DC,09-06-2026 10:02,09-06-2026 13:33,Completed
Xyz8394797,Atlas,DC,09-06-2026 10:02,09-06-2026 10:14,Completed
Xyz8394831,Atlas,DC,09-06-2026 10:03,09-06-2026 10:07,Completed
Xyz8394865,Atlas,DC,09-06-2026 10:02,09-06-2026 10:03,Completed
Xyz8394892,Atlas,DC,09-06-2026 10:02,09-06-2026 11:59,Completed
Xyz8394961,Atlas,DC,09-06-2026 10:00,09-06-2026 10:01,Completed
Xyz8395094,Atlas,DC,09-06-2026 10:01,09-06-2026 10:01,Completed
Xyz8395145,Atlas,DC,09-06-2026 10:02,09-06-2026 14:32,Completed
Xyz8395190,Atlas,DC,09-06-2026 10:01,09-06-2026 12:24,Completed
Xyz8395208,Atlas,DC,09-06-2026 10:00,09-06-2026 10:09,Completed
Xyz8395223,Atlas,DC,09-06-2026 10:03,09-06-2026 13:54,Completed
Xyz8395300,Atlas,DC,09-06-2026 10:03,09-06-2026 10:03,Completed
Xyz8395326,Atlas,DC,09-06-2026 10:02,09-06-2026 13:39,Completed
Xyz8395352,Atlas,DC,09-06-2026 10:03,10-06-2026 09:17,Completed
Xyz8395440,Atlas,DC,09-06-2026 10:03,09-06-2026 10:23,Completed
Xyz8395475,Atlas,DC,09-06-2026 10:03,09-06-2026 14:09,Completed
Xyz8395517,Atlas,DC,09-06-2026 10:03,09-06-2026 10:07,Completed
Xyz8395518,Atlas,DC,09-06-2026 10:02,09-06-2026 10:10,Completed
Xyz8395534,Atlas,DC,09-06-2026 21:01,-NA-,Expired
Xyz8395584,Atlas,DC,09-06-2026 10:03,09-06-2026 15:01,Completed
Xyz8395632,Atlas,DC,09-06-2026 10:00,09-06-2026 10:01,Completed
Xyz8395655,Atlas,DC,09-06-2026 10:03,09-06-2026 12:15,Completed
Xyz8395733,Atlas,DC,09-06-2026 10:02,09-06-2026 14:33,Completed
Xyz8395741,Atlas,DC,09-06-2026 10:00,09-06-2026 10:03,Completed
Xyz8395769,Atlas,DC,09-06-2026 10:03,09-06-2026 14:10,Completed
Xyz8395788,Atlas,DC,09-06-2026 10:03,09-06-2026 13:40,Completed
Xyz8395795,Atlas,DC,09-06-2026 10:02,09-06-2026 10:03,Completed
Xyz8395820,Atlas,DC,09-06-2026 10:02,09-06-2026 10:15,Completed
Xyz8395864,Atlas,DC,09-06-2026 10:02,09-06-2026 12:19,Completed
Xyz8395896,Atlas,DC,09-06-2026 10:02,09-06-2026 10:14,Completed
Xyz8395904,Atlas,DC,09-06-2026 10:03,09-06-2026 13:38,Completed
Xyz8395921,Atlas,DC,09-06-2026 10:00,09-06-2026 10:01,Completed
Xyz8396010,Atlas,DC,09-06-2026 10:03,09-06-2026 10:04,Completed
Xyz8396040,Atlas,DC,09-06-2026 10:01,09-06-2026 10:01,Completed
Xyz8396084,Atlas,DC,09-06-2026 10:02,09-06-2026 10:11,Completed
Xyz8396118,Atlas,DC,09-06-2026 10:03,09-06-2026 10:03,Completed
Xyz8396216,Atlas,DC,09-06-2026 10:03,09-06-2026 10:07,Completed
Xyz8396336,Atlas,DC,09-06-2026 10:02,09-06-2026 10:03,Completed
Xyz8396387,Atlas,DC,09-06-2026 10:02,09-06-2026 10:03,Completed
Xyz8396399,Atlas,DC,09-06-2026 10:02,09-06-2026 10:03,Completed
Xyz8396443,Atlas,DC,09-06-2026 10:03,09-06-2026 10:04,Completed
Xyz8396476,Atlas,DC,09-06-2026 10:01,09-06-2026 10:01,Completed
Xyz8396477,Atlas,DC,09-06-2026 10:03,09-06-2026 10:04,Completed
Xyz8396483,Atlas,DC,09-06-2026 10:02,09-06-2026 10:02,Completed
Xyz8396520,Atlas,DC,09-06-2026 10:03,-NA-,Expired
Xyz8396553,Atlas,DC,09-06-2026 10:03,09-06-2026 10:07,Completed
Xyz8396565,Atlas,DC,09-06-2026 10:01,09-06-2026 10:02,Completed
Xyz8396577,Atlas,DC,09-06-2026 10:04,09-06-2026 10:04,Completed
Xyz8396646,Atlas,DC,09-06-2026 10:01,09-06-2026 10:02,Completed
Xyz8396657,Atlas,DC,09-06-2026 10:01,09-06-2026 10:01,Completed
Xyz8396761,Atlas,DC,09-06-2026 10:03,09-06-2026 11:48,Completed
Xyz8396765,Atlas,DC,09-06-2026 10:02,09-06-2026 10:02,Completed
Xyz8396794,Atlas,DC,09-06-2026 10:03,09-06-2026 10:12,Completed
Xyz8396822,Atlas,DC,09-06-2026 21:01,-NA-,Expired
Xyz8396826,Atlas,DC,09-06-2026 21:01,-NA-,Expired
Xyz8396855,Atlas,DC,09-06-2026 10:00,09-06-2026 14:50,Completed
Xyz8396872,Atlas,DC,09-06-2026 10:03,09-06-2026 14:26,Completed
Xyz8396912,Atlas,DC,09-06-2026 10:03,09-06-2026 10:04,Completed
Xyz8396948,Atlas,DC,09-06-2026 10:04,-NA-,Expired
Xyz8396965,Atlas,DC,09-06-2026 10:03,09-06-2026 10:06,Completed
Xyz8396998,Atlas,DC,09-06-2026 10:02,09-06-2026 10:03,Completed
Xyz8397130,Atlas,DC,09-06-2026 10:01,09-06-2026 10:02,Completed
Xyz8397183,Atlas,DC,09-06-2026 10:03,09-06-2026 14:00,Completed
Xyz8397254,Atlas,DC,09-06-2026 10:02,09-06-2026 12:17,Completed
Xyz8397261,Atlas,DC,09-06-2026 10:02,09-06-2026 10:06,Completed
Xyz8397291,Atlas,DC,09-06-2026 21:02,-NA-,Expired
Xyz8397297,Atlas,DC,09-06-2026 10:02,09-06-2026 10:24,Completed
Xyz8397316,Atlas,DC,09-06-2026 10:02,09-06-2026 14:25,Completed
Xyz8397333,Atlas,DC,09-06-2026 10:02,09-06-2026 10:06,Completed
Xyz8397362,Atlas,DC,09-06-2026 10:03,09-06-2026 10:03,Completed
Xyz8397424,Atlas,DC,09-06-2026 10:03,09-06-2026 10:04,Completed
Xyz8397426,Atlas,DC,09-06-2026 21:05,-NA-,Expired
Xyz8397439,Atlas,DC,09-06-2026 10:03,09-06-2026 10:07,Completed
Xyz8397457,Atlas,DC,09-06-2026 10:00,-NA-,Expired
Xyz8397537,Atlas,DC,09-06-2026 10:02,09-06-2026 10:03,Completed
Xyz8397619,Atlas,DC,09-06-2026 21:02,-NA-,Expired
Xyz8397624,Atlas,DC,09-06-2026 21:02,-NA-,Expired
Xyz8397638,Atlas,DC,09-06-2026 10:02,09-06-2026 10:02,Completed
Xyz8397650,Atlas,DC,09-06-2026 10:03,09-06-2026 10:04,Completed
Xyz8397782,Atlas,DC,09-06-2026 10:03,09-06-2026 10:04,Completed
Xyz8397797,Atlas,DC,09-06-2026 10:00,09-06-2026 10:04,Completed
Xyz8397805,Atlas,DC,09-06-2026 10:03,09-06-2026 10:04,Completed
Xyz8397812,Atlas,DC,09-06-2026 10:03,09-06-2026 10:03,Completed
Xyz8397821,Atlas,DC,09-06-2026 10:02,09-06-2026 10:16,Completed
Xyz8397826,Atlas,DC,09-06-2026 10:03,09-06-2026 10:12,Completed
Xyz8397887,Atlas,DC,09-06-2026 10:03,09-06-2026 10:04,Completed
Xyz8397920,Atlas,DC,09-06-2026 10:00,09-06-2026 11:41,Completed
Xyz8398025,Atlas,DC,09-06-2026 10:02,09-06-2026 10:40,Completed
Xyz8398049,Atlas,DC,09-06-2026 10:04,09-06-2026 12:17,Completed
Xyz8398153,Atlas,DC,09-06-2026 21:01,-NA-,Expired
Xyz8398207,Atlas,DC,09-06-2026 10:01,09-06-2026 10:02,Completed
Xyz8398293,Atlas,DC,09-06-2026 21:03,-NA-,Expired
Xyz8398340,Atlas,DC,09-06-2026 10:02,09-06-2026 10:03,Completed
Xyz8398365,Atlas,DC,09-06-2026 10:01,09-06-2026 12:42,Completed
Xyz8398495,Atlas,DC,09-06-2026 10:00,09-06-2026 10:01,Completed
Xyz8398594,Atlas,DC,09-06-2026 10:02,09-06-2026 10:03,Completed
Xyz8398671,Atlas,DC,09-06-2026 10:03,09-06-2026 10:03,Completed
Xyz8398700,Atlas,DC,09-06-2026 21:02,-NA-,Expired
Xyz8398874,Atlas,DC,09-06-2026 10:01,09-06-2026 10:02,Completed
Xyz8398880,Atlas,DC,09-06-2026 10:03,09-06-2026 10:03,Completed
Xyz8398904,Atlas,DC,09-06-2026 10:02,09-06-2026 10:07,Completed
Xyz8399017,Atlas,DC,09-06-2026 10:02,09-06-2026 10:03,Completed
Xyz8399045,Atlas,DC,09-06-2026 10:02,09-06-2026 10:03,Completed
Xyz8399079,Atlas,DC,09-06-2026 10:03,09-06-2026 10:09,Completed
Xyz8399219,Atlas,DC,09-06-2026 10:03,09-06-2026 10:03,Completed
Xyz8399221,Atlas,DC,09-06-2026 10:00,09-06-2026 10:01,Completed
Xyz8399223,Atlas,DC,09-06-2026 10:02,09-06-2026 10:03,Completed
Xyz8399279,Atlas,DC,09-06-2026 10:02,09-06-2026 10:06,Completed
Xyz8399283,Atlas,DC,09-06-2026 10:03,09-06-2026 10:04,Completed
Xyz8399302,Atlas,DC,09-06-2026 10:02,09-06-2026 10:06,Completed
Xyz8399410,Atlas,DC,09-06-2026 21:01,-NA-,Expired
Xyz8399456,Atlas,DC,09-06-2026 10:03,09-06-2026 10:04,Completed
Xyz8399475,Atlas,DC,09-06-2026 10:03,09-06-2026 10:04,Completed
Xyz8399566,Atlas,DC,09-06-2026 10:03,09-06-2026 10:03,Completed
Xyz8399587,Atlas,DC,09-06-2026 21:01,-NA-,Expired
Xyz8399627,Atlas,DC,09-06-2026 10:02,09-06-2026 10:02,Completed
Xyz8399679,Atlas,DC,09-06-2026 10:00,09-06-2026 10:37,Completed
Xyz8399694,Atlas,DC,09-06-2026 10:03,09-06-2026 10:03,Completed
Xyz8399763,Atlas,DC,09-06-2026 10:02,09-06-2026 10:03,Completed
Xyz8399798,Atlas,DC,09-06-2026 10:03,09-06-2026 10:04,Completed
Xyz8399814,Atlas,DC,09-06-2026 10:02,09-06-2026 10:02,Completed
Xyz8399818,Atlas,DC,09-06-2026 10:02,09-06-2026 10:03,Completed
Xyz8399860,Atlas,DC,09-06-2026 10:01,09-06-2026 10:01,Completed
Xyz8399890,Atlas,DC,09-06-2026 10:00,09-06-2026 10:01,Completed
Xyz8400031,Atlas,DC,09-06-2026 10:01,09-06-2026 10:08,Completed
Xyz8400043,Atlas,DC,09-06-2026 10:03,09-06-2026 10:04,Completed
Xyz8400053,Atlas,DC,09-06-2026 21:00,-NA-,Expired
Xyz8400074,Atlas,DC,09-06-2026 10:03,09-06-2026 10:03,Completed
Xyz8400104,Atlas,DC,09-06-2026 10:03,09-06-2026 10:03,Completed
Xyz8400162,Atlas,DC,09-06-2026 10:01,09-06-2026 10:02,Completed
Xyz8400168,Atlas,DC,09-06-2026 10:00,09-06-2026 10:09,Completed
Xyz8400170,Atlas,DC,09-06-2026 10:03,09-06-2026 10:04,Completed
Xyz8400171,Atlas,DC,09-06-2026 10:03,09-06-2026 11:33,Completed
Xyz8400188,Atlas,DC,09-06-2026 10:03,09-06-2026 10:06,Completed
Xyz8400314,Atlas,DC,09-06-2026 10:01,09-06-2026 10:02,Completed
Xyz8400327,Atlas,DC,09-06-2026 10:04,09-06-2026 10:11,Completed
Xyz8400334,Atlas,DC,09-06-2026 10:02,09-06-2026 10:03,Completed
Xyz8400359,Atlas,DC,09-06-2026 21:01,-NA-,Expired
Xyz8400427,Atlas,DC,09-06-2026 10:02,09-06-2026 10:02,Completed
Xyz8400501,Atlas,DC,09-06-2026 10:03,09-06-2026 10:04,Completed
Xyz8400525,Atlas,DC,09-06-2026 10:01,09-06-2026 10:02,Completed
Xyz8400568,Atlas,DC,09-06-2026 10:02,09-06-2026 10:05,Completed
Xyz8400577,Atlas,DC,09-06-2026 10:02,09-06-2026 10:03,Completed
Xyz8400593,Atlas,DC,09-06-2026 10:03,09-06-2026 10:03,Completed
Xyz8400618,Atlas,DC,09-06-2026 10:02,09-06-2026 10:03,Completed
Xyz8400683,Atlas,DC,09-06-2026 10:03,09-06-2026 10:05,Completed
Xyz8400690,Atlas,DC,09-06-2026 10:02,09-06-2026 10:04,Completed
Xyz8400699,Atlas,DC,09-06-2026 21:01,-NA-,Expired
Xyz8400704,Atlas,DC,09-06-2026 21:00,-NA-,Expired
Xyz8400716,Atlas,DC,09-06-2026 10:00,09-06-2026 10:39,Completed
Xyz8400731,Atlas,DC,09-06-2026 10:00,-NA-,Expired
Xyz8400767,Atlas,DC,09-06-2026 10:03,09-06-2026 10:04,Completed
Xyz8400796,Atlas,DC,09-06-2026 10:04,09-06-2026 10:10,Completed
Xyz8400857,Atlas,DC,09-06-2026 10:00,09-06-2026 10:02,Completed
Xyz8400860,Atlas,DC,09-06-2026 10:03,09-06-2026 10:10,Completed
Xyz8400868,Atlas,DC,09-06-2026 10:03,09-06-2026 10:04,Completed
Xyz8400895,Atlas,DC,09-06-2026 10:03,-NA-,Expired
Xyz8400948,Atlas,DC,09-06-2026 10:02,09-06-2026 10:03,Completed
Xyz8401053,Atlas,DC,09-06-2026 10:02,09-06-2026 10:03,Completed
Xyz8401070,Atlas,DC,09-06-2026 10:03,09-06-2026 10:03,Completed
Xyz8401155,Atlas,DC,09-06-2026 10:02,09-06-2026 10:03,Completed
Xyz8401230,Atlas,DC,09-06-2026 20:59,-NA-,Expired
Xyz8401238,Atlas,DC,09-06-2026 10:02,09-06-2026 11:58,Completed
Xyz8401255,Atlas,DC,09-06-2026 10:02,09-06-2026 10:19,Completed
Xyz8401272,Atlas,DC,09-06-2026 10:03,09-06-2026 10:03,Completed
Xyz8401391,Atlas,DC,09-06-2026 10:03,09-06-2026 10:03,Completed
Xyz8401434,Atlas,DC,09-06-2026 10:03,09-06-2026 10:03,Completed
Xyz8401442,Atlas,DC,09-06-2026 10:02,09-06-2026 10:02,Completed
Xyz8401549,Atlas,DC,09-06-2026 10:02,09-06-2026 10:02,Completed
Xyz8401553,Atlas,DC,09-06-2026 10:03,09-06-2026 10:03,Completed
Xyz8401656,Atlas,DC,09-06-2026 10:03,09-06-2026 10:05,Completed
Xyz8401778,Atlas,DC,09-06-2026 10:01,09-06-2026 10:01,Completed
Xyz8401831,Atlas,DC,09-06-2026 10:00,09-06-2026 10:02,Completed
Xyz8401903,Atlas,DC,09-06-2026 10:03,09-06-2026 10:03,Completed
Xyz8401911,Atlas,DC,09-06-2026 10:00,09-06-2026 10:01,Completed
Xyz8401933,Atlas,DC,09-06-2026 10:00,09-06-2026 10:12,Completed
Xyz8401989,Atlas,DC,09-06-2026 10:03,09-06-2026 10:04,Completed
Xyz8402069,Atlas,DC,09-06-2026 21:07,-NA-,Expired
Xyz8402232,Atlas,DC,09-06-2026 21:01,-NA-,Expired
Xyz8402233,Atlas,DC,09-06-2026 21:04,-NA-,Expired
Xyz8402288,Atlas,DC,09-06-2026 10:03,09-06-2026 10:08,Completed
Xyz8402351,Atlas,DC,09-06-2026 10:02,09-06-2026 10:03,Completed
Xyz8402409,Atlas,DC,09-06-2026 10:02,09-06-2026 10:02,Completed
Xyz8402432,Atlas,DC,09-06-2026 10:00,09-06-2026 10:06,Completed
Xyz8402461,Atlas,DC,09-06-2026 10:02,09-06-2026 10:03,Completed
Xyz8402468,Atlas,DC,09-06-2026 10:03,09-06-2026 10:04,Completed
Xyz8402505,Atlas,DC,09-06-2026 20:59,-NA-,Expired
Xyz8402513,Atlas,DC,09-06-2026 10:03,09-06-2026 10:05,Completed
Xyz8402536,Atlas,DC,09-06-2026 10:00,09-06-2026 10:01,Completed
Xyz8402547,Atlas,DC,09-06-2026 10:03,09-06-2026 10:03,Completed
Xyz8402559,Atlas,DC,09-06-2026 21:01,-NA-,Expired
Xyz8402601,Atlas,DC,09-06-2026 10:01,09-06-2026 10:02,Completed
Xyz8402614,Atlas,DC,09-06-2026 10:02,09-06-2026 10:04,Completed
Xyz8402633,Atlas,DC,09-06-2026 10:00,09-06-2026 10:36,Completed
Xyz8402662,Atlas,DC,09-06-2026 10:03,09-06-2026 10:04,Completed
Xyz8402749,Atlas,DC,09-06-2026 21:01,-NA-,Expired
Xyz8402829,Atlas,DC,09-06-2026 10:03,09-06-2026 10:03,Completed
Xyz8402838,Atlas,DC,09-06-2026 10:02,09-06-2026 11:02,Completed
Xyz8402860,Atlas,DC,09-06-2026 10:01,09-06-2026 10:01,Completed
Xyz8402958,Atlas,DC,09-06-2026 10:00,09-06-2026 10:01,Completed
Xyz8402966,Atlas,DC,09-06-2026 10:00,-NA-,Expired
Xyz8402970,Atlas,DC,09-06-2026 21:03,-NA-,Expired
Xyz8403048,Atlas,DC,09-06-2026 20:59,-NA-,Expired
Xyz8403123,Atlas,DC,09-06-2026 10:02,09-06-2026 10:03,Completed
Xyz8403131,Atlas,DC,09-06-2026 21:03,-NA-,Expired
Xyz8403145,Atlas,DC,09-06-2026 21:03,-NA-,Expired
Xyz8403155,Atlas,DC,09-06-2026 10:03,09-06-2026 10:03,Completed
Xyz8403157,Atlas,DC,09-06-2026 10:03,09-06-2026 10:03,Completed
Xyz8403288,Atlas,DC,09-06-2026 10:03,-NA-,Expired
Xyz8403323,Atlas,DC,09-06-2026 21:01,-NA-,Expired
Xyz8403330,Atlas,DC,09-06-2026 10:01,-NA-,Expired
Xyz8403345,Atlas,DC,09-06-2026 21:06,-NA-,Expired
Xyz8403349,Atlas,DC,09-06-2026 10:01,09-06-2026 10:08,Completed
Xyz8403458,Atlas,DC,09-06-2026 21:04,-NA-,Expired
Xyz8403469,Atlas,DC,09-06-2026 10:02,09-06-2026 10:03,Completed
Xyz8403502,Atlas,DC,09-06-2026 21:04,-NA-,Expired
Xyz8403507,Atlas,DC,09-06-2026 21:06,-NA-,Expired
Xyz8403578,Atlas,DC,09-06-2026 21:01,-NA-,Expired
Xyz8403580,Atlas,DC,09-06-2026 10:02,09-06-2026 10:02,Completed
Xyz8403593,Atlas,DC,09-06-2026 10:02,09-06-2026 10:17,Completed
Xyz8403597,Atlas,DC,09-06-2026 10:01,09-06-2026 10:01,Completed
Xyz8403600,Atlas,DC,09-06-2026 10:03,09-06-2026 10:04,Completed
Xyz8403607,Atlas,DC,09-06-2026 10:02,09-06-2026 10:02,Completed
Xyz8403620,Atlas,DC,09-06-2026 21:03,-NA-,Expired
Xyz8403623,Atlas,DC,09-06-2026 21:01,-NA-,Expired
Xyz8403626,Atlas,DC,09-06-2026 21:04,-NA-,Expired
Xyz8403694,Atlas,DC,09-06-2026 10:03,09-06-2026 11:00,Completed
Xyz8403723,Atlas,DC,09-06-2026 21:01,-NA-,Expired
Xyz8403834,Atlas,DC,09-06-2026 10:02,09-06-2026 10:03,Completed
Xyz8403902,Atlas,DC,09-06-2026 10:02,09-06-2026 10:02,Completed
Xyz8404027,Atlas,DC,09-06-2026 10:03,09-06-2026 10:04,Completed
Xyz8404126,Atlas,DC,09-06-2026 10:03,09-06-2026 10:05,Completed
Xyz8404211,Atlas,DC,09-06-2026 10:00,-NA-,Expired
Xyz8404279,Atlas,DC,09-06-2026 21:03,-NA-,Expired
Xyz8404316,Atlas,DC,09-06-2026 10:03,09-06-2026 10:09,Completed
Xyz8404345,Atlas,DC,09-06-2026 21:04,-NA-,Expired
Xyz8404511,Atlas,DC,09-06-2026 10:00,09-06-2026 10:01,Completed
Xyz8404512,Atlas,DC,09-06-2026 10:01,09-06-2026 10:02,Completed
Xyz8404545,Atlas,DC,09-06-2026 21:03,-NA-,Expired
Xyz8404663,Atlas,DC,09-06-2026 10:00,09-06-2026 10:03,Completed
Xyz8404670,Atlas,DC,09-06-2026 10:03,09-06-2026 10:04,Completed
Xyz8404818,Atlas,DC,09-06-2026 10:02,09-06-2026 10:03,Completed
Xyz8404822,Atlas,DC,09-06-2026 21:01,-NA-,Expired
Xyz8404843,Atlas,DC,09-06-2026 10:01,09-06-2026 10:02,Completed
Xyz8404892,Atlas,DC,09-06-2026 10:02,09-06-2026 10:03,Completed
Xyz8404953,Atlas,DC,09-06-2026 10:03,09-06-2026 11:56,Completed
Xyz8404978,Atlas,DC,09-06-2026 10:02,09-06-2026 10:03,Completed
Xyz8404985,Atlas,DC,09-06-2026 10:03,09-06-2026 10:04,Completed
Xyz8405034,Atlas,DC,09-06-2026 21:03,-NA-,Expired
Xyz8405085,Atlas,DC,09-06-2026 10:03,09-06-2026 10:31,Completed
Xyz8405111,Atlas,DC,09-06-2026 10:01,09-06-2026 10:02,Completed
Xyz8405125,Atlas,DC,09-06-2026 10:03,09-06-2026 10:05,Completed
Xyz8405152,Atlas,DC,09-06-2026 21:07,-NA-,Expired
Xyz8405221,Atlas,DC,09-06-2026 10:02,09-06-2026 10:03,Completed
Xyz8405247,Atlas,DC,09-06-2026 10:03,09-06-2026 10:06,Completed
Xyz8405328,Atlas,DC,09-06-2026 10:03,09-06-2026 11:16,Completed
Xyz8405460,Atlas,DC,09-06-2026 10:02,09-06-2026 11:31,Completed
Xyz8405477,Atlas,DC,09-06-2026 10:03,09-06-2026 10:06,Completed
Xyz8405496,Atlas,DC,09-06-2026 10:00,09-06-2026 10:13,Completed
Xyz8405554,Atlas,DC,09-06-2026 10:02,09-06-2026 10:03,Completed
Xyz8405580,Atlas,DC,09-06-2026 10:01,09-06-2026 10:02,Completed
Xyz8405598,Atlas,DC,09-06-2026 10:03,09-06-2026 10:04,Completed
Xyz8405711,Atlas,DC,09-06-2026 10:02,09-06-2026 10:07,Completed
Xyz8405785,Atlas,DC,09-06-2026 10:03,09-06-2026 10:14,Completed
Xyz8405980,Atlas,DC,09-06-2026 10:02,09-06-2026 10:02,Completed
Xyz8405984,Atlas,DC,09-06-2026 10:03,-NA-,Expired
Xyz8406151,Atlas,DC,09-06-2026 20:59,-NA-,Expired
Xyz8406195,Atlas,DC,09-06-2026 10:01,09-06-2026 11:35,Completed
Xyz8406231,Atlas,DC,09-06-2026 10:02,09-06-2026 10:17,Completed
Xyz8406542,Atlas,DC,09-06-2026 10:01,09-06-2026 10:16,Completed
Xyz8406583,Atlas,DC,09-06-2026 10:03,09-06-2026 10:15,Completed
Xyz8406604,Atlas,DC,09-06-2026 10:03,-NA-,Expired
Xyz8406608,Atlas,DC,09-06-2026 10:01,09-06-2026 10:01,Completed
Xyz8406734,Atlas,DC,09-06-2026 10:01,09-06-2026 10:01,Completed
Xyz8406890,Atlas,DC,09-06-2026 10:03,09-06-2026 12:32,Completed
Xyz8406919,Atlas,DC,09-06-2026 10:02,09-06-2026 10:03,Completed
Xyz8406964,Atlas,DC,09-06-2026 21:03,-NA-,Expired
Xyz8406987,Atlas,DC,09-06-2026 10:03,09-06-2026 10:09,Completed
Xyz8407018,Atlas,DC,09-06-2026 10:03,09-06-2026 10:06,Completed
Xyz8407060,Atlas,DC,09-06-2026 20:59,-NA-,Expired
Xyz8407100,Atlas,DC,09-06-2026 10:02,09-06-2026 10:03,Completed
Xyz8407243,Atlas,DC,09-06-2026 10:01,09-06-2026 10:02,Completed
Xyz8407245,Atlas,DC,09-06-2026 10:02,09-06-2026 10:02,Completed
Xyz8407326,Atlas,DC,09-06-2026 21:01,-NA-,Expired
Xyz8407351,Atlas,DC,09-06-2026 10:03,09-06-2026 10:18,Completed
Xyz8407363,Atlas,DC,09-06-2026 10:03,09-06-2026 10:04,Completed
Xyz8407454,Atlas,DC,09-06-2026 10:01,09-06-2026 10:02,Completed
Xyz8407479,Atlas,DC,09-06-2026 10:00,09-06-2026 10:01,Completed
Xyz8407480,Atlas,DC,09-06-2026 10:01,09-06-2026 10:02,Completed
Xyz8407498,Atlas,DC,09-06-2026 20:59,-NA-,Expired
Xyz8407507,Atlas,DC,09-06-2026 10:02,09-06-2026 10:02,Completed
Xyz8407570,Atlas,DC,09-06-2026 10:02,09-06-2026 10:02,Completed
Xyz8407574,Atlas,DC,09-06-2026 10:03,09-06-2026 11:46,Completed
Xyz8407681,Atlas,DC,09-06-2026 21:05,-NA-,Expired
Xyz8407806,Atlas,DC,09-06-2026 10:03,09-06-2026 10:04,Completed
Xyz8407812,Atlas,DC,09-06-2026 10:03,09-06-2026 10:03,Completed
Xyz8407906,Atlas,DC,09-06-2026 10:03,09-06-2026 10:03,Completed
Xyz8407962,Atlas,DC,09-06-2026 10:01,09-06-2026 10:02,Completed
Xyz8408093,Atlas,DC,09-06-2026 10:00,09-06-2026 10:07,Completed
Xyz8408197,Atlas,DC,09-06-2026 10:02,09-06-2026 10:25,Completed
Xyz8408199,Atlas,DC,09-06-2026 10:02,-NA-,Expired
Xyz8408288,Atlas,DC,09-06-2026 10:03,09-06-2026 10:04,Completed
Xyz8408315,Atlas,DC,09-06-2026 10:02,09-06-2026 10:02,Completed
Xyz8408377,Atlas,DC,09-06-2026 10:02,09-06-2026 10:03,Completed
Xyz8408384,Atlas,DC,09-06-2026 21:00,-NA-,Expired
Xyz8408406,Atlas,DC,09-06-2026 10:00,09-06-2026 10:01,Completed
Xyz8408484,Atlas,DC,09-06-2026 10:03,-NA-,Expired
Xyz8408503,Atlas,DC,09-06-2026 10:04,09-06-2026 10:05,Completed
Xyz8408570,Atlas,DC,09-06-2026 10:00,09-06-2026 10:01,Completed
Xyz8408583,Atlas,DC,09-06-2026 10:02,09-06-2026 10:03,Completed
Xyz8408625,Atlas,DC,09-06-2026 10:03,09-06-2026 10:03,Completed
Xyz8408692,Atlas,DC,09-06-2026 10:03,09-06-2026 13:36,Completed
Xyz8408704,Atlas,DC,09-06-2026 21:05,-NA-,Expired
Xyz8408804,Atlas,DC,09-06-2026 10:02,09-06-2026 10:03,Completed
Xyz8408840,Atlas,DC,09-06-2026 21:00,-NA-,Expired
Xyz8408900,Atlas,DC,09-06-2026 10:03,09-06-2026 10:04,Completed
Xyz8408985,Atlas,DC,09-06-2026 10:03,09-06-2026 11:08,Completed
Xyz8408990,Atlas,DC,09-06-2026 21:00,-NA-,Expired
Xyz8409101,Atlas,DC,09-06-2026 10:03,09-06-2026 16:04,Completed
Xyz8409102,Atlas,DC,09-06-2026 10:01,09-06-2026 15:59,Completed
Xyz8409157,Atlas,DC,09-06-2026 10:01,09-06-2026 10:02,Completed
Xyz8409223,Atlas,DC,09-06-2026 10:01,09-06-2026 10:01,Completed
Xyz8409242,Atlas,DC,09-06-2026 10:03,09-06-2026 10:04,Completed
Xyz8409252,Atlas,DC,09-06-2026 10:03,09-06-2026 10:03,Completed
Xyz8409280,Atlas,DC,09-06-2026 21:00,-NA-,Expired
Xyz8409334,Atlas,DC,09-06-2026 10:01,09-06-2026 10:02,Completed
Xyz8409464,Atlas,DC,09-06-2026 10:01,09-06-2026 11:39,Completed
Xyz8409489,Atlas,DC,09-06-2026 10:01,09-06-2026 10:03,Completed
Xyz8409514,Atlas,DC,09-06-2026 10:04,09-06-2026 10:04,Completed
Xyz8409540,Atlas,DC,09-06-2026 10:04,09-06-2026 10:05,Completed
Xyz8409723,Atlas,DC,09-06-2026 20:59,-NA-,Expired
Xyz8409741,Atlas,DC,09-06-2026 21:01,-NA-,Expired
Xyz8409764,Atlas,DC,09-06-2026 10:03,09-06-2026 10:03,Completed
Xyz8409821,Atlas,DC,09-06-2026 10:02,09-06-2026 10:03,Completed
Xyz8409829,Atlas,DC,09-06-2026 10:03,09-06-2026 10:04,Completed
Xyz8409859,Atlas,DC,09-06-2026 10:01,09-06-2026 10:02,Completed
Xyz8409917,Atlas,DC,09-06-2026 10:02,09-06-2026 10:06,Completed
Xyz8409990,Atlas,DC,09-06-2026 10:04,09-06-2026 10:09,Completed
Xyz8410124,Atlas,DC,09-06-2026 10:03,09-06-2026 10:04,Completed
Xyz8410198,Atlas,DC,09-06-2026 10:01,09-06-2026 10:01,Completed
Xyz8410260,Atlas,DC,09-06-2026 10:03,09-06-2026 10:04,Completed
Xyz8410261,Atlas,DC,09-06-2026 10:01,09-06-2026 12:01,Completed
Xyz8410285,Atlas,DC,09-06-2026 10:01,09-06-2026 10:02,Completed
Xyz8410348,Atlas,DC,09-06-2026 10:02,09-06-2026 11:08,Completed
Xyz8410349,Atlas,DC,09-06-2026 10:04,09-06-2026 11:12,Completed
Xyz8410423,Atlas,DC,09-06-2026 10:03,09-06-2026 10:03,Completed
Xyz8410506,Atlas,DC,09-06-2026 10:03,09-06-2026 10:04,Completed
Xyz8410546,Atlas,DC,09-06-2026 10:02,09-06-2026 10:02,Completed
Xyz8410564,Atlas,DC,09-06-2026 21:02,-NA-,Expired
Xyz8410664,Atlas,DC,09-06-2026 10:02,09-06-2026 10:03,Completed
Xyz8410678,Atlas,DC,09-06-2026 21:00,-NA-,Expired
Xyz8410696,Atlas,DC,09-06-2026 10:00,09-06-2026 11:07,Completed
Xyz8410697,Atlas,DC,09-06-2026 10:03,09-06-2026 11:07,Completed
Xyz8410717,Atlas,DC,09-06-2026 10:02,09-06-2026 10:02,Completed
Xyz8410718,Atlas,DC,09-06-2026 10:02,09-06-2026 10:05,Completed
Xyz8410802,Atlas,DC,09-06-2026 10:03,09-06-2026 10:07,Completed
Xyz8410846,Atlas,DC,09-06-2026 10:01,09-06-2026 10:02,Completed
Xyz8410890,Atlas,DC,09-06-2026 10:01,09-06-2026 10:14,Completed
Xyz8410912,Atlas,DC,09-06-2026 10:01,09-06-2026 12:04,Completed
Xyz8410975,Atlas,DC,09-06-2026 21:02,-NA-,Expired
Xyz8410985,Atlas,DC,09-06-2026 21:05,-NA-,Expired
Xyz8411005,Atlas,DC,09-06-2026 21:00,-NA-,Expired
Xyz8411006,Atlas,DC,09-06-2026 10:03,09-06-2026 10:11,Completed
Xyz8411055,Atlas,DC,09-06-2026 10:00,09-06-2026 10:02,Completed
Xyz8411060,Atlas,DC,09-06-2026 10:02,09-06-2026 10:03,Completed
Xyz8411067,Atlas,DC,09-06-2026 10:03,09-06-2026 10:03,Completed
Xyz8411137,Atlas,DC,09-06-2026 10:01,09-06-2026 10:01,Completed
Xyz8411142,Atlas,DC,09-06-2026 10:03,09-06-2026 10:03,Completed
Xyz8411249,Atlas,DC,09-06-2026 10:00,09-06-2026 10:01,Completed
Xyz8411460,Atlas,DC,09-06-2026 10:03,09-06-2026 10:04,Completed
Xyz8411490,Atlas,DC,09-06-2026 21:00,-NA-,Expired
Xyz8411613,Atlas,DC,09-06-2026 10:03,09-06-2026 10:03,Completed
Xyz8411630,Atlas,DC,09-06-2026 21:00,-NA-,Expired
Xyz8411661,Atlas,DC,09-06-2026 10:02,-NA-,Expired
Xyz8411662,Atlas,DC,09-06-2026 10:03,09-06-2026 11:48,Completed
Xyz8411771,Atlas,DC,09-06-2026 10:02,09-06-2026 10:03,Completed
Xyz8411821,Atlas,DC,09-06-2026 21:01,-NA-,Expired
Xyz8411849,Atlas,DC,09-06-2026 10:02,09-06-2026 10:47,Completed
Xyz8411868,Atlas,DC,09-06-2026 21:01,-NA-,Expired
Xyz8411882,Atlas,DC,09-06-2026 10:01,09-06-2026 12:34,Completed
Xyz8411889,Atlas,DC,09-06-2026 10:02,09-06-2026 11:07,Completed
Xyz8411968,Atlas,DC,09-06-2026 10:01,09-06-2026 10:02,Completed
Xyz8411994,Atlas,DC,09-06-2026 10:04,09-06-2026 10:16,Completed
Xyz8411998,Atlas,DC,09-06-2026 10:03,-NA-,Expired
Xyz8412028,Atlas,DC,09-06-2026 21:01,-NA-,Expired
Xyz8412047,Atlas,DC,09-06-2026 10:01,09-06-2026 10:02,Completed
Xyz8412053,Atlas,DC,09-06-2026 21:04,-NA-,Expired
Xyz8412088,Atlas,DC,09-06-2026 10:00,09-06-2026 10:01,Completed
Xyz8412096,Atlas,DC,09-06-2026 10:02,09-06-2026 10:03,Completed
Xyz8412109,Atlas,DC,09-06-2026 10:03,09-06-2026 10:04,Completed
Xyz8412174,Atlas,DC,09-06-2026 10:00,09-06-2026 10:01,Completed
Xyz8412343,Atlas,DC,09-06-2026 10:01,09-06-2026 10:02,Completed
Xyz8412346,Atlas,DC,09-06-2026 10:01,09-06-2026 10:02,Completed
Xyz8412387,Atlas,DC,09-06-2026 10:01,09-06-2026 10:01,Completed
Xyz8412437,Atlas,DC,09-06-2026 10:00,09-06-2026 10:12,Completed
Xyz8412501,Atlas,DC,09-06-2026 10:03,09-06-2026 10:03,Completed
Xyz8412527,Atlas,DC,09-06-2026 10:01,09-06-2026 10:30,Completed
Xyz8412546,Atlas,DC,09-06-2026 10:02,09-06-2026 10:03,Completed
Xyz8412768,Atlas,DC,09-06-2026 10:01,09-06-2026 14:33,Completed
Xyz8412797,Atlas,DC,09-06-2026 10:02,09-06-2026 10:09,Completed
Xyz8412814,Atlas,DC,09-06-2026 10:01,09-06-2026 12:05,Completed
Xyz8412906,Atlas,DC,09-06-2026 21:02,-NA-,Expired
Xyz8412929,Atlas,DC,09-06-2026 10:01,09-06-2026 10:05,Completed
Xyz8412978,Atlas,DC,09-06-2026 10:02,09-06-2026 10:03,Completed
Xyz8412983,Atlas,DC,09-06-2026 10:03,09-06-2026 10:05,Completed
Xyz8413077,Atlas,DC,09-06-2026 21:02,-NA-,Expired
Xyz8413083,Atlas,DC,09-06-2026 10:03,09-06-2026 10:03,Completed
Xyz8413107,Atlas,DC,09-06-2026 10:02,09-06-2026 10:03,Completed
Xyz8413123,Atlas,DC,09-06-2026 21:02,-NA-,Expired
Xyz8413125,Atlas,DC,09-06-2026 10:03,09-06-2026 16:40,Completed
Xyz8413146,Atlas,DC,09-06-2026 21:03,-NA-,Expired
Xyz8413169,Atlas,DC,09-06-2026 10:04,09-06-2026 10:11,Completed
Xyz8413190,Atlas,DC,09-06-2026 10:04,09-06-2026 10:04,Completed
Xyz8413192,Atlas,DC,09-06-2026 10:04,09-06-2026 10:04,Completed
Xyz8413279,Atlas,DC,09-06-2026 21:01,-NA-,Expired
Xyz8413288,Atlas,DC,09-06-2026 10:02,09-06-2026 10:41,Completed
Xyz8413305,Atlas,DC,09-06-2026 10:00,09-06-2026 10:01,Completed
Xyz8413307,Atlas,DC,09-06-2026 10:03,09-06-2026 10:04,Completed
Xyz8413338,Atlas,DC,09-06-2026 10:01,09-06-2026 12:48,Completed
Xyz8413342,Atlas,DC,09-06-2026 10:03,09-06-2026 10:03,Completed
Xyz8413351,Atlas,DC,09-06-2026 21:01,-NA-,Expired
Xyz8413381,Atlas,DC,09-06-2026 10:00,09-06-2026 10:11,Completed
Xyz8413408,Atlas,DC,09-06-2026 10:01,09-06-2026 10:11,Completed
Xyz8413411,Atlas,DC,09-06-2026 10:03,09-06-2026 11:18,Completed
Xyz8413422,Atlas,DC,09-06-2026 10:01,09-06-2026 10:01,Completed
Xyz8413440,Atlas,DC,09-06-2026 10:01,-NA-,Expired
Xyz8413441,Atlas,DC,09-06-2026 10:04,09-06-2026 10:09,Completed
Xyz8413525,Atlas,DC,09-06-2026 10:00,09-06-2026 10:01,Completed
Xyz8413528,Atlas,DC,09-06-2026 20:59,-NA-,Expired
Xyz8413561,Atlas,DC,09-06-2026 21:03,-NA-,Expired
Xyz8413683,Atlas,DC,09-06-2026 10:02,09-06-2026 10:22,Completed
Xyz8413686,Atlas,DC,09-06-2026 10:01,09-06-2026 12:34,Completed
Xyz8413767,Atlas,DC,09-06-2026 10:03,09-06-2026 10:04,Completed
Xyz8413788,Atlas,DC,09-06-2026 21:03,-NA-,Expired
Xyz8413796,Atlas,DC,09-06-2026 10:02,09-06-2026 10:03,Completed
Xyz8413878,Atlas,DC,09-06-2026 10:01,09-06-2026 10:01,Completed
Xyz8413946,Atlas,DC,09-06-2026 10:03,09-06-2026 10:03,Completed
Xyz8413948,Atlas,DC,09-06-2026 10:01,09-06-2026 10:01,Completed
Xyz8413950,Atlas,DC,09-06-2026 10:02,09-06-2026 10:03,Completed
Xyz8414002,Atlas,DC,09-06-2026 10:03,09-06-2026 10:03,Completed
Xyz8414093,Atlas,DC,09-06-2026 10:02,09-06-2026 10:03,Completed
Xyz8414142,Atlas,DC,09-06-2026 10:03,09-06-2026 10:03,Completed
Xyz8414163,Atlas,DC,09-06-2026 10:03,09-06-2026 10:03,Completed
Xyz8414271,Atlas,DC,09-06-2026 10:00,09-06-2026 10:01,Completed
Xyz8414325,Atlas,DC,09-06-2026 10:00,09-06-2026 10:01,Completed
Xyz8414370,Atlas,DC,09-06-2026 10:03,09-06-2026 10:07,Completed
Xyz8414402,Atlas,DC,09-06-2026 10:02,09-06-2026 11:38,Completed
Xyz8414412,Atlas,DC,09-06-2026 10:03,09-06-2026 10:05,Completed
Xyz8414424,Atlas,DC,09-06-2026 10:02,09-06-2026 10:04,Completed
Xyz8414523,Atlas,DC,09-06-2026 21:00,-NA-,Expired
Xyz8414561,Atlas,DC,09-06-2026 10:04,09-06-2026 10:04,Completed
Xyz8414662,Atlas,DC,09-06-2026 10:01,09-06-2026 10:08,Completed
Xyz8414684,Atlas,DC,09-06-2026 10:03,09-06-2026 10:04,Completed
Xyz8414721,Atlas,DC,09-06-2026 10:01,09-06-2026 10:02,Completed
Xyz8414736,Atlas,DC,09-06-2026 10:03,09-06-2026 10:03,Completed
Xyz8414748,Atlas,DC,09-06-2026 10:03,09-06-2026 10:03,Completed
Xyz8414756,Atlas,DC,09-06-2026 10:03,09-06-2026 10:03,Completed
Xyz8414793,Atlas,DC,09-06-2026 10:03,09-06-2026 10:03,Completed
Xyz8414819,Atlas,DC,09-06-2026 10:01,09-06-2026 10:06,Completed
Xyz8414843,Atlas,DC,09-06-2026 10:01,09-06-2026 10:01,Completed
Xyz8414980,Atlas,DC,09-06-2026 21:02,-NA-,Expired
Xyz8414981,Atlas,DC,09-06-2026 10:00,09-06-2026 10:01,Completed
Xyz8415005,Atlas,DC,09-06-2026 21:00,-NA-,Expired
Xyz8415010,Atlas,DC,09-06-2026 10:01,09-06-2026 10:36,Completed
Xyz8415119,Atlas,DC,09-06-2026 21:00,-NA-,Expired
Xyz8415121,Atlas,DC,09-06-2026 10:00,09-06-2026 10:01,Completed
Xyz8415177,Atlas,DC,09-06-2026 10:02,09-06-2026 10:03,Completed
Xyz8415199,Atlas,DC,09-06-2026 10:03,09-06-2026 13:31,Completed
Xyz8415210,Atlas,DC,09-06-2026 10:03,09-06-2026 10:03,Completed
Xyz8415258,Atlas,DC,09-06-2026 10:04,09-06-2026 14:55,Completed
Xyz8415358,Atlas,DC,09-06-2026 10:02,09-06-2026 10:36,Completed
Xyz8415404,Atlas,DC,09-06-2026 10:02,09-06-2026 10:31,Completed
Xyz8415410,Atlas,DC,09-06-2026 10:03,09-06-2026 10:33,Completed
Xyz8415438,Atlas,DC,09-06-2026 10:03,09-06-2026 10:03,Completed
Xyz8415660,Atlas,DC,09-06-2026 10:01,09-06-2026 10:02,Completed
Xyz8415668,Atlas,DC,09-06-2026 10:03,09-06-2026 10:04,Completed
Xyz8415713,Atlas,DC,09-06-2026 10:03,09-06-2026 15:46,Completed
Xyz8415812,Atlas,DC,09-06-2026 10:02,09-06-2026 10:02,Completed
Xyz8415821,Atlas,DC,09-06-2026 10:02,09-06-2026 10:35,Completed
Xyz8415836,Atlas,DC,09-06-2026 10:04,09-06-2026 14:57,Completed
Xyz8415861,Atlas,DC,09-06-2026 10:00,09-06-2026 10:59,Completed
Xyz8415922,Atlas,DC,09-06-2026 10:03,09-06-2026 10:04,Completed
Xyz8415950,Atlas,DC,09-06-2026 10:03,09-06-2026 10:03,Completed
Xyz8415960,Atlas,DC,09-06-2026 10:01,09-06-2026 10:02,Completed
Xyz8416006,Atlas,DC,09-06-2026 21:01,-NA-,Expired
Xyz8416012,Atlas,DC,09-06-2026 10:04,09-06-2026 10:05,Completed
Xyz8416029,Atlas,DC,09-06-2026 10:01,09-06-2026 10:02,Completed
Xyz8416031,Atlas,DC,09-06-2026 10:02,09-06-2026 10:02,Completed
Xyz8416046,Atlas,DC,09-06-2026 21:02,-NA-,Expired
Xyz8416047,Atlas,DC,09-06-2026 21:05,-NA-,Expired
Xyz8416065,Atlas,DC,09-06-2026 10:02,09-06-2026 10:02,Completed
Xyz8416096,Atlas,DC,09-06-2026 10:03,09-06-2026 10:04,Completed
Xyz8416157,Atlas,DC,09-06-2026 10:03,09-06-2026 12:51,Completed
Xyz8416223,Atlas,DC,09-06-2026 21:01,-NA-,Expired
Xyz8416263,Atlas,DC,09-06-2026 10:03,09-06-2026 10:04,Completed
Xyz8416349,Atlas,DC,09-06-2026 10:02,-NA-,Expired
Xyz8416476,Atlas,DC,09-06-2026 10:00,09-06-2026 10:01,Completed
Xyz8416495,Atlas,DC,09-06-2026 10:03,09-06-2026 10:03,Completed
Xyz8416517,Atlas,DC,09-06-2026 10:03,-NA-,Expired
Xyz8416519,Atlas,DC,09-06-2026 10:03,09-06-2026 10:03,Completed
Xyz8416521,Atlas,DC,09-06-2026 10:02,09-06-2026 10:02,Completed
Xyz8416538,Atlas,DC,09-06-2026 10:02,09-06-2026 10:03,Completed
Xyz8416552,Atlas,DC,09-06-2026 10:02,09-06-2026 10:05,Completed
Xyz8416593,Atlas,DC,09-06-2026 10:00,09-06-2026 10:04,Completed
Xyz8416609,Atlas,DC,09-06-2026 10:02,09-06-2026 10:02,Completed
Xyz8416616,Atlas,DC,09-06-2026 10:01,-NA-,Expired
Xyz8416636,Atlas,DC,09-06-2026 10:02,10-06-2026 09:01,Completed
Xyz8416700,Atlas,DC,09-06-2026 20:59,-NA-,Expired
Xyz8416720,Atlas,DC,09-06-2026 10:03,09-06-2026 10:04,Completed
Xyz8416739,Atlas,DC,09-06-2026 21:00,-NA-,Expired
Xyz8416819,Atlas,DC,09-06-2026 21:01,-NA-,Expired
Xyz8416839,Atlas,DC,09-06-2026 10:00,09-06-2026 12:14,Completed
Xyz8417020,Atlas,DC,09-06-2026 10:01,09-06-2026 10:05,Completed
Xyz8417024,Atlas,DC,09-06-2026 10:03,09-06-2026 10:06,Completed
Xyz8417027,Atlas,DC,09-06-2026 10:02,09-06-2026 10:03,Completed
Xyz8417033,Atlas,DC,09-06-2026 10:03,09-06-2026 10:03,Completed
Xyz8417052,Atlas,DC,09-06-2026 10:00,-NA-,Expired
Xyz8417164,Atlas,DC,09-06-2026 21:00,-NA-,Expired
Xyz8417181,Atlas,DC,09-06-2026 10:00,09-06-2026 10:01,Completed
Xyz8417273,Atlas,DC,09-06-2026 10:03,09-06-2026 10:05,Completed
Xyz8417290,Atlas,DC,09-06-2026 10:00,09-06-2026 10:06,Completed
Xyz8417331,Atlas,DC,09-06-2026 10:02,09-06-2026 10:03,Completed
Xyz8417344,Atlas,DC,09-06-2026 10:02,09-06-2026 10:03,Completed
Xyz8417348,Atlas,DC,09-06-2026 10:03,09-06-2026 10:07,Completed
Xyz8417376,Atlas,DC,09-06-2026 10:02,09-06-2026 10:03,Completed
Xyz8417479,Atlas,DC,09-06-2026 10:00,09-06-2026 10:05,Completed
Xyz8417518,Atlas,DC,09-06-2026 10:01,09-06-2026 10:06,Completed
Xyz8417755,Atlas,DC,09-06-2026 10:04,09-06-2026 10:04,Completed
Xyz8454186,Atlas,DC,09-06-2026 21:05,-NA-,Expired
Xyz8454189,Atlas,DC,09-06-2026 21:04,-NA-,Expired
Xyz8454202,Atlas,DC,09-06-2026 10:03,09-06-2026 10:04,Completed
Xyz8454262,Atlas,DC,09-06-2026 21:04,-NA-,Expired
Xyz8454322,Atlas,DC,09-06-2026 21:05,-NA-,Expired
Xyz8454428,Atlas,DC,09-06-2026 21:02,-NA-,Expired
Xyz8454468,Atlas,DC,09-06-2026 21:08,-NA-,Expired
Xyz8454481,Atlas,DC,09-06-2026 21:02,09-06-2026 21:03,Completed
Xyz8454488,Atlas,DC,09-06-2026 21:03,-NA-,Expired
Xyz8454497,Atlas,DC,09-06-2026 21:02,-NA-,Expired
Xyz8454510,Atlas,DC,09-06-2026 20:59,-NA-,Expired
Xyz8454518,Atlas,DC,09-06-2026 21:06,-NA-,Expired
Xyz8454519,Atlas,DC,09-06-2026 21:07,-NA-,Expired
Xyz8454520,Atlas,DC,09-06-2026 21:07,-NA-,Expired
Xyz8454537,Atlas,DC,09-06-2026 21:06,-NA-,Expired
Xyz8454538,Atlas,DC,09-06-2026 21:06,-NA-,Expired
Xyz8454545,Atlas,DC,09-06-2026 21:02,-NA-,Expired
Xyz8454560,Atlas,DC,09-06-2026 10:03,09-06-2026 10:34,Completed
Xyz8454563,Atlas,DC,09-06-2026 10:03,09-06-2026 10:04,Completed
Xyz8454568,Atlas,DC,09-06-2026 21:08,-NA-,Expired
Xyz8454589,Atlas,DC,09-06-2026 21:05,09-06-2026 21:06,Completed
Xyz8454601,Atlas,DC,09-06-2026 20:59,-NA-,Expired
Xyz8454618,Atlas,DC,09-06-2026 21:05,09-06-2026 21:30,Completed
Xyz8454620,Atlas,DC,09-06-2026 21:05,09-06-2026 21:05,Completed
Xyz8454657,Atlas,DC,09-06-2026 10:04,09-06-2026 11:53,Completed
Xyz8454658,Atlas,DC,09-06-2026 10:04,09-06-2026 11:39,Completed
Xyz8454659,Atlas,DC,09-06-2026 10:03,09-06-2026 10:03,Completed
Xyz8454661,Atlas,DC,09-06-2026 10:00,09-06-2026 11:30,Completed
Xyz8454694,Atlas,DC,09-06-2026 10:03,09-06-2026 11:15,Completed
Xyz8454709,Atlas,DC,09-06-2026 10:04,09-06-2026 10:04,Completed
Xyz8454722,Atlas,DC,09-06-2026 10:00,09-06-2026 10:17,Completed
Xyz8454774,Atlas,DC,09-06-2026 10:04,09-06-2026 10:57,Completed
Xyz8454777,Atlas,DC,09-06-2026 10:04,09-06-2026 10:04,Completed
Xyz8454786,Atlas,DC,09-06-2026 10:03,09-06-2026 10:14,Completed
Xyz8454790,Atlas,DC,09-06-2026 10:04,09-06-2026 10:45,Completed
Xyz8454810,Atlas,DC,09-06-2026 10:03,09-06-2026 10:44,Completed
Xyz8454813,Atlas,DC,09-06-2026 21:07,09-06-2026 21:07,Completed
Xyz8454816,Atlas,DC,09-06-2026 21:07,-NA-,Expired
Xyz8454842,Atlas,DC,09-06-2026 10:01,09-06-2026 10:13,Completed
Xyz8454850,Atlas,DC,09-06-2026 21:07,-NA-,Expired
Xyz8454851,Atlas,DC,09-06-2026 21:07,-NA-,Expired
Xyz8454852,Atlas,DC,09-06-2026 21:07,-NA-,Expired
Xyz8454885,Atlas,DC,09-06-2026 21:02,09-06-2026 21:03,Completed
Xyz8454888,Atlas,DC,09-06-2026 21:03,09-06-2026 21:03,Completed
Xyz8454889,Atlas,DC,09-06-2026 21:02,-NA-,Expired
Xyz8454916,Atlas,DC,09-06-2026 21:02,-NA-,Expired
Xyz8454930,Atlas,DC,09-06-2026 21:03,-NA-,Expired
Xyz8454931,Atlas,DC,09-06-2026 21:03,-NA-,Expired
Xyz8454932,Atlas,DC,09-06-2026 21:06,-NA-,Expired
Xyz8454957,Atlas,DC,09-06-2026 20:59,-NA-,Expired
Xyz8454982,Atlas,DC,09-06-2026 10:03,09-06-2026 10:15,Completed
Xyz8454983,Atlas,DC,09-06-2026 10:00,09-06-2026 10:19,Completed
Xyz8454994,Atlas,DC,09-06-2026 20:59,-NA-,Expired
Xyz8454999,Atlas,DC,09-06-2026 21:04,-NA-,Expired
Xyz8455013,Atlas,DC,09-06-2026 21:07,-NA-,Expired
Xyz8455015,Atlas,DC,09-06-2026 21:06,-NA-,Expired
Xyz8455016,Atlas,DC,09-06-2026 21:07,-NA-,Expired
Xyz8455018,Atlas,DC,09-06-2026 20:59,-NA-,Expired
Xyz8455035,Atlas,DC,09-06-2026 21:00,-NA-,Expired
Xyz8455037,Atlas,DC,09-06-2026 21:08,-NA-,Expired
Xyz8455042,Atlas,DC,09-06-2026 20:59,-NA-,Expired
Xyz8455049,Atlas,DC,09-06-2026 21:02,-NA-,Expired
Xyz8455055,Atlas,DC,09-06-2026 21:01,09-06-2026 21:02,Completed
Xyz8455060,Atlas,DC,09-06-2026 21:00,-NA-,Expired
Xyz8455068,Atlas,DC,09-06-2026 21:07,-NA-,Expired
Xyz8455070,Atlas,DC,09-06-2026 21:07,-NA-,Expired
Xyz8455097,Atlas,DC,09-06-2026 21:07,-NA-,Expired
Xyz8455099,Atlas,DC,09-06-2026 21:07,-NA-,Expired
Xyz8455101,Atlas,DC,09-06-2026 10:03,09-06-2026 10:30,Completed
Xyz8455105,Atlas,DC,09-06-2026 10:04,09-06-2026 10:16,Completed
Xyz8455109,Atlas,DC,09-06-2026 20:59,-NA-,Expired
Xyz8455121,Atlas,DC,09-06-2026 21:05,-NA-,Expired
Xyz8455122,Atlas,DC,09-06-2026 21:05,-NA-,Expired
Xyz8455134,Atlas,DC,09-06-2026 10:03,09-06-2026 10:04,Completed
Xyz8455141,Atlas,DC,09-06-2026 21:03,-NA-,Expired
Xyz8455144,Atlas,DC,09-06-2026 21:01,-NA-,Expired
Xyz8455150,Atlas,DC,09-06-2026 21:00,-NA-,Expired
Xyz8455153,Atlas,DC,09-06-2026 21:02,-NA-,Expired
Xyz8455157,Atlas,DC,09-06-2026 21:01,-NA-,Expired
Xyz8455162,Atlas,DC,09-06-2026 21:04,-NA-,Expired
Xyz8455165,Atlas,DC,09-06-2026 21:02,-NA-,Expired
Xyz8455178,Atlas,DC,09-06-2026 20:59,-NA-,Expired
Xyz8455180,Atlas,DC,09-06-2026 21:06,-NA-,Expired
Xyz8455185,Atlas,DC,09-06-2026 20:59,-NA-,Expired
Xyz8455186,Atlas,DC,09-06-2026 21:02,-NA-,Expired
Xyz8455191,Atlas,DC,09-06-2026 20:59,-NA-,Expired
Xyz8455198,Atlas,DC,09-06-2026 21:07,-NA-,Expired
Xyz8455221,Atlas,DC,09-06-2026 21:00,-NA-,Expired
Xyz8455222,Atlas,DC,09-06-2026 20:59,-NA-,Expired
Xyz8455223,Atlas,DC,09-06-2026 20:59,-NA-,Expired
Xyz8455224,Atlas,DC,09-06-2026 21:01,-NA-,Expired
Xyz8455225,Atlas,DC,09-06-2026 20:59,-NA-,Expired
Xyz8455227,Atlas,DC,09-06-2026 21:00,-NA-,Expired
Xyz8455230,Atlas,DC,09-06-2026 21:07,09-06-2026 21:07,Completed
Xyz8455278,Atlas,DC,09-06-2026 10:01,09-06-2026 10:04,Completed
Xyz8455295,Atlas,DC,09-06-2026 20:59,-NA-,Expired
Xyz8455304,Atlas,DC,09-06-2026 10:03,09-06-2026 15:10,Completed
Xyz8455319,Atlas,DC,09-06-2026 21:02,-NA-,Expired
Xyz8455342,Atlas,DC,09-06-2026 20:59,09-06-2026 21:00,Completed
Xyz8455344,Atlas,DC,09-06-2026 21:00,-NA-,Expired
Xyz8455345,Atlas,DC,09-06-2026 21:00,-NA-,Expired
Xyz8455376,Atlas,DC,09-06-2026 10:03,09-06-2026 10:06,Completed
Xyz8455397,Atlas,DC,09-06-2026 10:04,09-06-2026 12:00,Completed
Xyz8455412,Atlas,DC,09-06-2026 10:04,09-06-2026 10:06,Completed
Xyz8455422,Atlas,DC,09-06-2026 20:59,09-06-2026 20:59,Completed
Xyz8455423,Atlas,DC,09-06-2026 20:59,09-06-2026 21:08,Completed
Xyz8455434,Atlas,DC,09-06-2026 21:03,-NA-,Expired
Xyz8455435,Atlas,DC,09-06-2026 21:01,-NA-,Expired
Xyz8455436,Atlas,DC,09-06-2026 21:03,-NA-,Expired
Xyz8455437,Atlas,DC,09-06-2026 21:01,09-06-2026 22:20,Completed
Xyz8455444,Atlas,DC,09-06-2026 20:59,-NA-,Expired
Xyz8455445,Atlas,DC,09-06-2026 20:59,-NA-,Expired
Xyz8455447,Atlas,DC,09-06-2026 21:01,-NA-,Expired
Xyz8455449,Atlas,DC,09-06-2026 21:01,-NA-,Expired
Xyz8455464,Atlas,DC,09-06-2026 10:02,09-06-2026 12:08,Completed
Xyz8455481,Atlas,DC,09-06-2026 20:59,-NA-,Expired
Xyz8455506,Atlas,DC,09-06-2026 20:59,09-06-2026 21:00,Completed
Xyz8455508,Atlas,DC,09-06-2026 20:59,09-06-2026 21:00,Completed
Xyz8455514,Atlas,DC,09-06-2026 21:02,-NA-,Expired
Xyz8455523,Atlas,DC,09-06-2026 20:59,09-06-2026 20:59,Completed
Xyz8455524,Atlas,DC,09-06-2026 20:59,-NA-,Expired
Xyz8455525,Atlas,DC,09-06-2026 20:59,09-06-2026 20:59,Completed
Xyz8455531,Atlas,DC,09-06-2026 21:00,09-06-2026 21:08,Completed
Xyz8455533,Atlas,DC,09-06-2026 21:00,-NA-,Expired
Xyz8455535,Atlas,DC,09-06-2026 10:02,-NA-,Expired
Xyz8455537,Atlas,DC,09-06-2026 21:03,-NA-,Expired
Xyz8455553,Atlas,DC,09-06-2026 10:02,09-06-2026 10:03,Completed
Xyz8455606,Atlas,DC,09-06-2026 21:00,-NA-,Expired
Xyz8455607,Atlas,DC,09-06-2026 21:00,-NA-,Expired
Xyz8455636,Atlas,DC,09-06-2026 10:04,09-06-2026 11:48,Completed
Xyz8455643,Atlas,DC,09-06-2026 21:01,09-06-2026 21:02,Completed
Xyz8455649,Atlas,DC,09-06-2026 21:00,-NA-,Expired
Xyz8455659,Atlas,DC,09-06-2026 21:02,-NA-,Expired
Xyz8455660,Atlas,DC,09-06-2026 21:02,-NA-,Expired
Xyz8455661,Atlas,DC,09-06-2026 21:02,-NA-,Expired
Xyz8455662,Atlas,DC,09-06-2026 21:01,-NA-,Expired
Xyz8455663,Atlas,DC,09-06-2026 21:01,-NA-,Expired
Xyz8455665,Atlas,DC,09-06-2026 21:00,-NA-,Expired
Xyz8455667,Atlas,DC,09-06-2026 10:04,09-06-2026 10:12,Completed
Xyz8455674,Atlas,DC,09-06-2026 21:03,-NA-,Expired
Xyz8455685,Atlas,DC,09-06-2026 21:02,-NA-,Expired
Xyz8455686,Atlas,DC,09-06-2026 21:01,-NA-,Expired
Xyz8455688,Atlas,DC,09-06-2026 20:59,-NA-,Expired
Xyz8455689,Atlas,DC,09-06-2026 21:00,-NA-,Expired
Xyz8455699,Atlas,DC,09-06-2026 21:01,-NA-,Expired
Xyz8455700,Atlas,DC,09-06-2026 21:01,-NA-,Expired
Xyz8455702,Atlas,DC,09-06-2026 21:01,-NA-,Expired
Xyz8455704,Atlas,DC,09-06-2026 20:59,-NA-,Expired
Xyz8455705,Atlas,DC,09-06-2026 20:59,-NA-,Expired
Xyz8455711,Atlas,DC,09-06-2026 21:01,-NA-,Expired
Xyz8455712,Atlas,DC,09-06-2026 21:00,-NA-,Expired
Xyz8455714,Atlas,DC,09-06-2026 10:04,09-06-2026 10:17,Completed
Xyz8455733,Atlas,DC,09-06-2026 21:06,-NA-,Expired
Xyz8455742,Atlas,DC,09-06-2026 21:08,-NA-,Expired
Xyz8455756,Atlas,DC,09-06-2026 21:02,-NA-,Expired
Xyz8455763,Atlas,DC,09-06-2026 21:00,-NA-,Expired
Xyz8455764,Atlas,DC,09-06-2026 21:00,-NA-,Expired
Xyz8455765,Atlas,DC,09-06-2026 21:00,-NA-,Expired
Xyz8455768,Atlas,DC,09-06-2026 20:59,-NA-,Expired
Xyz8455774,Atlas,DC,09-06-2026 21:00,-NA-,Expired
Xyz8455776,Atlas,DC,09-06-2026 21:01,-NA-,Expired
Xyz8455780,Atlas,DC,09-06-2026 10:03,09-06-2026 10:03,Completed
Xyz8455795,Atlas,DC,09-06-2026 21:00,-NA-,Expired
Xyz8455797,Atlas,DC,09-06-2026 21:00,-NA-,Expired
Xyz8455801,Atlas,DC,09-06-2026 21:02,-NA-,Expired
Xyz8455804,Atlas,DC,09-06-2026 10:02,09-06-2026 10:03,Completed
Xyz8455810,Atlas,DC,09-06-2026 21:06,-NA-,Expired
Xyz8455813,Atlas,DC,09-06-2026 21:06,-NA-,Expired
Xyz8455817,Atlas,DC,09-06-2026 10:01,09-06-2026 10:02,Completed
Xyz8455823,Atlas,DC,09-06-2026 10:04,09-06-2026 10:04,Completed
Xyz8455825,Atlas,DC,09-06-2026 20:59,-NA-,Expired
Xyz8455830,Atlas,DC,09-06-2026 20:59,-NA-,Expired
Xyz8455850,Atlas,DC,09-06-2026 21:00,-NA-,Expired
Xyz8455853,Atlas,DC,09-06-2026 21:00,-NA-,Expired
Xyz8455858,Atlas,DC,09-06-2026 21:01,-NA-,Expired
Xyz8455864,Atlas,DC,09-06-2026 21:05,-NA-,Expired
Xyz8455873,Atlas,DC,09-06-2026 21:01,-NA-,Expired
Xyz8455881,Atlas,DC,09-06-2026 20:59,-NA-,Expired
Xyz8455884,Atlas,DC,09-06-2026 21:01,-NA-,Expired
Xyz8455885,Atlas,DC,09-06-2026 21:01,-NA-,Expired
Xyz8455887,Atlas,DC,09-06-2026 21:08,-NA-,Expired
Xyz8455895,Atlas,DC,09-06-2026 10:04,09-06-2026 10:04,Completed
Xyz8455905,Atlas,DC,09-06-2026 10:00,09-06-2026 11:16,Completed
Xyz8455908,Atlas,DC,09-06-2026 10:04,09-06-2026 10:14,Completed
Xyz8455926,Atlas,DC,09-06-2026 21:02,-NA-,Expired
Xyz8455939,Atlas,DC,09-06-2026 21:06,-NA-,Expired
Xyz8455940,Atlas,DC,09-06-2026 21:06,-NA-,Expired
Xyz8455949,Atlas,DC,09-06-2026 10:04,09-06-2026 12:33,Completed
Xyz8455963,Atlas,DC,09-06-2026 21:01,-NA-,Expired
Xyz8455970,Atlas,DC,09-06-2026 21:02,-NA-,Expired
Xyz8455971,Atlas,DC,09-06-2026 21:02,-NA-,Expired
Xyz8455972,Atlas,DC,09-06-2026 21:03,-NA-,Expired
Xyz8455986,Atlas,DC,09-06-2026 21:02,-NA-,Expired
Xyz8455987,Atlas,DC,09-06-2026 10:04,09-06-2026 10:27,Completed
Xyz8455988,Atlas,DC,09-06-2026 21:04,-NA-,Expired
Xyz8455989,Atlas,DC,09-06-2026 21:03,-NA-,Expired
Xyz8456007,Atlas,DC,09-06-2026 20:59,-NA-,Expired
Xyz8456010,Atlas,DC,09-06-2026 21:00,-NA-,Expired
Xyz8456011,Atlas,DC,09-06-2026 21:00,-NA-,Expired
Xyz8456012,Atlas,DC,09-06-2026 21:00,-NA-,Expired
Xyz8456013,Atlas,DC,09-06-2026 20:59,-NA-,Expired
Xyz8456019,Atlas,DC,09-06-2026 21:01,-NA-,Expired
Xyz8456020,Atlas,DC,09-06-2026 20:59,-NA-,Expired
Xyz8456030,Atlas,DC,09-06-2026 21:00,-NA-,Expired
Xyz8456031,Atlas,DC,09-06-2026 21:00,-NA-,Expired
Xyz8456032,Atlas,DC,09-06-2026 21:00,-NA-,Expired
Xyz8456043,Atlas,DC,09-06-2026 10:04,09-06-2026 10:21,Completed
Xyz8456047,Atlas,DC,09-06-2026 21:02,-NA-,Expired
Xyz8456048,Atlas,DC,09-06-2026 21:02,-NA-,Expired
Xyz8456049,Atlas,DC,09-06-2026 21:02,-NA-,Expired
Xyz8456062,Atlas,DC,09-06-2026 21:00,-NA-,Expired
Xyz8456065,Atlas,DC,09-06-2026 20:59,-NA-,Expired
Xyz8456069,Atlas,DC,09-06-2026 21:02,-NA-,Expired
Xyz8456081,Atlas,DC,09-06-2026 21:05,-NA-,Expired
Xyz8456089,Atlas,DC,09-06-2026 10:03,-NA-,Expired
Xyz8456113,Atlas,DC,09-06-2026 10:03,09-06-2026 10:04,Completed
Xyz8456149,Atlas,DC,09-06-2026 20:59,-NA-,Expired
Xyz8456163,Atlas,DC,09-06-2026 21:00,-NA-,Expired
Xyz8456164,Atlas,DC,09-06-2026 21:00,-NA-,Expired
Xyz8456167,Atlas,DC,09-06-2026 10:03,09-06-2026 10:07,Completed
Xyz8456186,Atlas,DC,09-06-2026 21:04,-NA-,Expired
Xyz8456187,Atlas,DC,09-06-2026 21:01,-NA-,Expired
Xyz8456188,Atlas,DC,09-06-2026 21:04,-NA-,Expired
Xyz8456190,Atlas,DC,09-06-2026 21:00,-NA-,Expired
Xyz8456192,Atlas,DC,09-06-2026 20:59,-NA-,Expired
Xyz8456201,Atlas,DC,09-06-2026 10:03,09-06-2026 13:40,Completed
Xyz8456203,Atlas,DC,09-06-2026 21:02,-NA-,Expired
Xyz8456205,Atlas,DC,09-06-2026 20:59,-NA-,Expired
Xyz8456213,Atlas,DC,09-06-2026 10:02,09-06-2026 10:03,Completed
Xyz8456214,Atlas,DC,09-06-2026 21:01,-NA-,Expired
Xyz8456220,Atlas,DC,09-06-2026 21:02,-NA-,Expired
Xyz8456227,Atlas,DC,09-06-2026 21:02,-NA-,Expired
Xyz8456245,Atlas,DC,09-06-2026 21:03,-NA-,Expired
Xyz8456259,Atlas,DC,09-06-2026 10:00,09-06-2026 10:07,Completed
Xyz8456264,Atlas,DC,09-06-2026 20:59,-NA-,Expired
Xyz8456271,Atlas,DC,09-06-2026 20:59,-NA-,Expired
Xyz8456279,Atlas,DC,09-06-2026 21:00,-NA-,Expired
Xyz8456281,Atlas,DC,09-06-2026 21:00,-NA-,Expired
Xyz8456288,Atlas,DC,09-06-2026 21:00,-NA-,Expired
Xyz8456292,Atlas,DC,09-06-2026 21:00,-NA-,Expired
Xyz8456294,Atlas,DC,09-06-2026 21:02,-NA-,Expired
Xyz8456296,Atlas,DC,09-06-2026 21:02,-NA-,Expired
Xyz8456297,Atlas,DC,09-06-2026 21:03,-NA-,Expired
Xyz8456301,Atlas,DC,09-06-2026 20:59,-NA-,Expired
Xyz8456303,Atlas,DC,09-06-2026 21:01,-NA-,Expired
Xyz8456305,Atlas,DC,09-06-2026 21:00,-NA-,Expired
Xyz8456310,Atlas,DC,09-06-2026 21:01,-NA-,Expired
Xyz8456313,Atlas,DC,09-06-2026 10:01,09-06-2026 10:01,Completed
Xyz8456320,Atlas,DC,09-06-2026 20:59,-NA-,Expired
Xyz8456327,Atlas,DC,09-06-2026 21:04,-NA-,Expired
Xyz8456329,Atlas,DC,09-06-2026 21:01,-NA-,Expired
Xyz8456331,Atlas,DC,09-06-2026 21:02,-NA-,Expired
Xyz8456332,Atlas,DC,09-06-2026 20:59,-NA-,Expired
Xyz8456336,Atlas,DC,09-06-2026 21:03,-NA-,Expired
Xyz8456339,Atlas,DC,09-06-2026 21:00,-NA-,Expired
Xyz8456351,Atlas,DC,09-06-2026 10:03,09-06-2026 10:06,Completed
Xyz8456362,Atlas,DC,09-06-2026 21:05,-NA-,Expired
Xyz8456368,Atlas,DC,09-06-2026 21:00,-NA-,Expired
Xyz8456374,Atlas,DC,09-06-2026 21:03,-NA-,Expired
Xyz8456377,Atlas,DC,09-06-2026 21:01,-NA-,Expired
Xyz8456379,Atlas,DC,09-06-2026 21:01,-NA-,Expired
Xyz8456380,Atlas,DC,09-06-2026 21:01,-NA-,Expired
Xyz8456383,Atlas,DC,09-06-2026 21:05,-NA-,Expired
Xyz8456384,Atlas,DC,09-06-2026 21:02,-NA-,Expired
Xyz8456385,Atlas,DC,09-06-2026 21:04,-NA-,Expired
Xyz8456424,Atlas,DC,09-06-2026 10:02,-NA-,Expired
Xyz8456434,Atlas,DC,09-06-2026 10:04,09-06-2026 10:05,Completed
Xyz8456443,Atlas,DC,09-06-2026 21:05,-NA-,Expired
Xyz8456455,Atlas,DC,09-06-2026 21:04,-NA-,Expired
Xyz8456456,Atlas,DC,09-06-2026 21:05,-NA-,Expired
Xyz8456457,Atlas,DC,09-06-2026 21:04,-NA-,Expired
Xyz8456469,Atlas,DC,09-06-2026 10:00,09-06-2026 11:05,Completed
Xyz8456488,Atlas,DC,09-06-2026 21:02,-NA-,Expired
Xyz8456492,Atlas,DC,09-06-2026 21:05,-NA-,Expired
Xyz8456502,Atlas,DC,09-06-2026 21:04,-NA-,Expired
Xyz8456513,Atlas,DC,09-06-2026 10:04,09-06-2026 12:11,Completed
Xyz8456519,Atlas,DC,09-06-2026 20:59,-NA-,Expired
Xyz8456525,Atlas,DC,09-06-2026 21:02,09-06-2026 21:03,Completed
Xyz8456531,Atlas,DC,09-06-2026 10:04,09-06-2026 10:04,Completed
Xyz8456539,Atlas,DC,09-06-2026 10:04,09-06-2026 12:32,Completed
Xyz8456554,Atlas,DC,09-06-2026 20:59,-NA-,Expired
Xyz8456575,Atlas,DC,09-06-2026 20:59,09-06-2026 21:26,Completed
Xyz8456580,Atlas,DC,09-06-2026 10:00,-NA-,Expired
Xyz8456598,Atlas,DC,09-06-2026 10:03,-NA-,Expired
Xyz8456610,Atlas,DC,09-06-2026 10:03,09-06-2026 10:06,Completed
Xyz8456619,Atlas,DC,09-06-2026 20:59,09-06-2026 21:20,Completed
Xyz8456629,Atlas,DC,09-06-2026 20:59,-NA-,Expired
Xyz8456636,Atlas,DC,09-06-2026 10:04,09-06-2026 10:18,Completed
Xyz8456647,Atlas,DC,09-06-2026 21:01,-NA-,Expired
Xyz8456650,Atlas,DC,09-06-2026 21:01,09-06-2026 21:02,Completed
Xyz8456655,Atlas,DC,09-06-2026 21:01,-NA-,Expired
Xyz8456656,Atlas,DC,09-06-2026 21:00,-NA-,Expired
Xyz8456685,Atlas,DC,09-06-2026 21:01,-NA-,Expired
Xyz8456686,Atlas,DC,09-06-2026 20:59,-NA-,Expired
Xyz8456687,Atlas,DC,09-06-2026 21:02,-NA-,Expired
Xyz8456691,Atlas,DC,09-06-2026 21:02,-NA-,Expired
Xyz8456692,Atlas,DC,09-06-2026 21:00,-NA-,Expired
Xyz8456696,Atlas,DC,09-06-2026 21:01,-NA-,Expired
Xyz8456705,Atlas,DC,09-06-2026 10:04,09-06-2026 10:04,Completed
Xyz8456715,Atlas,DC,09-06-2026 20:59,09-06-2026 21:01,Completed
Xyz8456720,Atlas,DC,09-06-2026 10:03,-NA-,Expired
Xyz8456726,Atlas,DC,09-06-2026 21:03,-NA-,Expired
Xyz8456728,Atlas,DC,09-06-2026 20:59,-NA-,Expired
Xyz8456735,Atlas,DC,09-06-2026 21:01,-NA-,Expired
Xyz8456745,Atlas,DC,09-06-2026 10:04,09-06-2026 10:04,Completed
Xyz8456768,Atlas,DC,09-06-2026 21:00,-NA-,Expired
Xyz8456776,Atlas,DC,09-06-2026 21:01,-NA-,Expired
Xyz8456783,Atlas,DC,09-06-2026 20:59,-NA-,Expired
Xyz8456784,Atlas,DC,09-06-2026 20:59,-NA-,Expired
Xyz8456807,Atlas,DC,09-06-2026 10:04,09-06-2026 10:04,Completed
Xyz8456826,Atlas,DC,09-06-2026 10:03,09-06-2026 10:03,Completed
Xyz8456828,Atlas,DC,09-06-2026 21:00,-NA-,Expired
Xyz8456830,Atlas,DC,09-06-2026 21:02,-NA-,Expired
Xyz8456832,Atlas,DC,09-06-2026 21:00,-NA-,Expired
Xyz8456833,Atlas,DC,09-06-2026 21:00,-NA-,Expired
Xyz8456836,Atlas,DC,09-06-2026 21:00,-NA-,Expired
Xyz8456837,Atlas,DC,09-06-2026 10:00,09-06-2026 10:01,Completed
Xyz8456846,Atlas,DC,09-06-2026 20:59,-NA-,Expired
Xyz8456848,Atlas,DC,09-06-2026 10:03,09-06-2026 10:07,Completed
Xyz8456849,Atlas,DC,09-06-2026 21:02,-NA-,Expired
Xyz8456865,Atlas,DC,09-06-2026 21:01,-NA-,Expired
Xyz8456874,Atlas,DC,09-06-2026 10:04,09-06-2026 10:07,Completed
Xyz8456879,Atlas,DC,09-06-2026 21:00,-NA-,Expired
Xyz8456888,Atlas,DC,09-06-2026 21:08,-NA-,Expired
Xyz8456895,Atlas,DC,09-06-2026 21:06,-NA-,Expired
Xyz8456898,Atlas,DC,09-06-2026 21:06,-NA-,Expired
Xyz8456899,Atlas,DC,09-06-2026 21:07,-NA-,Expired
Xyz8456901,Atlas,DC,09-06-2026 21:06,-NA-,Expired
Xyz8456902,Atlas,DC,09-06-2026 20:59,-NA-,Expired
Xyz8456903,Atlas,DC,09-06-2026 20:59,-NA-,Expired
Xyz8456904,Atlas,DC,09-06-2026 21:01,-NA-,Expired
Xyz8456906,Atlas,DC,09-06-2026 21:02,-NA-,Expired
Xyz8456918,Atlas,DC,09-06-2026 21:05,-NA-,Expired
Xyz8456934,Atlas,DC,09-06-2026 10:00,09-06-2026 10:01,Completed
Xyz8456935,Atlas,DC,09-06-2026 10:04,09-06-2026 10:05,Completed
Xyz8456938,Atlas,DC,09-06-2026 21:02,-NA-,Expired
Xyz8456939,Atlas,DC,09-06-2026 21:02,-NA-,Expired
Xyz8456944,Atlas,DC,09-06-2026 21:05,-NA-,Expired
Xyz8456949,Atlas,DC,09-06-2026 21:02,-NA-,Expired
Xyz8456952,Atlas,DC,09-06-2026 21:06,-NA-,Expired
Xyz8456963,Atlas,DC,09-06-2026 21:02,-NA-,Expired
Xyz8456974,Atlas,DC,09-06-2026 10:03,09-06-2026 12:40,Completed
Xyz8456994,Atlas,DC,09-06-2026 21:01,-NA-,Expired
Xyz8456995,Atlas,DC,09-06-2026 21:01,-NA-,Expired
Xyz8456996,Atlas,DC,09-06-2026 21:01,-NA-,Expired
Xyz8456997,Atlas,DC,09-06-2026 21:01,-NA-,Expired
Xyz8456999,Atlas,DC,09-06-2026 21:06,-NA-,Expired
Xyz8457010,Atlas,DC,09-06-2026 21:00,-NA-,Expired
Xyz8457012,Atlas,DC,09-06-2026 20:59,-NA-,Expired
Xyz8457015,Atlas,DC,09-06-2026 21:05,-NA-,Expired
Xyz8457026,Atlas,DC,09-06-2026 10:04,09-06-2026 10:04,Completed
Xyz8457028,Atlas,DC,09-06-2026 21:00,-NA-,Expired
Xyz8457054,Atlas,DC,09-06-2026 20:59,-NA-,Expired
Xyz8457055,Atlas,DC,09-06-2026 10:03,09-06-2026 10:06,Completed
Xyz8457083,Atlas,DC,09-06-2026 20:59,-NA-,Expired
Xyz8457085,Atlas,DC,09-06-2026 20:59,-NA-,Expired
Xyz8457090,Atlas,DC,09-06-2026 21:08,-NA-,Expired
Xyz8457092,Atlas,DC,09-06-2026 21:06,-NA-,Expired
Xyz8457102,Atlas,DC,09-06-2026 21:05,-NA-,Expired
Xyz8457114,Atlas,DC,09-06-2026 21:01,-NA-,Expired
Xyz8457123,Atlas,DC,09-06-2026 21:00,-NA-,Expired
Xyz8457124,Atlas,DC,09-06-2026 21:00,-NA-,Expired
Xyz8457125,Atlas,DC,09-06-2026 21:00,-NA-,Expired
Xyz8457134,Atlas,DC,09-06-2026 21:08,-NA-,Expired
Xyz8457135,Atlas,DC,09-06-2026 21:05,-NA-,Expired
Xyz8457136,Atlas,DC,09-06-2026 21:07,-NA-,Expired
Xyz8457137,Atlas,DC,09-06-2026 21:06,-NA-,Expired
Xyz8457142,Atlas,DC,09-06-2026 21:01,-NA-,Expired
Xyz8457152,Atlas,DC,09-06-2026 21:01,-NA-,Expired
Xyz8457153,Atlas,DC,09-06-2026 21:01,-NA-,Expired
Xyz8457155,Atlas,DC,09-06-2026 20:59,-NA-,Expired
Xyz8457162,Atlas,DC,09-06-2026 21:02,-NA-,Expired
Xyz8457170,Atlas,DC,09-06-2026 20:59,-NA-,Expired
Xyz8457173,Atlas,DC,09-06-2026 20:59,-NA-,Expired
Xyz8457176,Atlas,DC,09-06-2026 10:03,09-06-2026 11:12,Completed
Xyz8457177,Atlas,DC,09-06-2026 21:05,-NA-,Expired
Xyz8457178,Atlas,DC,09-06-2026 21:06,-NA-,Expired
Xyz8457190,Atlas,DC,09-06-2026 20:59,-NA-,Expired
Xyz8457193,Atlas,DC,09-06-2026 21:01,-NA-,Expired
Xyz8457198,Atlas,DC,09-06-2026 21:02,-NA-,Expired
Xyz8457207,Atlas,DC,09-06-2026 21:00,-NA-,Expired
Xyz8457209,Atlas,DC,09-06-2026 21:02,-NA-,Expired
Xyz8457216,Atlas,DC,09-06-2026 21:08,-NA-,Expired
Xyz8457218,Atlas,DC,09-06-2026 21:01,-NA-,Expired
Xyz8457219,Atlas,DC,09-06-2026 21:01,-NA-,Expired
Xyz8457220,Atlas,DC,09-06-2026 21:01,-NA-,Expired
Xyz8457221,Atlas,DC,09-06-2026 21:01,-NA-,Expired
Xyz8457229,Atlas,DC,09-06-2026 20:59,-NA-,Expired
Xyz8457232,Atlas,DC,09-06-2026 21:01,-NA-,Expired
Xyz8457234,Atlas,DC,09-06-2026 20:59,-NA-,Expired
Xyz8457236,Atlas,DC,09-06-2026 21:07,-NA-,Expired
Xyz8457243,Atlas,DC,09-06-2026 21:05,-NA-,Expired
Xyz8457254,Atlas,DC,09-06-2026 21:02,-NA-,Expired
Xyz8457255,Atlas,DC,09-06-2026 21:03,-NA-,Expired
Xyz8457257,Atlas,DC,09-06-2026 21:02,-NA-,Expired
Xyz8457261,Atlas,DC,09-06-2026 10:03,-NA-,Expired
Xyz8457262,Atlas,DC,09-06-2026 21:05,-NA-,Expired
Xyz8457265,Atlas,DC,09-06-2026 21:06,-NA-,Expired
Xyz8457267,Atlas,DC,09-06-2026 21:06,-NA-,Expired
Xyz8457270,Atlas,DC,09-06-2026 21:01,-NA-,Expired
Xyz8457271,Atlas,DC,09-06-2026 21:02,-NA-,Expired
Xyz8457277,Atlas,DC,09-06-2026 21:06,-NA-,Expired
Xyz8457278,Atlas,DC,09-06-2026 21:01,-NA-,Expired
Xyz8457279,Atlas,DC,09-06-2026 21:00,-NA-,Expired
Xyz8457283,Atlas,DC,09-06-2026 10:00,09-06-2026 10:05,Completed
Xyz8457290,Atlas,DC,09-06-2026 21:03,-NA-,Expired
Xyz8457292,Atlas,DC,09-06-2026 21:03,-NA-,Expired
Xyz8457296,Atlas,DC,09-06-2026 21:08,-NA-,Expired
Xyz8457304,Atlas,DC,09-06-2026 10:03,09-06-2026 10:08,Completed
Xyz8457306,Atlas,DC,09-06-2026 21:06,-NA-,Expired
Xyz8457310,Atlas,DC,09-06-2026 21:00,-NA-,Expired
Xyz8457311,Atlas,DC,09-06-2026 21:00,-NA-,Expired
Xyz8457313,Atlas,DC,09-06-2026 20:59,-NA-,Expired
Xyz8457314,Atlas,DC,09-06-2026 10:01,09-06-2026 10:10,Completed
Xyz8457315,Atlas,DC,09-06-2026 20:59,-NA-,Expired
Xyz8457317,Atlas,DC,09-06-2026 20:59,-NA-,Expired
Xyz8457318,Atlas,DC,09-06-2026 21:00,-NA-,Expired
Xyz8457321,Atlas,DC,09-06-2026 21:00,-NA-,Expired
Xyz8457330,Atlas,DC,09-06-2026 10:04,09-06-2026 10:04,Completed
Xyz8457333,Atlas,DC,09-06-2026 10:01,09-06-2026 11:21,Completed
Xyz8457335,Atlas,DC,09-06-2026 21:02,-NA-,Expired
Xyz8457339,Atlas,DC,09-06-2026 20:59,-NA-,Expired
Xyz8457344,Atlas,DC,09-06-2026 21:02,-NA-,Expired
Xyz8457345,Atlas,DC,09-06-2026 21:02,-NA-,Expired
Xyz8457354,Atlas,DC,09-06-2026 21:08,-NA-,Expired
Xyz8457358,Atlas,DC,09-06-2026 21:02,-NA-,Expired
Xyz8457359,Atlas,DC,09-06-2026 21:02,-NA-,Expired
Xyz8457360,Atlas,DC,09-06-2026 21:03,-NA-,Expired
Xyz8457361,Atlas,DC,09-06-2026 21:02,-NA-,Expired
Xyz8457363,Atlas,DC,09-06-2026 21:03,-NA-,Expired
Xyz8457364,Atlas,DC,09-06-2026 21:03,-NA-,Expired
Xyz8457387,Atlas,DC,09-06-2026 21:08,-NA-,Expired
Xyz8457388,Atlas,DC,09-06-2026 21:07,-NA-,Expired
Xyz8457392,Atlas,DC,09-06-2026 21:01,-NA-,Expired
Xyz8457393,Atlas,DC,09-06-2026 10:04,09-06-2026 10:04,Completed
Xyz8457399,Atlas,DC,09-06-2026 21:08,-NA-,Expired
Xyz8457407,Atlas,DC,09-06-2026 10:03,-NA-,Expired
Xyz8457414,Atlas,DC,09-06-2026 21:05,-NA-,Expired
Xyz8457416,Atlas,DC,09-06-2026 21:06,-NA-,Expired
Xyz8457418,Atlas,DC,09-06-2026 21:05,-NA-,Expired
Xyz8457419,Atlas,DC,09-06-2026 21:05,-NA-,Expired
Xyz8457420,Atlas,DC,09-06-2026 21:05,-NA-,Expired
Xyz8457424,Atlas,DC,09-06-2026 21:02,-NA-,Expired
Xyz8457426,Atlas,DC,09-06-2026 21:06,-NA-,Expired
Xyz8457430,Atlas,DC,09-06-2026 21:04,-NA-,Expired
Xyz8457433,Atlas,DC,09-06-2026 21:02,-NA-,Expired
Xyz8457439,Atlas,DC,09-06-2026 10:03,09-06-2026 10:04,Completed
Xyz8457449,Atlas,DC,09-06-2026 10:01,-NA-,Expired
Xyz8457459,Atlas,DC,09-06-2026 21:01,-NA-,Expired
Xyz8457461,Atlas,DC,09-06-2026 21:01,-NA-,Expired
Xyz8457462,Atlas,DC,09-06-2026 20:59,-NA-,Expired
Xyz8457464,Atlas,DC,09-06-2026 21:01,-NA-,Expired
Xyz8457473,Atlas,DC,09-06-2026 21:07,-NA-,Expired
Xyz8457481,Atlas,DC,09-06-2026 21:02,-NA-,Expired
Xyz8457487,Atlas,DC,09-06-2026 21:05,-NA-,Expired
Xyz8457492,Atlas,DC,09-06-2026 21:01,-NA-,Expired
Xyz8457494,Atlas,DC,09-06-2026 21:00,-NA-,Expired
Xyz8457499,Atlas,DC,09-06-2026 21:05,-NA-,Expired
Xyz8457501,Atlas,DC,09-06-2026 21:05,-NA-,Expired
Xyz8457507,Atlas,DC,09-06-2026 21:00,-NA-,Expired
Xyz8457509,Atlas,DC,09-06-2026 20:59,-NA-,Expired
Xyz8457513,Atlas,DC,09-06-2026 21:06,-NA-,Expired
Xyz8457519,Atlas,DC,09-06-2026 21:06,-NA-,Expired
Xyz8457520,Atlas,DC,09-06-2026 21:06,-NA-,Expired
Xyz8457527,Atlas,DC,09-06-2026 10:02,-NA-,Expired
Xyz8457530,Atlas,DC,09-06-2026 20:59,-NA-,Expired
Xyz8457532,Atlas,DC,09-06-2026 20:59,-NA-,Expired
Xyz8457533,Atlas,DC,09-06-2026 21:00,-NA-,Expired
Xyz8457534,Atlas,DC,09-06-2026 20:59,-NA-,Expired
Xyz8457563,Atlas,DC,09-06-2026 21:06,-NA-,Expired
Xyz8457568,Atlas,DC,09-06-2026 10:01,09-06-2026 11:21,Completed
Xyz8457571,Atlas,DC,09-06-2026 21:06,-NA-,Expired
Xyz8457573,Atlas,DC,09-06-2026 21:08,-NA-,Expired
Xyz8457575,Atlas,DC,09-06-2026 21:00,-NA-,Expired
Xyz8457579,Atlas,DC,09-06-2026 21:01,-NA-,Expired
Xyz8457580,Atlas,DC,09-06-2026 21:01,-NA-,Expired
Xyz8457583,Atlas,DC,09-06-2026 10:02,09-06-2026 10:02,Completed
Xyz8457594,Atlas,DC,09-06-2026 21:06,-NA-,Expired
Xyz8457603,Atlas,DC,09-06-2026 10:00,09-06-2026 10:57,Completed
Xyz8457610,Atlas,DC,09-06-2026 21:07,-NA-,Expired
Xyz8457616,Atlas,DC,09-06-2026 10:04,09-06-2026 10:05,Completed
Xyz8457619,Atlas,DC,09-06-2026 10:04,09-06-2026 10:04,Completed
Xyz8457622,Atlas,DC,09-06-2026 10:04,09-06-2026 10:12,Completed
Xyz8457628,Atlas,DC,09-06-2026 21:02,-NA-,Expired
Xyz8457641,Atlas,DC,09-06-2026 21:08,-NA-,Expired
Xyz8457649,Atlas,DC,09-06-2026 21:06,-NA-,Expired
Xyz8457652,Atlas,DC,09-06-2026 21:02,-NA-,Expired
Xyz8457657,Atlas,DC,09-06-2026 10:04,-NA-,Expired
Xyz8457680,Atlas,DC,09-06-2026 20:59,-NA-,Expired
Xyz8457682,Atlas,DC,09-06-2026 21:07,-NA-,Expired
Xyz8457685,Atlas,DC,09-06-2026 21:07,-NA-,Expired
Xyz8457696,Atlas,DC,09-06-2026 21:03,-NA-,Expired
Xyz8457702,Atlas,DC,09-06-2026 21:02,-NA-,Expired
Xyz8457704,Atlas,DC,09-06-2026 20:59,-NA-,Expired
Xyz8457733,Atlas,DC,09-06-2026 20:59,-NA-,Expired
Xyz8457741,Atlas,DC,09-06-2026 10:01,09-06-2026 10:10,Completed
Xyz8457745,Atlas,DC,09-06-2026 21:05,-NA-,Expired
Xyz8457758,Atlas,DC,09-06-2026 21:02,-NA-,Expired
Xyz8457759,Atlas,DC,09-06-2026 10:03,09-06-2026 10:59,Completed
Xyz8457761,Atlas,DC,09-06-2026 21:02,-NA-,Expired
Xyz8457764,Atlas,DC,09-06-2026 21:02,-NA-,Expired
Xyz8457770,Atlas,DC,09-06-2026 21:04,-NA-,Expired
Xyz8457778,Atlas,DC,09-06-2026 10:03,09-06-2026 10:11,Completed
Xyz8457793,Atlas,DC,09-06-2026 10:04,09-06-2026 10:07,Completed
Xyz8457796,Atlas,DC,09-06-2026 21:02,-NA-,Expired
Xyz8457807,Atlas,DC,09-06-2026 10:04,09-06-2026 10:05,Completed
Xyz8457816,Atlas,DC,09-06-2026 21:05,-NA-,Expired
Xyz8457817,Atlas,DC,09-06-2026 21:02,-NA-,Expired
Xyz8457826,Atlas,DC,09-06-2026 10:03,09-06-2026 10:03,Completed
Xyz8457838,Atlas,DC,09-06-2026 21:01,-NA-,Expired
Xyz8457839,Atlas,DC,09-06-2026 21:00,-NA-,Expired
Xyz8457840,Atlas,DC,09-06-2026 20:59,-NA-,Expired
Xyz8457845,Atlas,DC,09-06-2026 21:02,-NA-,Expired
Xyz8457852,Atlas,DC,09-06-2026 21:02,-NA-,Expired
Xyz8457855,Atlas,DC,09-06-2026 21:02,-NA-,Expired
Xyz8457868,Atlas,DC,09-06-2026 21:01,-NA-,Expired
Xyz8457878,Atlas,DC,09-06-2026 21:02,-NA-,Expired
Xyz8457879,Atlas,DC,09-06-2026 21:02,-NA-,Expired
Xyz8457880,Atlas,DC,09-06-2026 21:01,-NA-,Expired
Xyz8457884,Atlas,DC,09-06-2026 20:59,-NA-,Expired
Xyz8457888,Atlas,DC,09-06-2026 20:59,-NA-,Expired
Xyz8457914,Atlas,DC,09-06-2026 21:02,-NA-,Expired
Xyz8457918,Atlas,DC,09-06-2026 21:01,-NA-,Expired
Xyz8457927,Atlas,DC,09-06-2026 21:04,-NA-,Expired
Xyz8457930,Atlas,DC,09-06-2026 10:03,09-06-2026 10:04,Completed
Xyz8457935,Atlas,DC,09-06-2026 21:02,-NA-,Expired
Xyz8457936,Atlas,DC,09-06-2026 21:02,-NA-,Expired
Xyz8457939,Atlas,DC,09-06-2026 20:59,-NA-,Expired
Xyz8457941,Atlas,DC,09-06-2026 20:59,-NA-,Expired
Xyz8457943,Atlas,DC,09-06-2026 21:03,-NA-,Expired
Xyz8457944,Atlas,DC,09-06-2026 21:03,-NA-,Expired
Xyz8457958,Atlas,DC,09-06-2026 21:00,-NA-,Expired
Xyz8457959,Atlas,DC,09-06-2026 10:00,09-06-2026 10:01,Completed
Xyz8457961,Atlas,DC,09-06-2026 20:59,-NA-,Expired
Xyz8457962,Atlas,DC,09-06-2026 21:02,-NA-,Expired
Xyz8457982,Atlas,DC,09-06-2026 20:59,-NA-,Expired
Xyz8457986,Atlas,DC,09-06-2026 21:03,-NA-,Expired
Xyz8458009,Atlas,DC,09-06-2026 21:02,-NA-,Expired
Xyz8458015,Atlas,DC,09-06-2026 21:00,-NA-,Expired
Xyz8458018,Atlas,DC,09-06-2026 21:01,-NA-,Expired
Xyz8458019,Atlas,DC,09-06-2026 21:03,-NA-,Expired
Xyz8458020,Atlas,DC,09-06-2026 21:03,-NA-,Expired
Xyz8458043,Atlas,DC,09-06-2026 20:59,-NA-,Expired
Xyz8458049,Atlas,DC,09-06-2026 21:01,-NA-,Expired
Xyz8458051,Atlas,DC,09-06-2026 20:59,-NA-,Expired
Xyz8458067,Atlas,DC,09-06-2026 21:00,-NA-,Expired
Xyz8458073,Atlas,DC,09-06-2026 21:02,-NA-,Expired
Xyz8458074,Atlas,DC,09-06-2026 10:04,09-06-2026 10:04,Completed
Xyz8458081,Atlas,DC,09-06-2026 10:02,09-06-2026 10:03,Completed
Xyz8458082,Atlas,DC,09-06-2026 10:02,09-06-2026 10:45,Completed
Xyz8458093,Atlas,DC,09-06-2026 10:03,09-06-2026 10:04,Completed
Xyz8458098,Atlas,DC,09-06-2026 20:59,-NA-,Expired
Xyz8458100,Atlas,DC,09-06-2026 10:04,09-06-2026 10:04,Completed
Xyz8458101,Atlas,DC,09-06-2026 10:04,09-06-2026 10:04,Completed
Xyz8458172,Atlas,DC,09-06-2026 21:00,-NA-,Expired
Xyz8458189,Atlas,DC,09-06-2026 10:03,09-06-2026 10:04,Completed
Xyz8458191,Atlas,DC,09-06-2026 21:00,-NA-,Expired
Xyz8458207,Atlas,DC,09-06-2026 21:02,-NA-,Expired
Xyz8458274,Atlas,DC,09-06-2026 10:02,09-06-2026 10:03,Completed
Xyz8458294,Atlas,DC,09-06-2026 20:59,-NA-,Expired
Xyz8458296,Atlas,DC,09-06-2026 20:59,-NA-,Expired
Xyz8458308,Atlas,DC,09-06-2026 21:00,-NA-,Expired
Xyz8458310,Atlas,DC,09-06-2026 16:02,09-06-2026 16:03,Completed
Xyz8458323,Atlas,DC,09-06-2026 21:02,-NA-,Expired
Xyz8458324,Atlas,DC,09-06-2026 21:00,-NA-,Expired
Xyz8458348,Atlas,DC,09-06-2026 20:59,-NA-,Expired
Xyz8458379,Atlas,DC,09-06-2026 20:59,-NA-,Expired
Xyz8458380,Atlas,DC,09-06-2026 21:00,-NA-,Expired
Xyz8458391,Atlas,DC,09-06-2026 21:00,-NA-,Expired
Xyz8458396,Atlas,DC,09-06-2026 21:00,-NA-,Expired
Xyz8458397,Atlas,DC,09-06-2026 10:04,09-06-2026 10:11,Completed
Xyz8458399,Atlas,DC,09-06-2026 21:00,-NA-,Expired
Xyz8458401,Atlas,DC,09-06-2026 21:00,-NA-,Expired
Xyz8458419,Atlas,DC,09-06-2026 20:59,-NA-,Expired
Xyz8458421,Atlas,DC,09-06-2026 10:04,09-06-2026 10:04,Completed
Xyz8458441,Atlas,DC,09-06-2026 20:59,-NA-,Expired
Xyz8458477,Atlas,DC,09-06-2026 10:04,09-06-2026 10:05,Completed
Xyz8458490,Atlas,DC,09-06-2026 21:00,-NA-,Expired
Xyz8458492,Atlas,DC,09-06-2026 21:00,-NA-,Expired
Xyz8458498,Atlas,DC,09-06-2026 20:59,-NA-,Expired
Xyz8458500,Atlas,DC,09-06-2026 10:04,09-06-2026 10:04,Completed
Xyz8458507,Atlas,DC,09-06-2026 20:59,-NA-,Expired
Xyz8458512,Atlas,DC,09-06-2026 21:01,-NA-,Expired
Xyz8458531,Atlas,DC,09-06-2026 10:03,09-06-2026 10:04,Completed
Xyz8458536,Atlas,DC,09-06-2026 21:00,-NA-,Expired
Xyz8458539,Atlas,DC,09-06-2026 10:01,09-06-2026 10:01,Completed
Xyz8458542,Atlas,DC,09-06-2026 21:00,-NA-,Expired
Xyz8458551,Atlas,DC,09-06-2026 10:04,09-06-2026 10:04,Completed
Xyz8458577,Atlas,DC,09-06-2026 10:01,09-06-2026 10:21,Completed
Xyz8458586,Atlas,DC,09-06-2026 21:00,-NA-,Expired
Xyz8458587,Atlas,DC,09-06-2026 21:00,-NA-,Expired
Xyz8458588,Atlas,DC,09-06-2026 21:00,-NA-,Expired
Xyz8458590,Atlas,DC,09-06-2026 20:59,-NA-,Expired
Xyz8458598,Atlas,DC,09-06-2026 20:59,-NA-,Expired
Xyz8458599,Atlas,DC,09-06-2026 20:59,-NA-,Expired
Xyz8458600,Atlas,DC,09-06-2026 21:01,-NA-,Expired
Xyz8458605,Atlas,DC,09-06-2026 20:59,-NA-,Expired
Xyz8458606,Atlas,DC,09-06-2026 21:02,-NA-,Expired
Xyz8458607,Atlas,DC,09-06-2026 20:59,-NA-,Expired
Xyz8458609,Atlas,DC,09-06-2026 21:00,-NA-,Expired
Xyz8458615,Atlas,DC,09-06-2026 10:04,09-06-2026 10:05,Completed
Xyz8458626,Atlas,DC,09-06-2026 20:59,-NA-,Expired
Xyz8458644,Atlas,DC,09-06-2026 10:03,09-06-2026 10:03,Completed
Xyz8458654,Atlas,DC,09-06-2026 21:01,-NA-,Expired
Xyz8458660,Atlas,DC,09-06-2026 10:01,09-06-2026 10:02,Completed
Xyz8458671,Atlas,DC,09-06-2026 10:04,09-06-2026 10:04,Completed
Xyz8458673,Atlas,DC,09-06-2026 20:59,-NA-,Expired
Xyz8458686,Atlas,DC,09-06-2026 20:59,-NA-,Expired
Xyz8458694,Atlas,DC,09-06-2026 10:03,09-06-2026 10:04,Completed
Xyz8458700,Atlas,DC,09-06-2026 21:00,-NA-,Expired
Xyz8458701,Atlas,DC,09-06-2026 20:59,-NA-,Expired
Xyz8458708,Atlas,DC,09-06-2026 10:04,09-06-2026 14:55,Completed
Xyz8458718,Atlas,DC,09-06-2026 10:01,09-06-2026 10:02,Completed
Xyz8458728,Atlas,DC,09-06-2026 20:59,-NA-,Expired
Xyz8458737,Atlas,DC,09-06-2026 21:00,-NA-,Expired
Xyz8458747,Atlas,DC,09-06-2026 10:04,09-06-2026 10:04,Completed
Xyz8458751,Atlas,DC,09-06-2026 20:59,-NA-,Expired
Xyz8458755,Atlas,DC,09-06-2026 10:03,09-06-2026 10:04,Completed
Xyz8458760,Atlas,DC,09-06-2026 21:00,-NA-,Expired
Xyz8458781,Atlas,DC,09-06-2026 10:02,09-06-2026 10:03,Completed
Xyz8458782,Atlas,DC,09-06-2026 20:59,-NA-,Expired
Xyz8458784,Atlas,DC,09-06-2026 21:03,-NA-,Expired
Xyz8458799,Atlas,DC,09-06-2026 10:03,09-06-2026 10:06,Completed
Xyz8458800,Atlas,DC,09-06-2026 10:03,09-06-2026 10:04,Completed
Xyz8458820,Atlas,DC,09-06-2026 10:02,09-06-2026 10:03,Completed
Xyz8458826,Atlas,DC,09-06-2026 10:00,09-06-2026 10:04,Completed
Xyz8458831,Atlas,DC,09-06-2026 21:00,-NA-,Expired
Xyz8458832,Atlas,DC,09-06-2026 21:00,-NA-,Expired
Xyz8458833,Atlas,DC,09-06-2026 21:00,-NA-,Expired
Xyz8458835,Atlas,DC,09-06-2026 21:00,-NA-,Expired
Xyz8458841,Atlas,DC,09-06-2026 21:00,-NA-,Expired
Xyz8458842,Atlas,DC,09-06-2026 21:04,-NA-,Expired
Xyz8458851,Atlas,DC,09-06-2026 21:00,-NA-,Expired
Xyz8458852,Atlas,DC,09-06-2026 20:59,-NA-,Expired
Xyz8458853,Atlas,DC,09-06-2026 21:00,-NA-,Expired
Xyz8458856,Atlas,DC,09-06-2026 20:59,-NA-,Expired
Xyz8458862,Atlas,DC,09-06-2026 21:00,-NA-,Expired
Xyz8458863,Atlas,DC,09-06-2026 21:00,-NA-,Expired
Xyz8458865,Atlas,DC,09-06-2026 21:00,-NA-,Expired
Xyz8458868,Atlas,DC,09-06-2026 10:03,09-06-2026 10:04,Completed
Xyz8458882,Atlas,DC,09-06-2026 21:01,-NA-,Expired
Xyz8458883,Atlas,DC,09-06-2026 21:00,-NA-,Expired
Xyz8458890,Atlas,DC,09-06-2026 21:00,-NA-,Expired
Xyz8458891,Atlas,DC,09-06-2026 21:00,-NA-,Expired
Xyz8458893,Atlas,DC,09-06-2026 21:00,-NA-,Expired
Xyz8458894,Atlas,DC,09-06-2026 21:05,-NA-,Expired
Xyz8458895,Atlas,DC,09-06-2026 21:05,-NA-,Expired
Xyz8458898,Atlas,DC,09-06-2026 21:00,-NA-,Expired
Xyz8458912,Atlas,DC,09-06-2026 21:01,-NA-,Expired
Xyz8458923,Atlas,DC,09-06-2026 21:00,-NA-,Expired
Xyz8458933,Atlas,DC,09-06-2026 21:00,-NA-,Expired
Xyz8458939,Atlas,DC,09-06-2026 20:59,-NA-,Expired
Xyz8458972,Atlas,DC,09-06-2026 21:00,-NA-,Expired
Xyz8458974,Atlas,DC,09-06-2026 10:02,09-06-2026 10:03,Completed
Xyz8458975,Atlas,DC,09-06-2026 21:01,-NA-,Expired
Xyz8458985,Atlas,DC,09-06-2026 20:59,-NA-,Expired
Xyz8459039,Atlas,DC,09-06-2026 21:01,-NA-,Expired
Xyz8459041,Atlas,DC,09-06-2026 21:00,-NA-,Expired
Xyz8459042,Atlas,DC,09-06-2026 21:00,-NA-,Expired
Xyz8459043,Atlas,DC,09-06-2026 21:00,-NA-,Expired
Xyz8459045,Atlas,DC,09-06-2026 21:00,-NA-,Expired
Xyz8459048,Atlas,DC,09-06-2026 21:03,-NA-,Expired
Xyz8459049,Atlas,DC,09-06-2026 10:03,09-06-2026 10:04,Completed
Xyz8501806,Atlas,DC,09-06-2026 10:01,09-06-2026 12:12,Completed
Xyz8501825,Atlas,DC,09-06-2026 10:01,09-06-2026 12:11,Completed
Xyz8501852,Atlas,DC,09-06-2026 10:01,09-06-2026 12:21,Completed
Xyz8501884,Atlas,DC,09-06-2026 10:01,-NA-,Expired
Xyz8501889,Atlas,DC,09-06-2026 10:04,09-06-2026 11:15,Completed
Xyz8501892,Atlas,DC,09-06-2026 10:03,09-06-2026 11:15,Completed
Xyz8501949,Atlas,DC,09-06-2026 10:01,09-06-2026 12:26,Completed
Xyz8501980,Atlas,DC,09-06-2026 10:01,09-06-2026 16:34,Completed
Xyz8501998,Atlas,DC,09-06-2026 10:01,09-06-2026 12:11,Completed
Xyz8502060,Atlas,DC,09-06-2026 10:02,09-06-2026 16:40,Completed
Xyz8502235,Atlas,DC,09-06-2026 10:01,09-06-2026 10:02,Completed
Xyz8502263,Atlas,DC,09-06-2026 10:03,09-06-2026 11:15,Completed
Xyz8502316,Atlas,DC,09-06-2026 10:01,-NA-,Expired
Xyz8502494,Atlas,DC,09-06-2026 10:03,09-06-2026 12:28,Completed
Xyz8502529,Atlas,DC,09-06-2026 10:03,09-06-2026 10:10,Completed
Xyz8502735,Atlas,DC,09-06-2026 10:01,09-06-2026 10:02,Completed
Xyz8502782,Atlas,DC,09-06-2026 10:03,09-06-2026 16:40,Completed
Xyz8502789,Atlas,DC,09-06-2026 10:01,09-06-2026 10:02,Completed
Xyz8502930,Atlas,DC,09-06-2026 10:03,09-06-2026 12:25,Completed
Xyz8502934,Atlas,DC,09-06-2026 10:02,09-06-2026 12:11,Completed
Xyz8503137,Atlas,DC,09-06-2026 10:03,09-06-2026 12:04,Completed
Xyz8503261,Atlas,DC,09-06-2026 10:02,09-06-2026 10:03,Completed
Xyz8503430,Atlas,DC,09-06-2026 10:03,09-06-2026 10:03,Completed
Xyz8503431,Atlas,DC,09-06-2026 10:03,09-06-2026 10:03,Completed
Xyz8503574,Atlas,DC,09-06-2026 10:01,09-06-2026 10:04,Completed
Xyz8503698,Atlas,DC,09-06-2026 10:01,09-06-2026 11:21,Completed
Xyz8504156,Atlas,DC,09-06-2026 10:00,10-06-2026 09:01,Completed
Xyz8504941,Atlas,DC,09-06-2026 10:03,09-06-2026 10:20,Completed
Xyz8505247,Atlas,DC,09-06-2026 10:01,09-06-2026 10:26,Completed
Xyz8505381,Atlas,DC,09-06-2026 10:03,09-06-2026 10:21,Completed
Xyz8505574,Atlas,DC,09-06-2026 10:01,09-06-2026 10:03,Completed
Xyz8505737,Atlas,DC,09-06-2026 10:02,09-06-2026 10:05,Completed
Xyz8505796,Atlas,DC,09-06-2026 10:03,09-06-2026 12:03,Completed
Xyz8505862,Atlas,DC,09-06-2026 10:03,09-06-2026 10:57,Completed
Xyz8505916,Atlas,DC,09-06-2026 10:03,09-06-2026 12:17,Completed
Xyz8506057,Atlas,DC,09-06-2026 10:03,09-06-2026 10:03,Completed
Xyz8506193,Atlas,DC,09-06-2026 10:01,09-06-2026 10:04,Completed
Xyz8506230,Atlas,DC,09-06-2026 10:01,09-06-2026 10:01,Completed
Xyz8506463,Atlas,DC,09-06-2026 10:01,09-06-2026 10:20,Completed
Xyz8506529,Atlas,DC,09-06-2026 10:03,09-06-2026 10:06,Completed
Xyz8506550,Atlas,DC,09-06-2026 10:03,09-06-2026 13:41,Completed
Xyz8506566,Atlas,DC,09-06-2026 10:03,09-06-2026 12:24,Completed
Xyz8506635,Atlas,DC,09-06-2026 10:03,09-06-2026 16:36,Completed
Xyz8506953,Atlas,DC,09-06-2026 10:02,09-06-2026 12:41,Completed
Xyz8506974,Atlas,DC,09-06-2026 10:00,09-06-2026 10:01,Completed
Xyz8506982,Atlas,DC,09-06-2026 10:01,09-06-2026 10:02,Completed
Xyz8507029,Atlas,DC,09-06-2026 10:01,09-06-2026 12:12,Completed
Xyz8507048,Atlas,DC,09-06-2026 10:03,09-06-2026 10:03,Completed
Xyz8507066,Atlas,DC,09-06-2026 10:01,09-06-2026 11:15,Completed
Xyz8507110,Atlas,DC,09-06-2026 10:03,09-06-2026 10:03,Completed
Xyz8507231,Atlas,DC,09-06-2026 10:01,09-06-2026 10:20,Completed
Xyz8507317,Atlas,DC,09-06-2026 10:00,09-06-2026 10:02,Completed
Xyz8507445,Atlas,DC,09-06-2026 10:03,09-06-2026 12:10,Completed
Xyz8507631,Atlas,DC,09-06-2026 10:01,09-06-2026 10:23,Completed
Xyz8507719,Atlas,DC,09-06-2026 10:01,09-06-2026 10:25,Completed
Xyz8507800,Atlas,DC,09-06-2026 10:01,09-06-2026 10:02,Completed
Xyz8507843,Atlas,DC,09-06-2026 10:01,09-06-2026 10:06,Completed
Xyz8508029,Atlas,DC,09-06-2026 10:01,09-06-2026 10:02,Completed
Xyz8508113,Atlas,DC,09-06-2026 10:03,09-06-2026 10:22,Completed
Xyz8508163,Atlas,DC,09-06-2026 10:03,09-06-2026 10:09,Completed
Xyz8508274,Atlas,DC,09-06-2026 10:01,09-06-2026 10:02,Completed
Xyz8508559,Atlas,DC,09-06-2026 10:03,09-06-2026 10:04,Completed
Xyz8508572,Atlas,DC,09-06-2026 10:01,09-06-2026 10:02,Completed
Xyz8508641,Atlas,DC,09-06-2026 10:03,09-06-2026 10:03,Completed
Xyz8508743,Atlas,DC,09-06-2026 10:01,09-06-2026 10:02,Completed
Xyz8508778,Atlas,DC,09-06-2026 10:01,09-06-2026 10:02,Completed
Xyz8508843,Atlas,DC,09-06-2026 10:00,09-06-2026 10:01,Completed
Xyz8508966,Atlas,DC,09-06-2026 10:01,09-06-2026 10:09,Completed
Xyz8509039,Atlas,DC,09-06-2026 10:02,09-06-2026 10:07,Completed
Xyz8509208,Atlas,DC,09-06-2026 10:01,09-06-2026 10:22,Completed
Xyz8509335,Atlas,DC,09-06-2026 10:00,09-06-2026 10:20,Completed
Xyz8509618,Atlas,DC,09-06-2026 10:01,09-06-2026 10:21,Completed
Xyz8509822,Atlas,DC,09-06-2026 10:01,09-06-2026 10:09,Completed
Xyz8509825,Atlas,DC,09-06-2026 10:01,09-06-2026 10:01,Completed
Xyz8510010,Atlas,DC,09-06-2026 10:01,09-06-2026 10:21,Completed
Xyz8510026,Atlas,DC,09-06-2026 10:01,09-06-2026 10:02,Completed
Xyz8510034,Atlas,DC,09-06-2026 10:04,09-06-2026 10:21,Completed
Xyz8510072,Atlas,DC,09-06-2026 10:03,09-06-2026 10:04,Completed
Xyz8510297,Atlas,DC,09-06-2026 10:01,09-06-2026 10:04,Completed
Xyz8510333,Atlas,DC,09-06-2026 10:00,09-06-2026 10:22,Completed
Xyz8510422,Atlas,DC,09-06-2026 10:03,09-06-2026 10:04,Completed
Xyz8510449,Atlas,DC,09-06-2026 10:00,09-06-2026 10:01,Completed
Xyz8510510,Atlas,DC,09-06-2026 10:01,09-06-2026 10:01,Completed
Xyz8510546,Atlas,DC,09-06-2026 10:04,09-06-2026 15:08,Completed
Xyz8510615,Atlas,DC,09-06-2026 10:02,09-06-2026 10:10,Completed
Xyz8510659,Atlas,DC,09-06-2026 10:03,09-06-2026 10:04,Completed
Xyz8510669,Atlas,DC,09-06-2026 10:01,09-06-2026 10:21,Completed
Xyz8510770,Atlas,DC,09-06-2026 10:01,09-06-2026 10:02,Completed
Xyz8510798,Atlas,DC,09-06-2026 10:03,09-06-2026 10:04,Completed
Xyz8510832,Atlas,DC,09-06-2026 10:00,09-06-2026 12:21,Completed
Xyz8511042,Atlas,DC,09-06-2026 10:02,09-06-2026 11:37,Completed
Xyz8511235,Atlas,DC,09-06-2026 10:03,09-06-2026 10:04,Completed
Xyz8511236,Atlas,DC,09-06-2026 10:00,09-06-2026 10:01,Completed
Xyz8511311,Atlas,DC,09-06-2026 10:01,09-06-2026 10:05,Completed
Xyz8511406,Atlas,DC,09-06-2026 10:03,09-06-2026 15:09,Completed
Xyz8511455,Atlas,DC,09-06-2026 10:02,09-06-2026 10:02,Completed
Xyz8511581,Atlas,DC,09-06-2026 10:01,09-06-2026 11:37,Completed
Xyz8511804,Atlas,DC,09-06-2026 10:00,09-06-2026 10:01,Completed
Xyz8511850,Atlas,DC,09-06-2026 10:01,09-06-2026 10:22,Completed
Xyz8511901,Atlas,DC,09-06-2026 10:03,09-06-2026 10:04,Completed
Xyz8512369,Atlas,DC,09-06-2026 10:03,09-06-2026 10:22,Completed
Xyz8512647,Atlas,DC,09-06-2026 10:01,09-06-2026 10:20,Completed
Xyz8512757,Atlas,DC,09-06-2026 10:01,09-06-2026 10:22,Completed
Xyz8513170,Atlas,DC,09-06-2026 10:02,09-06-2026 10:03,Completed
Xyz8513257,Atlas,DC,09-06-2026 10:00,09-06-2026 10:01,Completed
Xyz8513364,Atlas,DC,09-06-2026 10:00,09-06-2026 10:01,Completed
Xyz8513402,Atlas,DC,09-06-2026 10:03,09-06-2026 10:04,Completed
Xyz8513423,Atlas,DC,09-06-2026 10:00,09-06-2026 10:01,Completed
Xyz8513468,Atlas,DC,09-06-2026 10:02,09-06-2026 10:03,Completed
Xyz8513668,Atlas,DC,09-06-2026 10:01,09-06-2026 12:22,Completed
Xyz8513682,Atlas,DC,09-06-2026 10:02,09-06-2026 10:03,Completed
Xyz8513838,Atlas,DC,09-06-2026 10:03,09-06-2026 10:05,Completed
Xyz8513841,Atlas,DC,09-06-2026 10:02,09-06-2026 10:20,Completed
Xyz8513882,Atlas,DC,09-06-2026 10:03,09-06-2026 10:04,Completed
Xyz8513883,Atlas,DC,09-06-2026 10:03,09-06-2026 10:04,Completed
Xyz8513948,Atlas,DC,09-06-2026 10:03,09-06-2026 10:04,Completed
Xyz8514072,Atlas,DC,09-06-2026 10:02,09-06-2026 10:32,Completed
Xyz8514147,Atlas,DC,09-06-2026 10:01,09-06-2026 11:25,Completed
Xyz8514264,Atlas,DC,09-06-2026 10:02,09-06-2026 10:05,Completed
Xyz8514286,Atlas,DC,09-06-2026 10:02,09-06-2026 10:03,Completed
Xyz8514298,Atlas,DC,09-06-2026 10:02,09-06-2026 10:03,Completed
Xyz8514312,Atlas,DC,09-06-2026 10:00,09-06-2026 10:01,Completed
Xyz8514327,Atlas,DC,09-06-2026 10:03,09-06-2026 10:04,Completed
Xyz8514352,Atlas,DC,09-06-2026 10:03,09-06-2026 10:40,Completed
Xyz8514381,Atlas,DC,09-06-2026 10:01,09-06-2026 10:02,Completed
Xyz8514383,Atlas,DC,09-06-2026 10:03,09-06-2026 10:04,Completed
Xyz8514395,Atlas,DC,09-06-2026 10:01,09-06-2026 10:02,Completed
Xyz8514411,Atlas,DC,09-06-2026 10:01,09-06-2026 10:02,Completed
Xyz8514460,Atlas,DC,09-06-2026 10:03,09-06-2026 10:44,Completed
Xyz8514543,Atlas,DC,09-06-2026 10:01,09-06-2026 10:01,Completed
Xyz8514598,Atlas,DC,09-06-2026 10:02,09-06-2026 10:03,Completed
Xyz8514630,Atlas,DC,09-06-2026 10:03,09-06-2026 10:04,Completed
Xyz8514757,Atlas,DC,09-06-2026 10:01,09-06-2026 10:02,Completed
Xyz8514818,Atlas,DC,09-06-2026 10:02,09-06-2026 10:03,Completed
Xyz8514925,Atlas,DC,09-06-2026 10:00,09-06-2026 10:38,Completed
Xyz8514945,Atlas,DC,09-06-2026 10:00,09-06-2026 10:36,Completed
Xyz8515155,Atlas,DC,09-06-2026 10:01,09-06-2026 10:38,Completed
Xyz8515300,Atlas,DC,09-06-2026 10:00,09-06-2026 10:02,Completed
Xyz8515493,Atlas,DC,09-06-2026 10:03,09-06-2026 10:03,Completed
Xyz8515580,Atlas,DC,09-06-2026 10:01,09-06-2026 10:32,Completed
Xyz8515615,Atlas,DC,09-06-2026 10:00,09-06-2026 10:02,Completed
Xyz8515756,Atlas,DC,09-06-2026 10:03,09-06-2026 10:17,Completed
Xyz8515775,Atlas,DC,09-06-2026 10:01,09-06-2026 10:02,Completed
Xyz8515955,Atlas,DC,09-06-2026 10:03,09-06-2026 10:04,Completed
Xyz8516046,Atlas,DC,09-06-2026 10:02,09-06-2026 10:02,Completed
Xyz8516149,Atlas,DC,09-06-2026 10:02,-NA-,Expired
Xyz8516192,Atlas,DC,09-06-2026 10:03,09-06-2026 10:15,Completed
Xyz8516209,Atlas,DC,09-06-2026 10:00,09-06-2026 10:01,Completed
Xyz8516314,Atlas,DC,09-06-2026 10:00,09-06-2026 10:01,Completed
Xyz8516902,Atlas,DC,09-06-2026 10:03,09-06-2026 10:26,Completed
Xyz8516977,Atlas,DC,09-06-2026 10:03,09-06-2026 10:03,Completed
Xyz8516979,Atlas,DC,09-06-2026 10:01,09-06-2026 10:02,Completed
Xyz8517003,Atlas,DC,09-06-2026 10:00,09-06-2026 10:01,Completed
Xyz8517039,Atlas,DC,09-06-2026 10:03,-NA-,Expired
Xyz8517054,Atlas,DC,09-06-2026 10:03,09-06-2026 10:03,Completed
Xyz8517069,Atlas,DC,09-06-2026 10:00,09-06-2026 10:01,Completed
Xyz8517115,Atlas,DC,09-06-2026 10:00,09-06-2026 10:32,Completed
Xyz8517146,Atlas,DC,09-06-2026 10:01,09-06-2026 10:03,Completed
Xyz8517208,Atlas,DC,09-06-2026 10:00,09-06-2026 10:01,Completed
Xyz8517278,Atlas,DC,09-06-2026 10:03,09-06-2026 10:03,Completed
Xyz8517306,Atlas,DC,09-06-2026 10:01,09-06-2026 10:02,Completed
Xyz8517655,Atlas,DC,09-06-2026 10:03,09-06-2026 10:04,Completed
Xyz8517666,Atlas,DC,09-06-2026 10:00,09-06-2026 10:32,Completed
Xyz8517741,Atlas,DC,09-06-2026 10:01,09-06-2026 10:02,Completed
Xyz8517749,Atlas,DC,09-06-2026 10:03,09-06-2026 10:32,Completed
Xyz8517769,Atlas,DC,09-06-2026 10:00,09-06-2026 10:03,Completed
Xyz8517891,Atlas,DC,09-06-2026 10:03,09-06-2026 10:03,Completed
Xyz8518156,Atlas,DC,09-06-2026 10:01,09-06-2026 10:02,Completed
Xyz8518191,Atlas,DC,09-06-2026 10:00,09-06-2026 10:03,Completed
Xyz8518198,Atlas,DC,09-06-2026 10:03,09-06-2026 10:03,Completed
Xyz8518305,Atlas,DC,09-06-2026 10:01,09-06-2026 10:01,Completed
Xyz8518333,Atlas,DC,09-06-2026 10:02,09-06-2026 10:03,Completed
Xyz8518499,Atlas,DC,09-06-2026 10:00,09-06-2026 10:01,Completed
Xyz8518541,Atlas,DC,09-06-2026 10:03,09-06-2026 10:32,Completed
Xyz8518565,Atlas,DC,09-06-2026 10:01,09-06-2026 10:02,Completed
Xyz8518617,Atlas,DC,09-06-2026 10:03,-NA-,Expired
Xyz8518632,Atlas,DC,09-06-2026 10:00,09-06-2026 10:01,Completed
Xyz8518669,Atlas,DC,09-06-2026 10:00,09-06-2026 10:01,Completed
Xyz8518858,Atlas,DC,09-06-2026 10:01,09-06-2026 10:07,Completed
Xyz8518877,Atlas,DC,09-06-2026 10:01,09-06-2026 10:01,Completed
Xyz8518912,Atlas,DC,09-06-2026 10:01,09-06-2026 10:01,Completed
Xyz8518922,Atlas,DC,09-06-2026 10:01,09-06-2026 10:09,Completed
Xyz8519006,Atlas,DC,09-06-2026 10:00,09-06-2026 10:14,Completed
Xyz8519061,Atlas,DC,09-06-2026 10:01,09-06-2026 10:02,Completed
Xyz8519189,Atlas,DC,09-06-2026 10:03,09-06-2026 10:04,Completed
Xyz8519241,Atlas,DC,09-06-2026 10:03,09-06-2026 10:04,Completed
Xyz8519263,Atlas,DC,09-06-2026 10:01,09-06-2026 10:09,Completed
Xyz8519264,Atlas,DC,09-06-2026 10:01,09-06-2026 10:02,Completed
Xyz8519291,Atlas,DC,09-06-2026 10:01,09-06-2026 10:01,Completed
Xyz8519335,Atlas,DC,09-06-2026 10:01,09-06-2026 10:38,Completed
Xyz8519350,Atlas,DC,09-06-2026 10:01,09-06-2026 10:01,Completed
Xyz8519394,Atlas,DC,09-06-2026 10:01,09-06-2026 10:03,Completed
Xyz8519498,Atlas,DC,09-06-2026 10:02,09-06-2026 10:02,Completed
Xyz8519606,Atlas,DC,09-06-2026 10:01,09-06-2026 10:02,Completed
Xyz8519616,Atlas,DC,09-06-2026 10:01,09-06-2026 10:02,Completed
Xyz8519643,Atlas,DC,09-06-2026 10:01,09-06-2026 10:02,Completed
Xyz8519656,Atlas,DC,09-06-2026 10:01,09-06-2026 10:02,Completed
Xyz8519794,Atlas,DC,09-06-2026 10:00,09-06-2026 10:31,Completed
Xyz8520035,Atlas,DC,09-06-2026 10:01,09-06-2026 10:07,Completed
Xyz8520042,Atlas,DC,09-06-2026 10:02,09-06-2026 10:03,Completed
Xyz8520082,Atlas,DC,09-06-2026 10:03,09-06-2026 14:23,Completed
Xyz8520163,Atlas,DC,09-06-2026 10:00,09-06-2026 10:01,Completed
Xyz8520196,Atlas,DC,09-06-2026 10:00,09-06-2026 10:01,Completed
Xyz8520205,Atlas,DC,09-06-2026 10:02,09-06-2026 10:09,Completed
Xyz8520265,Atlas,DC,09-06-2026 10:02,09-06-2026 10:03,Completed
Xyz8520414,Atlas,DC,09-06-2026 10:03,09-06-2026 10:04,Completed
Xyz8520484,Atlas,DC,09-06-2026 10:03,09-06-2026 10:40,Completed
Xyz8520588,Atlas,DC,09-06-2026 10:03,09-06-2026 10:03,Completed
Xyz8520599,Atlas,DC,09-06-2026 10:01,09-06-2026 10:01,Completed
Xyz8520602,Atlas,DC,09-06-2026 10:02,09-06-2026 10:03,Completed
Xyz8520641,Atlas,DC,09-06-2026 10:02,09-06-2026 10:02,Completed
Xyz8520678,Atlas,DC,09-06-2026 10:03,09-06-2026 10:05,Completed
Xyz8520731,Atlas,DC,09-06-2026 10:01,09-06-2026 10:09,Completed
Xyz8520889,Atlas,DC,09-06-2026 10:03,09-06-2026 10:07,Completed
Xyz8520918,Atlas,DC,09-06-2026 10:02,09-06-2026 10:09,Completed
Xyz8521075,Atlas,DC,09-06-2026 10:04,09-06-2026 10:09,Completed
Xyz8521129,Atlas,DC,09-06-2026 10:00,09-06-2026 10:01,Completed
Xyz8521174,Atlas,DC,09-06-2026 10:00,09-06-2026 10:01,Completed
Xyz8521250,Atlas,DC,09-06-2026 10:03,09-06-2026 10:03,Completed
Xyz8521432,Atlas,DC,09-06-2026 10:00,09-06-2026 10:05,Completed
Xyz8521463,Atlas,DC,09-06-2026 10:02,09-06-2026 10:06,Completed
Xyz8521534,Atlas,DC,09-06-2026 10:01,09-06-2026 10:02,Completed
Xyz8521539,Atlas,DC,09-06-2026 10:01,09-06-2026 10:01,Completed
Xyz8521818,Atlas,DC,09-06-2026 10:01,09-06-2026 10:02,Completed
Xyz8521826,Atlas,DC,09-06-2026 10:01,09-06-2026 10:03,Completed
Xyz8521922,Atlas,DC,09-06-2026 10:02,09-06-2026 10:43,Completed
Xyz8521980,Atlas,DC,09-06-2026 10:00,09-06-2026 10:01,Completed
Xyz8522006,Atlas,DC,09-06-2026 10:00,09-06-2026 10:09,Completed
Xyz8522029,Atlas,DC,09-06-2026 10:00,09-06-2026 10:11,Completed
Xyz8522058,Atlas,DC,09-06-2026 10:01,09-06-2026 10:09,Completed
Xyz8522069,Atlas,DC,09-06-2026 10:01,09-06-2026 10:02,Completed
Xyz8522129,Atlas,DC,09-06-2026 10:02,09-06-2026 10:09,Completed
Xyz8522166,Atlas,DC,09-06-2026 10:02,-NA-,Expired
Xyz8522199,Atlas,DC,09-06-2026 10:00,09-06-2026 10:12,Completed
Xyz8522220,Atlas,DC,09-06-2026 10:03,09-06-2026 10:10,Completed
Xyz8522223,Atlas,DC,09-06-2026 10:01,09-06-2026 10:10,Completed
Xyz8522312,Atlas,DC,09-06-2026 10:03,09-06-2026 10:10,Completed
Xyz8522315,Atlas,DC,09-06-2026 10:01,09-06-2026 10:02,Completed
Xyz8522323,Atlas,DC,09-06-2026 10:01,09-06-2026 10:02,Completed
Xyz8522328,Atlas,DC,09-06-2026 10:01,09-06-2026 10:02,Completed
Xyz8522331,Atlas,DC,09-06-2026 10:00,09-06-2026 10:07,Completed
Xyz8522408,Atlas,DC,09-06-2026 10:01,09-06-2026 10:02,Completed
Xyz8522608,Atlas,DC,09-06-2026 10:00,09-06-2026 10:11,Completed
Xyz8522705,Atlas,DC,09-06-2026 10:03,09-06-2026 10:08,Completed
Xyz8522762,Atlas,DC,09-06-2026 10:00,09-06-2026 10:44,Completed
Xyz8522814,Atlas,DC,09-06-2026 10:01,09-06-2026 10:09,Completed
Xyz8522826,Atlas,DC,09-06-2026 10:01,09-06-2026 10:14,Completed
Xyz8523029,Atlas,DC,09-06-2026 10:03,09-06-2026 10:08,Completed
Xyz8523120,Atlas,DC,09-06-2026 10:03,09-06-2026 10:04,Completed
Xyz8523124,Atlas,DC,09-06-2026 10:02,09-06-2026 10:09,Completed
Xyz8523159,Atlas,DC,09-06-2026 10:01,09-06-2026 10:02,Completed
Xyz8523189,Atlas,DC,09-06-2026 10:01,09-06-2026 10:02,Completed
Xyz8523238,Atlas,DC,09-06-2026 10:00,09-06-2026 10:01,Completed
Xyz8523367,Atlas,DC,09-06-2026 10:02,09-06-2026 10:10,Completed
Xyz8523379,Atlas,DC,09-06-2026 10:01,-NA-,Expired
Xyz8523388,Atlas,DC,09-06-2026 10:01,09-06-2026 10:01,Completed
Xyz8523474,Atlas,DC,09-06-2026 10:02,09-06-2026 10:03,Completed
Xyz8523481,Atlas,DC,09-06-2026 10:01,09-06-2026 10:02,Completed
Xyz8523604,Atlas,DC,09-06-2026 10:03,09-06-2026 10:03,Completed
Xyz8523636,Atlas,DC,09-06-2026 10:01,09-06-2026 10:02,Completed
Xyz8523648,Atlas,DC,09-06-2026 10:01,09-06-2026 10:07,Completed
Xyz8523686,Atlas,DC,09-06-2026 10:03,09-06-2026 14:11,Completed
Xyz8523703,Atlas,DC,09-06-2026 10:01,09-06-2026 10:02,Completed
Xyz8523746,Atlas,DC,09-06-2026 10:01,09-06-2026 10:02,Completed
Xyz8524105,Atlas,DC,09-06-2026 10:02,09-06-2026 10:07,Completed
Xyz8524202,Atlas,DC,09-06-2026 10:01,09-06-2026 10:01,Completed
Xyz8524340,Atlas,DC,09-06-2026 10:03,09-06-2026 14:05,Completed
Xyz8524349,Atlas,DC,09-06-2026 10:02,09-06-2026 10:12,Completed
Xyz8524384,Atlas,DC,09-06-2026 10:03,09-06-2026 14:05,Completed
Xyz8524453,Atlas,DC,09-06-2026 10:03,09-06-2026 14:09,Completed
Xyz8524548,Atlas,DC,09-06-2026 10:03,09-06-2026 14:08,Completed
Xyz8524627,Atlas,DC,09-06-2026 10:03,09-06-2026 14:04,Completed
Xyz8524656,Atlas,DC,09-06-2026 10:00,09-06-2026 10:09,Completed
Xyz8524704,Atlas,DC,09-06-2026 10:03,09-06-2026 10:03,Completed
Xyz8524706,Atlas,DC,09-06-2026 10:01,09-06-2026 14:34,Completed
Xyz8524765,Atlas,DC,09-06-2026 10:01,09-06-2026 10:01,Completed
Xyz8524922,Atlas,DC,09-06-2026 10:01,-NA-,Expired
Xyz8524934,Atlas,DC,09-06-2026 10:00,09-06-2026 11:19,Completed
Xyz8524964,Atlas,DC,09-06-2026 10:02,09-06-2026 10:10,Completed
Xyz8525008,Atlas,DC,09-06-2026 10:01,09-06-2026 10:02,Completed
Xyz8525010,Atlas,DC,09-06-2026 10:03,09-06-2026 10:04,Completed
Xyz8525071,Atlas,DC,09-06-2026 10:03,09-06-2026 10:03,Completed
Xyz8525124,Atlas,DC,09-06-2026 10:01,09-06-2026 10:21,Completed
Xyz8525230,Atlas,DC,09-06-2026 10:00,09-06-2026 11:14,Completed
Xyz8525254,Atlas,DC,09-06-2026 10:01,09-06-2026 10:02,Completed
Xyz8525339,Atlas,DC,09-06-2026 10:00,09-06-2026 10:01,Completed
Xyz8525436,Atlas,DC,09-06-2026 10:00,09-06-2026 10:40,Completed
Xyz8525635,Atlas,DC,09-06-2026 10:01,09-06-2026 10:45,Completed
Xyz8525636,Atlas,DC,09-06-2026 10:00,09-06-2026 10:46,Completed
Xyz8525711,Atlas,DC,09-06-2026 10:03,09-06-2026 10:04,Completed
Xyz8525820,Atlas,DC,09-06-2026 10:01,09-06-2026 10:01,Completed
Xyz8525874,Atlas,DC,09-06-2026 10:01,09-06-2026 10:40,Completed
Xyz8525979,Atlas,DC,09-06-2026 10:03,09-06-2026 10:03,Completed
Xyz8525997,Atlas,DC,09-06-2026 10:00,09-06-2026 10:01,Completed
Xyz8526000,Atlas,DC,09-06-2026 10:02,09-06-2026 10:03,Completed
Xyz8526133,Atlas,DC,09-06-2026 10:03,09-06-2026 10:03,Completed
Xyz8526234,Atlas,DC,09-06-2026 10:00,09-06-2026 10:01,Completed
Xyz8526510,Atlas,DC,09-06-2026 10:01,09-06-2026 10:04,Completed
Xyz8526567,Atlas,DC,09-06-2026 10:01,09-06-2026 10:01,Completed
Xyz8526684,Atlas,DC,09-06-2026 10:01,09-06-2026 10:02,Completed
Xyz8526717,Atlas,DC,09-06-2026 10:03,09-06-2026 10:03,Completed
Xyz8526820,Atlas,DC,09-06-2026 10:03,09-06-2026 10:34,Completed
Xyz8526854,Atlas,DC,09-06-2026 10:03,09-06-2026 10:04,Completed
Xyz8526898,Atlas,DC,09-06-2026 10:00,09-06-2026 10:22,Completed
Xyz8526913,Atlas,DC,09-06-2026 10:03,-NA-,Expired
Xyz8527045,Atlas,DC,09-06-2026 10:03,09-06-2026 10:03,Completed
Xyz8527060,Atlas,DC,09-06-2026 10:02,09-06-2026 10:17,Completed
Xyz8527200,Atlas,DC,09-06-2026 10:03,09-06-2026 10:03,Completed
Xyz8527220,Atlas,DC,09-06-2026 10:01,09-06-2026 10:13,Completed
Xyz8527225,Atlas,DC,09-06-2026 10:03,09-06-2026 10:03,Completed
Xyz8527227,Atlas,DC,09-06-2026 10:00,09-06-2026 10:01,Completed
Xyz8527355,Atlas,DC,09-06-2026 10:01,09-06-2026 10:02,Completed
Xyz8527415,Atlas,DC,09-06-2026 10:03,09-06-2026 10:20,Completed
Xyz8527425,Atlas,DC,09-06-2026 10:03,09-06-2026 10:04,Completed
Xyz8527448,Atlas,DC,09-06-2026 10:01,09-06-2026 10:02,Completed
Xyz8527569,Atlas,DC,09-06-2026 10:02,09-06-2026 10:03,Completed
Xyz8527663,Atlas,DC,09-06-2026 10:01,09-06-2026 10:01,Completed
Xyz8527736,Atlas,DC,09-06-2026 10:01,09-06-2026 10:21,Completed
Xyz8527789,Atlas,DC,09-06-2026 10:01,09-06-2026 10:21,Completed
Xyz8527795,Atlas,DC,09-06-2026 10:01,09-06-2026 10:02,Completed
Xyz8527844,Atlas,DC,09-06-2026 10:01,09-06-2026 10:03,Completed
Xyz8527848,Atlas,DC,09-06-2026 10:03,09-06-2026 10:04,Completed
Xyz8527955,Atlas,DC,09-06-2026 10:03,09-06-2026 10:04,Completed
Xyz8527995,Atlas,DC,09-06-2026 10:02,09-06-2026 10:04,Completed
Xyz8528023,Atlas,DC,09-06-2026 10:01,09-06-2026 10:01,Completed
Xyz8528026,Atlas,DC,09-06-2026 10:01,09-06-2026 10:02,Completed
Xyz8528056,Atlas,DC,09-06-2026 10:00,09-06-2026 10:01,Completed
Xyz8528116,Atlas,DC,09-06-2026 10:03,09-06-2026 10:04,Completed
Xyz8528281,Atlas,DC,09-06-2026 10:01,09-06-2026 10:02,Completed
Xyz8528304,Atlas,DC,09-06-2026 10:03,09-06-2026 10:03,Completed
Xyz8528381,Atlas,DC,09-06-2026 10:00,09-06-2026 10:01,Completed
Xyz8528445,Atlas,DC,09-06-2026 10:03,09-06-2026 10:04,Completed
Xyz8528581,Atlas,DC,09-06-2026 10:00,09-06-2026 10:04,Completed
Xyz8528726,Atlas,DC,09-06-2026 10:03,09-06-2026 10:03,Completed
Xyz8528781,Atlas,DC,09-06-2026 10:00,09-06-2026 10:01,Completed
Xyz8528797,Atlas,DC,09-06-2026 10:02,09-06-2026 10:03,Completed
Xyz8528829,Atlas,DC,09-06-2026 10:02,09-06-2026 10:06,Completed
Xyz8528979,Atlas,DC,09-06-2026 10:01,09-06-2026 10:04,Completed
Xyz8529008,Atlas,DC,09-06-2026 10:00,09-06-2026 10:21,Completed
Xyz8529037,Atlas,DC,09-06-2026 10:00,09-06-2026 10:01,Completed
Xyz8529212,Atlas,DC,09-06-2026 10:00,09-06-2026 10:01,Completed
Xyz8529237,Atlas,DC,09-06-2026 10:01,09-06-2026 11:06,Completed
Xyz8529281,Atlas,DC,09-06-2026 10:02,09-06-2026 10:04,Completed
Xyz8529285,Atlas,DC,09-06-2026 10:02,09-06-2026 10:03,Completed
Xyz8529516,Atlas,DC,09-06-2026 10:03,09-06-2026 10:03,Completed
Xyz8529603,Atlas,DC,09-06-2026 10:01,09-06-2026 10:44,Completed
Xyz8529851,Atlas,DC,09-06-2026 10:01,09-06-2026 10:01,Completed
Xyz8530030,Atlas,DC,09-06-2026 10:00,09-06-2026 10:01,Completed
Xyz8530077,Atlas,DC,09-06-2026 10:03,09-06-2026 10:03,Completed
Xyz8530145,Atlas,DC,09-06-2026 10:03,09-06-2026 10:04,Completed
Xyz8530221,Atlas,DC,09-06-2026 10:01,09-06-2026 10:32,Completed
Xyz8530242,Atlas,DC,09-06-2026 10:01,09-06-2026 10:01,Completed
Xyz8530273,Atlas,DC,09-06-2026 10:01,09-06-2026 10:01,Completed
Xyz8530310,Atlas,DC,09-06-2026 10:00,09-06-2026 10:01,Completed
Xyz8530375,Atlas,DC,09-06-2026 10:01,09-06-2026 10:01,Completed
Xyz8530472,Atlas,DC,09-06-2026 10:03,09-06-2026 10:22,Completed
Xyz8530626,Atlas,DC,09-06-2026 10:00,09-06-2026 10:01,Completed
Xyz8530742,Atlas,DC,09-06-2026 10:02,09-06-2026 10:03,Completed
Xyz8530792,Atlas,DC,09-06-2026 10:02,09-06-2026 10:03,Completed
Xyz8530798,Atlas,DC,09-06-2026 10:03,09-06-2026 10:04,Completed
Xyz8530817,Atlas,DC,09-06-2026 10:01,09-06-2026 10:02,Completed
Xyz8530839,Atlas,DC,09-06-2026 10:01,09-06-2026 10:02,Completed
Xyz8530872,Atlas,DC,09-06-2026 10:01,09-06-2026 10:02,Completed
Xyz8530926,Atlas,DC,09-06-2026 10:01,09-06-2026 10:01,Completed
Xyz8530962,Atlas,DC,09-06-2026 10:03,09-06-2026 10:03,Completed
Xyz8530991,Atlas,DC,09-06-2026 10:01,09-06-2026 10:02,Completed
Xyz8531056,Atlas,DC,09-06-2026 10:01,09-06-2026 10:01,Completed
Xyz8531087,Atlas,DC,09-06-2026 10:02,09-06-2026 10:03,Completed
Xyz8531149,Atlas,DC,09-06-2026 10:01,09-06-2026 10:25,Completed
Xyz8531239,Atlas,DC,09-06-2026 10:03,09-06-2026 10:03,Completed
Xyz8531395,Atlas,DC,09-06-2026 10:03,09-06-2026 10:04,Completed
Xyz8531444,Atlas,DC,09-06-2026 10:01,09-06-2026 10:07,Completed
Xyz8531466,Atlas,DC,09-06-2026 10:03,09-06-2026 10:04,Completed
Xyz8531546,Atlas,DC,09-06-2026 10:03,09-06-2026 10:07,Completed
Xyz8531570,Atlas,DC,09-06-2026 10:01,09-06-2026 10:01,Completed
Xyz8531576,Atlas,DC,09-06-2026 10:00,09-06-2026 10:01,Completed
Xyz8531617,Atlas,DC,09-06-2026 10:03,-NA-,Expired
Xyz8531618,Atlas,DC,09-06-2026 10:01,09-06-2026 10:12,Completed
Xyz8531646,Atlas,DC,09-06-2026 10:03,09-06-2026 10:04,Completed
Xyz8531673,Atlas,DC,09-06-2026 10:03,09-06-2026 10:04,Completed
Xyz8531712,Atlas,DC,09-06-2026 10:01,09-06-2026 10:02,Completed
Xyz8531823,Atlas,DC,09-06-2026 10:02,09-06-2026 10:03,Completed
Xyz8531865,Atlas,DC,09-06-2026 10:03,09-06-2026 10:11,Completed
Xyz8531872,Atlas,DC,09-06-2026 10:00,09-06-2026 10:01,Completed
Xyz8531961,Atlas,DC,09-06-2026 10:00,09-06-2026 10:01,Completed
Xyz8532068,Atlas,DC,09-06-2026 10:00,09-06-2026 10:10,Completed
Xyz8532073,Atlas,DC,09-06-2026 10:01,09-06-2026 10:02,Completed
Xyz8532205,Atlas,DC,09-06-2026 10:03,09-06-2026 10:03,Completed
Xyz8532214,Atlas,DC,09-06-2026 10:01,09-06-2026 10:02,Completed
Xyz8532281,Atlas,DC,09-06-2026 10:02,09-06-2026 10:06,Completed
Xyz8532282,Atlas,DC,09-06-2026 10:00,09-06-2026 10:05,Completed
Xyz8532357,Atlas,DC,09-06-2026 10:01,09-06-2026 10:02,Completed
Xyz8532451,Atlas,DC,09-06-2026 10:00,09-06-2026 10:01,Completed
Xyz8532768,Atlas,DC,09-06-2026 10:00,09-06-2026 10:01,Completed
Xyz8532883,Atlas,DC,09-06-2026 10:03,09-06-2026 11:20,Completed
Xyz8532901,Atlas,DC,09-06-2026 10:03,09-06-2026 10:04,Completed
Xyz8532915,Atlas,DC,09-06-2026 10:02,09-06-2026 11:22,Completed
Xyz8532985,Atlas,DC,09-06-2026 10:00,09-06-2026 10:01,Completed
Xyz8532986,Atlas,DC,09-06-2026 10:01,09-06-2026 10:01,Completed
Xyz8532987,Atlas,DC,09-06-2026 10:02,09-06-2026 10:03,Completed
Xyz8533010,Atlas,DC,09-06-2026 10:01,09-06-2026 10:02,Completed
Xyz8533021,Atlas,DC,09-06-2026 10:03,09-06-2026 10:04,Completed
Xyz8533036,Atlas,DC,09-06-2026 10:01,09-06-2026 10:30,Completed
Xyz8533107,Atlas,DC,09-06-2026 10:01,09-06-2026 10:02,Completed
Xyz8533174,Atlas,DC,09-06-2026 10:01,09-06-2026 10:01,Completed
Xyz8533213,Atlas,DC,09-06-2026 10:03,09-06-2026 10:03,Completed
Xyz8533242,Atlas,DC,09-06-2026 10:03,09-06-2026 10:03,Completed
Xyz8533269,Atlas,DC,09-06-2026 10:03,09-06-2026 11:19,Completed
Xyz8533345,Atlas,DC,09-06-2026 10:01,09-06-2026 10:03,Completed
Xyz8533432,Atlas,DC,09-06-2026 10:01,09-06-2026 10:08,Completed
Xyz8533595,Atlas,DC,09-06-2026 10:03,09-06-2026 10:04,Completed
Xyz8533787,Atlas,DC,09-06-2026 10:00,09-06-2026 10:01,Completed
Xyz8533811,Atlas,DC,09-06-2026 10:01,09-06-2026 10:02,Completed
Xyz8533823,Atlas,DC,09-06-2026 10:01,09-06-2026 10:02,Completed
Xyz8533824,Atlas,DC,09-06-2026 10:03,09-06-2026 10:03,Completed
Xyz8534002,Atlas,DC,09-06-2026 10:01,09-06-2026 11:19,Completed
Xyz8534133,Atlas,DC,09-06-2026 10:01,09-06-2026 10:02,Completed
Xyz8534277,Atlas,DC,09-06-2026 10:01,09-06-2026 10:02,Completed
Xyz8534312,Atlas,DC,09-06-2026 10:03,09-06-2026 10:04,Completed
Xyz8534646,Atlas,DC,09-06-2026 10:01,09-06-2026 10:06,Completed
Xyz8534674,Atlas,DC,09-06-2026 10:00,09-06-2026 10:01,Completed
Xyz8534757,Atlas,DC,09-06-2026 10:03,09-06-2026 10:04,Completed
Xyz8534902,Atlas,DC,09-06-2026 10:01,09-06-2026 10:08,Completed
Xyz8534954,Atlas,DC,09-06-2026 10:01,09-06-2026 10:11,Completed
Xyz8535070,Atlas,DC,09-06-2026 10:01,09-06-2026 14:35,Completed
Xyz8535082,Atlas,DC,09-06-2026 10:03,09-06-2026 10:04,Completed
Xyz8535271,Atlas,DC,09-06-2026 10:01,09-06-2026 10:05,Completed
Xyz8535379,Atlas,DC,09-06-2026 10:03,09-06-2026 10:04,Completed
Xyz8535399,Atlas,DC,09-06-2026 10:02,09-06-2026 10:02,Completed
Xyz8535572,Atlas,DC,09-06-2026 10:01,09-06-2026 10:07,Completed
Xyz8535632,Atlas,DC,09-06-2026 10:02,-NA-,Expired
Xyz8535828,Atlas,DC,09-06-2026 10:01,09-06-2026 10:02,Completed
Xyz8535906,Atlas,DC,09-06-2026 10:03,-NA-,Expired
Xyz8535938,Atlas,DC,09-06-2026 10:03,09-06-2026 10:04,Completed
Xyz8535945,Atlas,DC,09-06-2026 10:01,09-06-2026 10:01,Completed
Xyz8535947,Atlas,DC,09-06-2026 10:01,09-06-2026 10:02,Completed
Xyz8536210,Atlas,DC,09-06-2026 10:02,09-06-2026 10:03,Completed
Xyz8536232,Atlas,DC,09-06-2026 10:00,09-06-2026 10:03,Completed
Xyz8536239,Atlas,DC,09-06-2026 10:03,09-06-2026 10:03,Completed
Xyz8536382,Atlas,DC,09-06-2026 10:02,09-06-2026 10:03,Completed
Xyz8536404,Atlas,DC,09-06-2026 10:01,09-06-2026 10:02,Completed
Xyz8536440,Atlas,DC,09-06-2026 10:02,09-06-2026 10:03,Completed
Xyz8536461,Atlas,DC,09-06-2026 10:02,09-06-2026 10:03,Completed
Xyz8536544,Atlas,DC,09-06-2026 10:01,09-06-2026 10:01,Completed
Xyz8536650,Atlas,DC,09-06-2026 10:00,09-06-2026 10:01,Completed
Xyz8536714,Atlas,DC,09-06-2026 10:00,09-06-2026 10:03,Completed
Xyz8536735,Atlas,DC,09-06-2026 10:01,09-06-2026 10:02,Completed
Xyz8536743,Atlas,DC,09-06-2026 10:00,10-06-2026 09:01,Completed
Xyz8536937,Atlas,DC,09-06-2026 10:00,09-06-2026 10:03,Completed
Xyz8537019,Atlas,DC,09-06-2026 10:00,09-06-2026 10:01,Completed
Xyz8537065,Atlas,DC,09-06-2026 10:01,09-06-2026 10:01,Completed
Xyz8537211,Atlas,DC,09-06-2026 10:03,09-06-2026 10:03,Completed
Xyz8537267,Atlas,DC,09-06-2026 10:03,09-06-2026 10:04,Completed
Xyz8537280,Atlas,DC,09-06-2026 10:03,-NA-,Expired
Xyz8537322,Atlas,DC,09-06-2026 10:02,09-06-2026 10:02,Completed
Xyz8537353,Atlas,DC,09-06-2026 10:01,09-06-2026 10:01,Completed
Xyz8537359,Atlas,DC,09-06-2026 10:02,09-06-2026 10:02,Completed
Xyz8537377,Atlas,DC,09-06-2026 10:01,09-06-2026 10:01,Completed
Xyz8537408,Atlas,DC,09-06-2026 10:02,09-06-2026 10:03,Completed
Xyz8537438,Atlas,DC,09-06-2026 10:00,09-06-2026 10:01,Completed
Xyz8537513,Atlas,DC,09-06-2026 10:03,09-06-2026 10:03,Completed
Xyz8537553,Atlas,DC,09-06-2026 10:01,09-06-2026 10:02,Completed
Xyz8537568,Atlas,DC,09-06-2026 10:01,09-06-2026 10:02,Completed
Xyz8537575,Atlas,DC,09-06-2026 10:01,09-06-2026 10:03,Completed
Xyz8537665,Atlas,DC,09-06-2026 10:03,09-06-2026 10:04,Completed
Xyz8537669,Atlas,DC,09-06-2026 10:01,09-06-2026 10:02,Completed
Xyz8537680,Atlas,DC,09-06-2026 10:00,09-06-2026 10:13,Completed
Xyz8537725,Atlas,DC,09-06-2026 10:00,09-06-2026 10:02,Completed
Xyz8537740,Atlas,DC,09-06-2026 10:03,09-06-2026 10:03,Completed
Xyz8537890,Atlas,DC,09-06-2026 10:01,09-06-2026 10:02,Completed
Xyz8537917,Atlas,DC,09-06-2026 10:01,09-06-2026 10:01,Completed
Xyz8538063,Atlas,DC,09-06-2026 10:01,09-06-2026 10:37,Completed
Xyz8538128,Atlas,DC,09-06-2026 10:01,09-06-2026 10:10,Completed
Xyz8538166,Atlas,DC,09-06-2026 10:03,09-06-2026 10:04,Completed
Xyz8538181,Atlas,DC,09-06-2026 10:01,09-06-2026 10:02,Completed
Xyz8538356,Atlas,DC,09-06-2026 10:02,09-06-2026 10:23,Completed
Xyz8538357,Atlas,DC,09-06-2026 10:01,09-06-2026 10:02,Completed
Xyz8538414,Atlas,DC,09-06-2026 10:00,09-06-2026 10:01,Completed
Xyz8538419,Atlas,DC,09-06-2026 10:01,09-06-2026 10:02,Completed
Xyz8538437,Atlas,DC,09-06-2026 10:02,09-06-2026 10:03,Completed
Xyz8538472,Atlas,DC,09-06-2026 10:00,09-06-2026 10:01,Completed
Xyz8538479,Atlas,DC,09-06-2026 10:03,09-06-2026 10:03,Completed
Xyz8538511,Atlas,DC,09-06-2026 10:03,09-06-2026 10:03,Completed
Xyz8538635,Atlas,DC,09-06-2026 10:01,09-06-2026 10:02,Completed
Xyz8538638,Atlas,DC,09-06-2026 10:01,09-06-2026 10:02,Completed
Xyz8538686,Atlas,DC,09-06-2026 10:03,09-06-2026 10:03,Completed
Xyz8538701,Atlas,DC,09-06-2026 10:03,09-06-2026 10:04,Completed
Xyz8538727,Atlas,DC,09-06-2026 10:00,09-06-2026 10:01,Completed
Xyz8538826,Atlas,DC,09-06-2026 10:01,09-06-2026 10:01,Completed
Xyz8538967,Atlas,DC,09-06-2026 10:01,09-06-2026 10:02,Completed
Xyz8538977,Atlas,DC,09-06-2026 10:03,09-06-2026 10:03,Completed
Xyz8539042,Atlas,DC,09-06-2026 10:01,09-06-2026 10:03,Completed
Xyz8539101,Atlas,DC,09-06-2026 10:01,09-06-2026 10:01,Completed
Xyz8539112,Atlas,DC,09-06-2026 10:03,09-06-2026 10:03,Completed
Xyz8539121,Atlas,DC,09-06-2026 10:03,09-06-2026 10:03,Completed
Xyz8539137,Atlas,DC,09-06-2026 10:03,09-06-2026 10:03,Completed
Xyz8539157,Atlas,DC,09-06-2026 10:03,09-06-2026 10:03,Completed
Xyz8539205,Atlas,DC,09-06-2026 10:02,09-06-2026 10:02,Completed
Xyz8539215,Atlas,DC,09-06-2026 10:01,09-06-2026 10:02,Completed
Xyz8539247,Atlas,DC,09-06-2026 10:00,09-06-2026 10:08,Completed
Xyz8539329,Atlas,DC,09-06-2026 10:00,09-06-2026 10:01,Completed
Xyz8539349,Atlas,DC,09-06-2026 10:00,09-06-2026 10:01,Completed
Xyz8539365,Atlas,DC,09-06-2026 10:00,09-06-2026 10:01,Completed
Xyz8539373,Atlas,DC,09-06-2026 10:01,09-06-2026 10:16,Completed
Xyz8539392,Atlas,DC,09-06-2026 10:01,09-06-2026 10:02,Completed
Xyz8539414,Atlas,DC,09-06-2026 10:01,09-06-2026 10:02,Completed
Xyz8539431,Atlas,DC,09-06-2026 10:02,09-06-2026 10:09,Completed
Xyz8539434,Atlas,DC,09-06-2026 10:01,09-06-2026 10:02,Completed
Xyz8539542,Atlas,DC,09-06-2026 10:03,09-06-2026 10:03,Completed
Xyz8539555,Atlas,DC,09-06-2026 10:03,09-06-2026 10:05,Completed
Xyz8539562,Atlas,DC,09-06-2026 10:01,09-06-2026 12:03,Completed
Xyz8539683,Atlas,DC,09-06-2026 10:02,09-06-2026 10:03,Completed
Xyz8539750,Atlas,DC,09-06-2026 10:02,09-06-2026 10:02,Completed
Xyz8540102,Atlas,DC,09-06-2026 10:01,09-06-2026 10:20,Completed
Xyz8540105,Atlas,DC,09-06-2026 10:02,09-06-2026 10:40,Completed
Xyz8540107,Atlas,DC,09-06-2026 10:01,09-06-2026 10:30,Completed
Xyz8540211,Atlas,DC,09-06-2026 10:03,09-06-2026 10:04,Completed
Xyz8540304,Atlas,DC,09-06-2026 10:03,09-06-2026 10:05,Completed
Xyz8540420,Atlas,DC,09-06-2026 10:02,09-06-2026 10:06,Completed
Xyz8540508,Atlas,DC,09-06-2026 10:01,09-06-2026 12:54,Completed
Xyz8540569,Atlas,DC,09-06-2026 10:03,09-06-2026 10:39,Completed
Xyz8540693,Atlas,DC,09-06-2026 10:02,09-06-2026 10:07,Completed
Xyz8540907,Atlas,DC,09-06-2026 10:00,09-06-2026 12:12,Completed
Xyz8541034,Atlas,DC,09-06-2026 10:01,09-06-2026 10:20,Completed
Xyz8541046,Atlas,DC,09-06-2026 10:01,09-06-2026 12:13,Completed
Xyz8541059,Atlas,DC,09-06-2026 10:04,09-06-2026 10:06,Completed
Xyz8541121,Atlas,DC,09-06-2026 10:03,09-06-2026 12:13,Completed
Xyz8541405,Atlas,DC,09-06-2026 10:01,09-06-2026 10:39,Completed
Xyz8541466,Atlas,DC,09-06-2026 10:01,09-06-2026 14:12,Completed
Xyz8541529,Atlas,DC,09-06-2026 10:01,09-06-2026 10:40,Completed
Xyz8541541,Atlas,DC,09-06-2026 10:01,09-06-2026 10:02,Completed
Xyz8541562,Atlas,DC,09-06-2026 10:03,09-06-2026 10:04,Completed
Xyz8541589,Atlas,DC,09-06-2026 10:03,09-06-2026 10:05,Completed
Xyz8541711,Atlas,DC,09-06-2026 10:02,09-06-2026 14:16,Completed
Xyz8541810,Atlas,DC,09-06-2026 10:00,09-06-2026 10:07,Completed
Xyz8541816,Atlas,DC,09-06-2026 10:00,09-06-2026 10:02,Completed
Xyz8541867,Atlas,DC,09-06-2026 10:03,09-06-2026 10:04,Completed
Xyz8541975,Atlas,DC,09-06-2026 10:03,09-06-2026 10:03,Completed
Xyz8542099,Atlas,DC,09-06-2026 10:03,09-06-2026 11:07,Completed
Xyz8542153,Atlas,DC,09-06-2026 10:03,09-06-2026 11:00,Completed
Xyz8542243,Atlas,DC,09-06-2026 10:04,09-06-2026 10:44,Completed
Xyz8542262,Atlas,DC,09-06-2026 10:03,09-06-2026 11:08,Completed
Xyz8542524,Atlas,DC,09-06-2026 10:03,09-06-2026 10:04,Completed
Xyz8542538,Atlas,DC,09-06-2026 10:00,09-06-2026 10:39,Completed
Xyz8542592,Atlas,DC,09-06-2026 10:01,09-06-2026 10:02,Completed
Xyz8542594,Atlas,DC,09-06-2026 10:01,09-06-2026 10:03,Completed
Xyz8542650,Atlas,DC,09-06-2026 10:00,09-06-2026 10:01,Completed
Xyz8542696,Atlas,DC,09-06-2026 10:03,09-06-2026 10:04,Completed
Xyz8542712,Atlas,DC,09-06-2026 10:03,09-06-2026 10:04,Completed
Xyz8542907,Atlas,DC,09-06-2026 10:01,09-06-2026 12:13,Completed
Xyz8543123,Atlas,DC,09-06-2026 10:03,09-06-2026 10:59,Completed
Xyz8543218,Atlas,DC,09-06-2026 10:02,09-06-2026 10:06,Completed
Xyz8543229,Atlas,DC,09-06-2026 10:01,09-06-2026 10:05,Completed
Xyz8543454,Atlas,DC,09-06-2026 10:00,09-06-2026 10:27,Completed
Xyz8543639,Atlas,DC,09-06-2026 10:01,09-06-2026 12:13,Completed
Xyz8543763,Atlas,DC,09-06-2026 10:03,09-06-2026 10:21,Completed
Xyz8543814,Atlas,DC,09-06-2026 10:03,09-06-2026 10:06,Completed
Xyz8543886,Atlas,DC,09-06-2026 10:03,09-06-2026 13:30,Completed
Xyz8543941,Atlas,DC,09-06-2026 10:00,09-06-2026 12:15,Completed
Xyz8544069,Atlas,DC,09-06-2026 10:03,09-06-2026 10:46,Completed
Xyz8544167,Atlas,DC,09-06-2026 10:03,09-06-2026 10:50,Completed
Xyz8544536,Atlas,DC,09-06-2026 10:03,09-06-2026 10:39,Completed
Xyz8544581,Atlas,DC,09-06-2026 10:03,09-06-2026 10:04,Completed
Xyz8544622,Atlas,DC,09-06-2026 10:01,09-06-2026 10:06,Completed
Xyz8544970,Atlas,DC,09-06-2026 10:01,09-06-2026 13:06,Completed
Xyz8545092,Atlas,DC,09-06-2026 10:02,09-06-2026 10:20,Completed
Xyz8545102,Atlas,DC,09-06-2026 10:03,09-06-2026 10:20,Completed
Xyz8545201,Atlas,DC,09-06-2026 10:03,-NA-,Expired
Xyz8545335,Atlas,DC,09-06-2026 10:01,09-06-2026 10:42,Completed
Xyz8545353,Atlas,DC,09-06-2026 10:03,-NA-,Expired
Xyz8545416,Atlas,DC,09-06-2026 10:03,09-06-2026 10:58,Completed
Xyz8545622,Atlas,DC,09-06-2026 10:02,09-06-2026 10:52,Completed
Xyz8545668,Atlas,DC,09-06-2026 10:02,09-06-2026 10:37,Completed
Xyz8545707,Atlas,DC,09-06-2026 10:00,09-06-2026 10:39,Completed
Xyz8545765,Atlas,DC,09-06-2026 10:03,09-06-2026 11:00,Completed
Xyz8545791,Atlas,DC,09-06-2026 10:04,09-06-2026 10:39,Completed
Xyz8545916,Atlas,DC,09-06-2026 10:03,09-06-2026 10:42,Completed
Xyz8546045,Atlas,DC,09-06-2026 10:03,09-06-2026 10:04,Completed
Xyz8546095,Atlas,DC,09-06-2026 10:03,09-06-2026 10:39,Completed
Xyz8546100,Atlas,DC,09-06-2026 10:01,09-06-2026 10:31,Completed
Xyz8546103,Atlas,DC,09-06-2026 10:01,09-06-2026 10:33,Completed
Xyz8546260,Atlas,DC,09-06-2026 10:03,09-06-2026 10:32,Completed
Xyz8546359,Atlas,DC,09-06-2026 10:04,09-06-2026 10:05,Completed
Xyz8546567,Atlas,DC,09-06-2026 10:03,09-06-2026 10:41,Completed
Xyz8546608,Atlas,DC,09-06-2026 10:03,09-06-2026 10:39,Completed
Xyz8546614,Atlas,DC,09-06-2026 10:01,09-06-2026 10:32,Completed
Xyz8546660,Atlas,DC,09-06-2026 10:01,09-06-2026 10:30,Completed
Xyz8546744,Atlas,DC,09-06-2026 10:03,09-06-2026 10:30,Completed
Xyz8546745,Atlas,DC,09-06-2026 10:01,09-06-2026 10:32,Completed
Xyz8546837,Atlas,DC,09-06-2026 10:03,09-06-2026 10:29,Completed
Xyz8546988,Atlas,DC,09-06-2026 10:03,09-06-2026 10:32,Completed
Xyz8547049,Atlas,DC,09-06-2026 10:00,09-06-2026 10:29,Completed
Xyz8547074,Atlas,DC,09-06-2026 10:00,09-06-2026 10:30,Completed
Xyz8547087,Atlas,DC,09-06-2026 10:03,09-06-2026 10:32,Completed
Xyz8547127,Atlas,DC,09-06-2026 10:03,-NA-,Expired
Xyz8547128,Atlas,DC,09-06-2026 10:04,09-06-2026 10:05,Completed
Xyz8547153,Atlas,DC,09-06-2026 10:03,09-06-2026 10:31,Completed
Xyz8547155,Atlas,DC,09-06-2026 10:01,-NA-,Expired
Xyz8547427,Atlas,DC,09-06-2026 10:01,09-06-2026 15:24,Completed
Xyz8547544,Atlas,DC,09-06-2026 10:00,09-06-2026 15:23,Completed
Xyz8547548,Atlas,DC,09-06-2026 10:03,09-06-2026 11:20,Completed
Xyz8547576,Atlas,DC,09-06-2026 10:00,09-06-2026 10:01,Completed
Xyz8547749,Atlas,DC,09-06-2026 10:03,09-06-2026 10:33,Completed
Xyz8547832,Atlas,DC,09-06-2026 10:00,09-06-2026 10:30,Completed
Xyz8547892,Atlas,DC,09-06-2026 10:03,09-06-2026 10:04,Completed
Xyz8548029,Atlas,DC,09-06-2026 10:03,09-06-2026 10:04,Completed
Xyz8548030,Atlas,DC,09-06-2026 10:03,09-06-2026 10:04,Completed
Xyz8548166,Atlas,DC,09-06-2026 10:03,09-06-2026 10:04,Completed
Xyz8548280,Atlas,DC,09-06-2026 10:01,09-06-2026 10:02,Completed
Xyz8548366,Atlas,DC,09-06-2026 10:03,09-06-2026 10:04,Completed
Xyz8548403,Atlas,DC,09-06-2026 10:03,09-06-2026 10:04,Completed
Xyz8548453,Atlas,DC,09-06-2026 10:00,09-06-2026 10:01,Completed
Xyz8548611,Atlas,DC,09-06-2026 10:01,09-06-2026 10:03,Completed
Xyz8548617,Atlas,DC,09-06-2026 10:03,09-06-2026 10:04,Completed
Xyz8548646,Atlas,DC,09-06-2026 10:00,09-06-2026 10:01,Completed
Xyz8548707,Atlas,DC,09-06-2026 10:03,09-06-2026 10:04,Completed
Xyz8548837,Atlas,DC,09-06-2026 10:00,09-06-2026 10:01,Completed
Xyz8548946,Atlas,DC,09-06-2026 10:03,09-06-2026 10:03,Completed
Xyz8548960,Atlas,DC,09-06-2026 10:02,-NA-,Expired
Xyz8549134,Atlas,DC,09-06-2026 10:02,09-06-2026 10:02,Completed
Xyz8549197,Atlas,DC,09-06-2026 10:01,09-06-2026 10:33,Completed
Xyz8549206,Atlas,DC,09-06-2026 10:02,09-06-2026 10:03,Completed
Xyz8549224,Atlas,DC,09-06-2026 10:00,09-06-2026 10:30,Completed
Xyz8549227,Atlas,DC,09-06-2026 10:03,09-06-2026 10:03,Completed
Xyz8549322,Atlas,DC,09-06-2026 10:03,09-06-2026 10:04,Completed
Xyz8549360,Atlas,DC,09-06-2026 10:01,09-06-2026 10:01,Completed
Xyz8549392,Atlas,DC,09-06-2026 10:01,09-06-2026 10:02,Completed
Xyz8549484,Atlas,DC,09-06-2026 10:01,09-06-2026 10:29,Completed
Xyz8549568,Atlas,DC,09-06-2026 10:00,09-06-2026 10:31,Completed
Xyz8549616,Atlas,DC,09-06-2026 10:00,09-06-2026 10:02,Completed
Xyz8549670,Atlas,DC,09-06-2026 10:03,09-06-2026 11:18,Completed
Xyz8549700,Atlas,DC,09-06-2026 10:03,09-06-2026 10:04,Completed
Xyz8549707,Atlas,DC,09-06-2026 10:03,09-06-2026 10:04,Completed
Xyz8549710,Atlas,DC,09-06-2026 10:03,09-06-2026 10:04,Completed
Xyz8549764,Atlas,DC,09-06-2026 10:02,09-06-2026 10:03,Completed
Xyz8549876,Atlas,DC,09-06-2026 10:00,09-06-2026 10:01,Completed
Xyz8549906,Atlas,DC,09-06-2026 10:01,09-06-2026 10:01,Completed
Xyz8549924,Atlas,DC,09-06-2026 10:03,09-06-2026 10:30,Completed
Xyz8549962,Atlas,DC,09-06-2026 10:00,09-06-2026 10:34,Completed
Xyz8549989,Atlas,DC,09-06-2026 10:02,09-06-2026 10:03,Completed
Xyz8550016,Atlas,DC,09-06-2026 10:03,09-06-2026 10:44,Completed
Xyz8550170,Atlas,DC,09-06-2026 10:04,09-06-2026 10:07,Completed
Xyz8550176,Atlas,DC,09-06-2026 10:03,09-06-2026 10:04,Completed
Xyz8550284,Atlas,DC,09-06-2026 10:01,09-06-2026 10:30,Completed
Xyz8550288,Atlas,DC,09-06-2026 10:03,09-06-2026 10:29,Completed
Xyz8550314,Atlas,DC,09-06-2026 10:02,09-06-2026 11:56,Completed
Xyz8550406,Atlas,DC,09-06-2026 10:03,09-06-2026 10:05,Completed
Xyz8550562,Atlas,DC,09-06-2026 10:01,09-06-2026 10:02,Completed
Xyz8550575,Atlas,DC,09-06-2026 10:00,09-06-2026 10:29,Completed
Xyz8550740,Atlas,DC,09-06-2026 10:00,09-06-2026 10:01,Completed
Xyz8550783,Atlas,DC,09-06-2026 10:03,09-06-2026 10:05,Completed
Xyz8550787,Atlas,DC,09-06-2026 10:01,09-06-2026 10:31,Completed
Xyz8550863,Atlas,DC,09-06-2026 10:01,09-06-2026 10:02,Completed
Xyz8550922,Atlas,DC,09-06-2026 10:04,09-06-2026 10:05,Completed
Xyz8550940,Atlas,DC,09-06-2026 10:00,09-06-2026 10:01,Completed
Xyz8551022,Atlas,DC,09-06-2026 10:03,09-06-2026 10:42,Completed
Xyz8551050,Atlas,DC,09-06-2026 10:00,09-06-2026 15:43,Completed
Xyz8551226,Atlas,DC,09-06-2026 10:03,09-06-2026 10:38,Completed
Xyz8551238,Atlas,DC,09-06-2026 10:01,-NA-,Expired
Xyz8551338,Atlas,DC,09-06-2026 10:00,09-06-2026 10:01,Completed
Xyz8551408,Atlas,DC,09-06-2026 10:03,09-06-2026 11:41,Completed
Xyz8551428,Atlas,DC,09-06-2026 10:01,09-06-2026 10:01,Completed
Xyz8551446,Atlas,DC,09-06-2026 10:01,09-06-2026 10:31,Completed
Xyz8551480,Atlas,DC,09-06-2026 10:03,09-06-2026 10:05,Completed
Xyz8551701,Atlas,DC,09-06-2026 10:01,09-06-2026 10:02,Completed
Xyz8551772,Atlas,DC,09-06-2026 10:03,09-06-2026 10:04,Completed
Xyz8551775,Atlas,DC,09-06-2026 10:03,09-06-2026 10:04,Completed
Xyz8552065,Atlas,DC,09-06-2026 10:03,09-06-2026 10:10,Completed
Xyz8552073,Atlas,DC,09-06-2026 10:01,09-06-2026 10:01,Completed
Xyz8552142,Atlas,DC,09-06-2026 10:01,09-06-2026 10:01,Completed
Xyz8552190,Atlas,DC,09-06-2026 10:01,09-06-2026 10:09,Completed
Xyz8552196,Atlas,DC,09-06-2026 10:03,09-06-2026 10:05,Completed
Xyz8552202,Atlas,DC,09-06-2026 10:03,09-06-2026 10:03,Completed
Xyz8552265,Atlas,DC,09-06-2026 10:03,09-06-2026 10:11,Completed
Xyz8552321,Atlas,DC,09-06-2026 10:00,09-06-2026 10:10,Completed
Xyz8552359,Atlas,DC,09-06-2026 10:00,09-06-2026 10:01,Completed
Xyz8552401,Atlas,DC,09-06-2026 10:01,09-06-2026 10:02,Completed
Xyz8552555,Atlas,DC,09-06-2026 10:03,09-06-2026 10:03,Completed
Xyz8552648,Atlas,DC,09-06-2026 10:00,09-06-2026 10:01,Completed
Xyz8552662,Atlas,DC,09-06-2026 10:01,09-06-2026 10:01,Completed
Xyz8552667,Atlas,DC,09-06-2026 10:01,09-06-2026 10:32,Completed
Xyz8552691,Atlas,DC,09-06-2026 10:03,09-06-2026 10:03,Completed
Xyz8552790,Atlas,DC,09-06-2026 10:03,-NA-,Expired
Xyz8552812,Atlas,DC,09-06-2026 10:03,09-06-2026 10:05,Completed
Xyz8552931,Atlas,DC,09-06-2026 10:01,09-06-2026 10:01,Completed
Xyz8553011,Atlas,DC,09-06-2026 10:03,09-06-2026 10:04,Completed
Xyz8553110,Atlas,DC,09-06-2026 10:03,09-06-2026 10:04,Completed
Xyz8553151,Atlas,DC,09-06-2026 10:01,09-06-2026 10:02,Completed
Xyz8553160,Atlas,DC,09-06-2026 10:03,09-06-2026 10:08,Completed
Xyz8553165,Atlas,DC,09-06-2026 10:03,09-06-2026 10:08,Completed
Xyz8553212,Atlas,DC,09-06-2026 10:03,09-06-2026 10:36,Completed
Xyz8553249,Atlas,DC,09-06-2026 10:01,09-06-2026 10:02,Completed
Xyz8553276,Atlas,DC,09-06-2026 10:03,09-06-2026 10:04,Completed
Xyz8553317,Atlas,DC,09-06-2026 10:01,09-06-2026 10:02,Completed
Xyz8553354,Atlas,DC,09-06-2026 10:03,09-06-2026 10:03,Completed
Xyz8553397,Atlas,DC,09-06-2026 10:01,09-06-2026 10:01,Completed
Xyz8553423,Atlas,DC,09-06-2026 10:01,09-06-2026 14:08,Completed
Xyz8553429,Atlas,DC,09-06-2026 10:00,09-06-2026 10:01,Completed
Xyz8553446,Atlas,DC,09-06-2026 10:01,09-06-2026 10:03,Completed
Xyz8553501,Atlas,DC,09-06-2026 10:03,09-06-2026 10:04,Completed
Xyz8553526,Atlas,DC,09-06-2026 10:03,09-06-2026 10:03,Completed
Xyz8553544,Atlas,DC,09-06-2026 10:00,09-06-2026 10:37,Completed
Xyz8553586,Atlas,DC,09-06-2026 10:03,09-06-2026 10:36,Completed
Xyz8553632,Atlas,DC,09-06-2026 10:02,09-06-2026 10:10,Completed
Xyz8553706,Atlas,DC,09-06-2026 10:01,09-06-2026 10:02,Completed
Xyz8553792,Atlas,DC,09-06-2026 10:03,09-06-2026 10:04,Completed
Xyz8553832,Atlas,DC,09-06-2026 10:03,09-06-2026 10:03,Completed
Xyz8553873,Atlas,DC,09-06-2026 10:01,09-06-2026 10:10,Completed
Xyz8553925,Atlas,DC,09-06-2026 10:03,09-06-2026 10:03,Completed
Xyz8554019,Atlas,DC,09-06-2026 10:00,-NA-,Expired
Xyz8554060,Atlas,DC,09-06-2026 10:01,09-06-2026 10:02,Completed
Xyz8554142,Atlas,DC,09-06-2026 10:01,09-06-2026 11:34,Completed
Xyz8554236,Atlas,DC,09-06-2026 10:01,09-06-2026 10:02,Completed
Xyz8554249,Atlas,DC,09-06-2026 10:00,09-06-2026 10:35,Completed
Xyz8554276,Atlas,DC,09-06-2026 10:00,09-06-2026 10:32,Completed
Xyz8554324,Atlas,DC,09-06-2026 10:02,09-06-2026 10:03,Completed
Xyz8554391,Atlas,DC,09-06-2026 10:01,09-06-2026 10:02,Completed
Xyz8554474,Atlas,DC,09-06-2026 10:01,09-06-2026 10:01,Completed
Xyz8554482,Atlas,DC,09-06-2026 10:02,09-06-2026 10:20,Completed
Xyz8554608,Atlas,DC,09-06-2026 10:03,09-06-2026 10:04,Completed
Xyz8554618,Atlas,DC,09-06-2026 10:02,09-06-2026 10:03,Completed
Xyz8554741,Atlas,DC,09-06-2026 10:01,09-06-2026 10:02,Completed
Xyz8554817,Atlas,DC,09-06-2026 10:01,09-06-2026 10:02,Completed
Xyz8554906,Atlas,DC,09-06-2026 10:00,09-06-2026 10:30,Completed
Xyz8555048,Atlas,DC,09-06-2026 10:00,09-06-2026 10:30,Completed
Xyz8555050,Atlas,DC,09-06-2026 10:02,09-06-2026 10:33,Completed
Xyz8555052,Atlas,DC,09-06-2026 10:00,09-06-2026 10:31,Completed
Xyz8555147,Atlas,DC,09-06-2026 10:01,09-06-2026 10:30,Completed
Xyz8555263,Atlas,DC,09-06-2026 10:01,09-06-2026 10:01,Completed
Xyz8555275,Atlas,DC,09-06-2026 10:02,09-06-2026 10:03,Completed
Xyz8555303,Atlas,DC,09-06-2026 10:01,09-06-2026 10:07,Completed
Xyz8555304,Atlas,DC,09-06-2026 10:03,09-06-2026 10:04,Completed
Xyz8555333,Atlas,DC,09-06-2026 10:01,09-06-2026 10:02,Completed
Xyz8555377,Atlas,DC,09-06-2026 10:03,09-06-2026 10:04,Completed
Xyz8555421,Atlas,DC,09-06-2026 10:01,09-06-2026 10:29,Completed
Xyz8555471,Atlas,DC,09-06-2026 10:01,09-06-2026 10:30,Completed
Xyz8555543,Atlas,DC,09-06-2026 10:01,09-06-2026 11:18,Completed
Xyz8555546,Atlas,DC,09-06-2026 10:01,09-06-2026 10:01,Completed
Xyz8555612,Atlas,DC,09-06-2026 10:01,09-06-2026 10:02,Completed
Xyz8555639,Atlas,DC,09-06-2026 10:02,09-06-2026 10:31,Completed
Xyz8555672,Atlas,DC,09-06-2026 10:00,09-06-2026 10:01,Completed
Xyz8555680,Atlas,DC,09-06-2026 10:00,09-06-2026 10:01,Completed
Xyz8555682,Atlas,DC,09-06-2026 10:00,09-06-2026 10:01,Completed
Xyz8555688,Atlas,DC,09-06-2026 10:00,09-06-2026 10:01,Completed
Xyz8555914,Atlas,DC,09-06-2026 10:01,09-06-2026 11:17,Completed
Xyz8556020,Atlas,DC,09-06-2026 10:03,09-06-2026 10:34,Completed
Xyz8556036,Atlas,DC,09-06-2026 10:01,09-06-2026 10:29,Completed
Xyz8556037,Atlas,DC,09-06-2026 10:03,09-06-2026 10:04,Completed
Xyz8556105,Atlas,DC,09-06-2026 10:03,09-06-2026 10:04,Completed
Xyz8556137,Atlas,DC,09-06-2026 10:03,09-06-2026 10:15,Completed
Xyz8556319,Atlas,DC,09-06-2026 10:02,09-06-2026 10:02,Completed
Xyz8556379,Atlas,DC,09-06-2026 10:02,09-06-2026 10:38,Completed
Xyz8556494,Atlas,DC,09-06-2026 10:03,09-06-2026 10:29,Completed
Xyz8556664,Atlas,DC,09-06-2026 10:00,09-06-2026 15:24,Completed
Xyz8556671,Atlas,DC,09-06-2026 10:01,09-06-2026 10:02,Completed
Xyz8556686,Atlas,DC,09-06-2026 10:03,09-06-2026 10:04,Completed
Xyz8556716,Atlas,DC,09-06-2026 10:00,09-06-2026 10:02,Completed
Xyz8556753,Atlas,DC,09-06-2026 10:00,09-06-2026 10:01,Completed
Xyz8556935,Atlas,DC,09-06-2026 10:03,09-06-2026 10:03,Completed
Xyz8557014,Atlas,DC,09-06-2026 10:00,09-06-2026 10:05,Completed
Xyz8557019,Atlas,DC,09-06-2026 10:03,09-06-2026 10:04,Completed
Xyz8557069,Atlas,DC,09-06-2026 10:00,09-06-2026 10:01,Completed
Xyz8557071,Atlas,DC,09-06-2026 10:03,09-06-2026 10:03,Completed
Xyz8557091,Atlas,DC,09-06-2026 10:00,09-06-2026 10:01,Completed
Xyz8557120,Atlas,DC,09-06-2026 10:03,09-06-2026 10:03,Completed
Xyz8557163,Atlas,DC,09-06-2026 10:03,09-06-2026 11:34,Completed
Xyz8557214,Atlas,DC,09-06-2026 10:01,09-06-2026 11:34,Completed
Xyz8557250,Atlas,DC,09-06-2026 10:02,09-06-2026 11:35,Completed
Xyz8557253,Atlas,DC,09-06-2026 10:01,09-06-2026 11:35,Completed
Xyz8557278,Atlas,DC,09-06-2026 10:02,09-06-2026 10:02,Completed
Xyz8557280,Atlas,DC,09-06-2026 10:01,09-06-2026 10:01,Completed
Xyz8557303,Atlas,DC,09-06-2026 10:00,09-06-2026 15:23,Completed
Xyz8557308,Atlas,DC,09-06-2026 10:01,09-06-2026 11:32,Completed
Xyz8557365,Atlas,DC,09-06-2026 10:00,09-06-2026 11:14,Completed
Xyz8557456,Atlas,DC,09-06-2026 10:01,09-06-2026 11:15,Completed
Xyz8557524,Atlas,DC,09-06-2026 10:03,09-06-2026 11:38,Completed
Xyz8557526,Atlas,DC,09-06-2026 10:00,09-06-2026 11:32,Completed
Xyz8557603,Atlas,DC,09-06-2026 10:01,09-06-2026 11:33,Completed
Xyz8557667,Atlas,DC,09-06-2026 10:02,09-06-2026 11:38,Completed
Xyz8557703,Atlas,DC,09-06-2026 10:01,09-06-2026 11:18,Completed
Xyz8557712,Atlas,DC,09-06-2026 10:03,09-06-2026 11:16,Completed
Xyz8557747,Atlas,DC,09-06-2026 10:03,09-06-2026 10:04,Completed
Xyz8557767,Atlas,DC,09-06-2026 10:03,09-06-2026 11:14,Completed
Xyz8557786,Atlas,DC,09-06-2026 10:00,09-06-2026 10:03,Completed
Xyz8557845,Atlas,DC,09-06-2026 10:03,09-06-2026 10:04,Completed
Xyz8557847,Atlas,DC,09-06-2026 10:01,09-06-2026 10:02,Completed
Xyz8558058,Atlas,DC,09-06-2026 10:03,09-06-2026 10:03,Completed
Xyz8558367,Atlas,DC,09-06-2026 10:01,09-06-2026 10:07,Completed
Xyz8558486,Atlas,DC,09-06-2026 10:03,09-06-2026 10:04,Completed
Xyz8558555,Atlas,DC,09-06-2026 10:03,09-06-2026 12:12,Completed
Xyz8558675,Atlas,DC,09-06-2026 10:01,09-06-2026 10:02,Completed
Xyz8558727,Atlas,DC,09-06-2026 10:00,09-06-2026 10:01,Completed
Xyz8558803,Atlas,DC,09-06-2026 10:01,09-06-2026 12:14,Completed
Xyz8558939,Atlas,DC,09-06-2026 10:00,09-06-2026 10:01,Completed
Xyz8559090,Atlas,DC,09-06-2026 10:03,09-06-2026 12:21,Completed
Xyz8559119,Atlas,DC,09-06-2026 10:01,09-06-2026 10:04,Completed
Xyz8559145,Atlas,DC,09-06-2026 10:03,09-06-2026 10:06,Completed
Xyz8559209,Atlas,DC,09-06-2026 10:00,09-06-2026 10:01,Completed
Xyz8559580,Atlas,DC,09-06-2026 10:03,09-06-2026 11:43,Completed
Xyz8559586,Atlas,DC,09-06-2026 10:03,09-06-2026 10:04,Completed
Xyz8559688,Atlas,DC,09-06-2026 10:02,09-06-2026 11:42,Completed
Xyz8559796,Atlas,DC,09-06-2026 10:01,09-06-2026 10:02,Completed
Xyz8560054,Atlas,DC,09-06-2026 10:01,09-06-2026 12:12,Completed
Xyz8560185,Atlas,DC,09-06-2026 10:01,09-06-2026 10:02,Completed
Xyz8560545,Atlas,DC,09-06-2026 10:00,09-06-2026 10:01,Completed
Xyz8560607,Atlas,DC,09-06-2026 10:03,09-06-2026 10:03,Completed
Xyz8560715,Atlas,DC,09-06-2026 10:00,09-06-2026 10:03,Completed
Xyz8560744,Atlas,DC,09-06-2026 10:03,09-06-2026 10:03,Completed
Xyz8560927,Atlas,DC,09-06-2026 10:00,09-06-2026 11:41,Completed
Xyz8560978,Atlas,DC,09-06-2026 10:03,09-06-2026 10:05,Completed
Xyz8561045,Atlas,DC,09-06-2026 10:03,09-06-2026 10:04,Completed
Xyz8561086,Atlas,DC,09-06-2026 10:02,09-06-2026 10:58,Completed
Xyz8561102,Atlas,DC,09-06-2026 10:01,09-06-2026 12:22,Completed
Xyz8561160,Atlas,DC,09-06-2026 10:00,09-06-2026 11:09,Completed
Xyz8561314,Atlas,DC,09-06-2026 10:03,09-06-2026 12:22,Completed
Xyz8561340,Atlas,DC,09-06-2026 10:03,09-06-2026 10:04,Completed
Xyz8561368,Atlas,DC,09-06-2026 10:01,09-06-2026 12:21,Completed
Xyz8561510,Atlas,DC,09-06-2026 10:01,09-06-2026 10:02,Completed
Xyz8561553,Atlas,DC,09-06-2026 10:02,09-06-2026 12:21,Completed
Xyz8561768,Atlas,DC,09-06-2026 10:01,09-06-2026 11:25,Completed
Xyz8561848,Atlas,DC,09-06-2026 10:01,09-06-2026 10:25,Completed
Xyz8561910,Atlas,DC,09-06-2026 10:04,09-06-2026 11:41,Completed
Xyz8562058,Atlas,DC,09-06-2026 10:01,09-06-2026 10:05,Completed
Xyz8562135,Atlas,DC,09-06-2026 10:03,09-06-2026 10:07,Completed
Xyz8562286,Atlas,DC,09-06-2026 10:01,09-06-2026 10:02,Completed
Xyz8562304,Atlas,DC,09-06-2026 10:00,09-06-2026 10:07,Completed
Xyz8562332,Atlas,DC,09-06-2026 10:01,09-06-2026 10:59,Completed
Xyz8562415,Atlas,DC,09-06-2026 10:00,09-06-2026 10:00,Completed
Xyz8562417,Atlas,DC,09-06-2026 10:00,09-06-2026 10:04,Completed
Xyz8562519,Atlas,DC,09-06-2026 10:01,09-06-2026 10:06,Completed
Xyz8562579,Atlas,DC,09-06-2026 10:01,09-06-2026 10:05,Completed
Xyz8562601,Atlas,DC,09-06-2026 10:03,09-06-2026 10:21,Completed
Xyz8562629,Atlas,DC,09-06-2026 10:04,09-06-2026 10:04,Completed
Xyz8562699,Atlas,DC,09-06-2026 10:03,09-06-2026 10:04,Completed
Xyz8562720,Atlas,DC,09-06-2026 10:03,09-06-2026 15:11,Completed
Xyz8562953,Atlas,DC,09-06-2026 10:00,09-06-2026 11:06,Completed
Xyz8563061,Atlas,DC,09-06-2026 10:00,09-06-2026 12:22,Completed
Xyz8563166,Atlas,DC,09-06-2026 10:01,09-06-2026 11:08,Completed
Xyz8563168,Atlas,DC,09-06-2026 10:01,09-06-2026 11:07,Completed
Xyz8563173,Atlas,DC,09-06-2026 10:03,09-06-2026 11:12,Completed
Xyz8563335,Atlas,DC,09-06-2026 10:01,09-06-2026 10:18,Completed
Xyz8563370,Atlas,DC,09-06-2026 10:03,09-06-2026 10:03,Completed
Xyz8563425,Atlas,DC,09-06-2026 10:03,09-06-2026 15:11,Completed
Xyz8563611,Atlas,DC,09-06-2026 10:00,09-06-2026 15:12,Completed
Xyz8563628,Atlas,DC,09-06-2026 10:01,09-06-2026 10:01,Completed
Xyz8563635,Atlas,DC,09-06-2026 10:03,09-06-2026 15:12,Completed
Xyz8563652,Atlas,DC,09-06-2026 10:03,09-06-2026 10:21,Completed
Xyz8563684,Atlas,DC,09-06-2026 10:04,09-06-2026 16:12,Completed
Xyz8563691,Atlas,DC,09-06-2026 10:03,09-06-2026 15:10,Completed
Xyz8563714,Atlas,DC,09-06-2026 10:03,09-06-2026 15:11,Completed
Xyz8564099,Atlas,DC,09-06-2026 10:03,09-06-2026 11:06,Completed
Xyz8564101,Atlas,DC,09-06-2026 10:03,09-06-2026 10:58,Completed
Xyz8564259,Atlas,DC,09-06-2026 10:01,09-06-2026 10:37,Completed
Xyz8564332,Atlas,DC,09-06-2026 10:03,09-06-2026 10:04,Completed
Xyz8564404,Atlas,DC,09-06-2026 10:03,09-06-2026 10:03,Completed
Xyz8564544,Atlas,DC,09-06-2026 10:03,09-06-2026 10:41,Completed
Xyz8564564,Atlas,DC,09-06-2026 10:00,09-06-2026 10:01,Completed
Xyz8564599,Atlas,DC,09-06-2026 10:04,09-06-2026 10:05,Completed
Xyz8565094,Atlas,DC,09-06-2026 10:01,09-06-2026 10:40,Completed
Xyz8565114,Atlas,DC,09-06-2026 10:02,09-06-2026 10:39,Completed
Xyz8565120,Atlas,DC,09-06-2026 10:01,09-06-2026 10:37,Completed
Xyz8565131,Atlas,DC,09-06-2026 10:03,09-06-2026 11:02,Completed
Xyz8565169,Atlas,DC,09-06-2026 10:03,09-06-2026 10:03,Completed
Xyz8565384,Atlas,DC,09-06-2026 10:02,09-06-2026 10:29,Completed
Xyz8565805,Atlas,DC,09-06-2026 10:03,09-06-2026 10:42,Completed
Xyz8566003,Atlas,DC,09-06-2026 10:03,09-06-2026 10:37,Completed
Xyz8566031,Atlas,DC,09-06-2026 10:00,09-06-2026 11:00,Completed
Xyz8566093,Atlas,DC,09-06-2026 10:03,09-06-2026 10:04,Completed
Xyz8566164,Atlas,DC,09-06-2026 10:02,09-06-2026 10:39,Completed
Xyz8566194,Atlas,DC,09-06-2026 10:00,09-06-2026 10:01,Completed
Xyz8566249,Atlas,DC,09-06-2026 10:03,09-06-2026 11:18,Completed
Xyz8566274,Atlas,DC,09-06-2026 10:03,09-06-2026 10:04,Completed
Xyz8566290,Atlas,DC,09-06-2026 10:04,09-06-2026 10:05,Completed
Xyz8566465,Atlas,DC,09-06-2026 10:03,09-06-2026 11:04,Completed
Xyz8566472,Atlas,DC,09-06-2026 10:03,09-06-2026 11:02,Completed
Xyz8566769,Atlas,DC,09-06-2026 10:03,09-06-2026 10:03,Completed
Xyz8566909,Atlas,DC,09-06-2026 10:03,09-06-2026 10:04,Completed
Xyz8566977,Atlas,DC,09-06-2026 10:03,09-06-2026 10:04,Completed
Xyz8567041,Atlas,DC,09-06-2026 10:03,09-06-2026 10:46,Completed
Xyz8567093,Atlas,DC,09-06-2026 10:01,09-06-2026 10:29,Completed
Xyz8567204,Atlas,DC,09-06-2026 10:03,09-06-2026 10:39,Completed
Xyz8567293,Atlas,DC,09-06-2026 10:03,09-06-2026 10:45,Completed
Xyz8567323,Atlas,DC,09-06-2026 10:03,-NA-,Expired
Xyz8567378,Atlas,DC,09-06-2026 10:03,09-06-2026 10:39,Completed
Xyz8567415,Atlas,DC,09-06-2026 10:03,09-06-2026 10:27,Completed
Xyz8567657,Atlas,DC,09-06-2026 10:02,09-06-2026 10:03,Completed
Xyz8567915,Atlas,DC,09-06-2026 10:03,09-06-2026 10:25,Completed
Xyz8567983,Atlas,DC,09-06-2026 10:03,09-06-2026 10:04,Completed
Xyz8568256,Atlas,DC,09-06-2026 10:00,09-06-2026 10:27,Completed
Xyz8568503,Atlas,DC,09-06-2026 10:03,09-06-2026 10:05,Completed
Xyz8568713,Atlas,DC,09-06-2026 10:03,09-06-2026 11:41,Completed
Xyz8568720,Atlas,DC,09-06-2026 10:02,09-06-2026 11:48,Completed
Xyz8568732,Atlas,DC,09-06-2026 10:03,09-06-2026 10:27,Completed
Xyz8568804,Atlas,DC,09-06-2026 10:03,09-06-2026 10:05,Completed
Xyz8568855,Atlas,DC,09-06-2026 10:03,09-06-2026 10:04,Completed
Xyz8569289,Atlas,DC,09-06-2026 10:03,09-06-2026 10:05,Completed
Xyz8569413,Atlas,DC,09-06-2026 10:02,09-06-2026 10:06,Completed
Xyz8569572,Atlas,DC,09-06-2026 10:01,09-06-2026 10:06,Completed
Xyz8569609,Atlas,DC,09-06-2026 10:01,09-06-2026 15:11,Completed
Xyz8569697,Atlas,DC,09-06-2026 10:03,09-06-2026 10:06,Completed
Xyz8713437,Atlas,DC,09-06-2026 21:06,-NA-,Expired
Xyz8713442,Atlas,DC,09-06-2026 10:04,09-06-2026 10:04,Completed
Xyz8713448,Atlas,DC,09-06-2026 21:07,-NA-,Expired
Xyz8713451,Atlas,DC,09-06-2026 21:00,-NA-,Expired
Xyz8713460,Atlas,DC,09-06-2026 21:08,-NA-,Expired
Xyz8713461,Atlas,DC,09-06-2026 21:08,-NA-,Expired
Xyz8713476,Atlas,DC,09-06-2026 20:59,-NA-,Expired
Xyz8713479,Atlas,DC,09-06-2026 10:01,09-06-2026 10:02,Completed
Xyz8713484,Atlas,DC,09-06-2026 20:59,-NA-,Expired
Xyz8713488,Atlas,DC,09-06-2026 21:00,-NA-,Expired
Xyz8713489,Atlas,DC,09-06-2026 21:00,-NA-,Expired
Xyz8713490,Atlas,DC,09-06-2026 21:00,-NA-,Expired
Xyz8713491,Atlas,DC,09-06-2026 20:59,-NA-,Expired
Xyz8713497,Atlas,DC,09-06-2026 21:05,-NA-,Expired
Xyz8713499,Atlas,DC,09-06-2026 21:05,-NA-,Expired
Xyz8713500,Atlas,DC,09-06-2026 20:59,-NA-,Expired
Xyz8713503,Atlas,DC,09-06-2026 20:59,-NA-,Expired
Xyz8713505,Atlas,DC,09-06-2026 21:06,-NA-,Expired
Xyz8713508,Atlas,DC,09-06-2026 21:08,-NA-,Expired
Xyz8713510,Atlas,DC,09-06-2026 21:07,-NA-,Expired
Xyz8713524,Atlas,DC,09-06-2026 21:05,-NA-,Expired
Xyz8713525,Atlas,DC,09-06-2026 21:05,-NA-,Expired
Xyz8713532,Atlas,DC,09-06-2026 21:05,-NA-,Expired
Xyz8713537,Atlas,DC,09-06-2026 21:01,-NA-,Expired
Xyz8713539,Atlas,DC,09-06-2026 21:00,-NA-,Expired
Xyz8713549,Atlas,DC,09-06-2026 21:07,-NA-,Expired
Xyz8713551,Atlas,DC,09-06-2026 21:07,-NA-,Expired
Xyz8713552,Atlas,DC,09-06-2026 21:08,-NA-,Expired
Xyz8713555,Atlas,DC,09-06-2026 20:59,-NA-,Expired
Xyz8713583,Atlas,DC,09-06-2026 21:05,-NA-,Expired
Xyz8713585,Atlas,DC,09-06-2026 21:06,-NA-,Expired
Xyz8713586,Atlas,DC,09-06-2026 21:05,-NA-,Expired
Xyz8713592,Atlas,DC,09-06-2026 21:05,-NA-,Expired
Xyz8713593,Atlas,DC,09-06-2026 21:05,-NA-,Expired
Xyz8713597,Atlas,DC,09-06-2026 21:05,-NA-,Expired
Xyz8713598,Atlas,DC,09-06-2026 21:05,-NA-,Expired
Xyz8713603,Atlas,DC,09-06-2026 10:04,09-06-2026 10:04,Completed
Xyz8713616,Atlas,DC,09-06-2026 21:05,-NA-,Expired
Xyz8713626,Atlas,DC,09-06-2026 21:07,-NA-,Expired
Xyz8713627,Atlas,DC,09-06-2026 21:07,-NA-,Expired
Xyz8713631,Atlas,DC,09-06-2026 21:05,-NA-,Expired
Xyz8713643,Atlas,DC,09-06-2026 21:05,-NA-,Expired
Xyz8713652,Atlas,DC,09-06-2026 21:06,-NA-,Expired
Xyz8713653,Atlas,DC,09-06-2026 21:05,-NA-,Expired
Xyz8713657,Atlas,DC,09-06-2026 21:05,-NA-,Expired
Xyz8713664,Atlas,DC,09-06-2026 21:06,-NA-,Expired
Xyz8713666,Atlas,DC,09-06-2026 21:05,-NA-,Expired
Xyz8713673,Atlas,DC,09-06-2026 21:05,-NA-,Expired
Xyz8713674,Atlas,DC,09-06-2026 21:05,-NA-,Expired
Xyz8713687,Atlas,DC,09-06-2026 10:04,09-06-2026 10:04,Completed
Xyz8713701,Atlas,DC,09-06-2026 21:06,-NA-,Expired
Xyz8713703,Atlas,DC,09-06-2026 21:07,-NA-,Expired
Xyz8713718,Atlas,DC,09-06-2026 21:06,-NA-,Expired
Xyz8713720,Atlas,DC,09-06-2026 20:59,-NA-,Expired
Xyz8713723,Atlas,DC,09-06-2026 21:01,-NA-,Expired
Xyz8713728,Atlas,DC,09-06-2026 21:05,-NA-,Expired
Xyz8713731,Atlas,DC,09-06-2026 21:05,-NA-,Expired
Xyz8713733,Atlas,DC,09-06-2026 21:05,-NA-,Expired
Xyz8713735,Atlas,DC,09-06-2026 21:05,-NA-,Expired
Xyz8713736,Atlas,DC,09-06-2026 21:07,-NA-,Expired
Xyz8713737,Atlas,DC,09-06-2026 21:07,-NA-,Expired
Xyz8713738,Atlas,DC,09-06-2026 21:08,-NA-,Expired
Xyz8713739,Atlas,DC,09-06-2026 21:06,-NA-,Expired
Xyz8713740,Atlas,DC,09-06-2026 21:07,-NA-,Expired
Xyz8713742,Atlas,DC,09-06-2026 21:07,-NA-,Expired
Xyz8713792,Atlas,DC,09-06-2026 21:08,-NA-,Expired
Xyz8713800,Atlas,DC,09-06-2026 21:07,-NA-,Expired
Xyz8713802,Atlas,DC,09-06-2026 21:07,-NA-,Expired
Xyz8713805,Atlas,DC,09-06-2026 21:07,-NA-,Expired
Xyz8713810,Atlas,DC,09-06-2026 21:07,-NA-,Expired
Xyz8713813,Atlas,DC,09-06-2026 21:08,-NA-,Expired
Xyz8713827,Atlas,DC,09-06-2026 21:05,-NA-,Expired
Xyz8713828,Atlas,DC,09-06-2026 21:06,-NA-,Expired
Xyz8713829,Atlas,DC,09-06-2026 21:07,-NA-,Expired
Xyz8713830,Atlas,DC,09-06-2026 21:07,-NA-,Expired
Xyz8713831,Atlas,DC,09-06-2026 21:07,-NA-,Expired
Xyz8713870,Atlas,DC,09-06-2026 21:06,-NA-,Expired
Xyz8713872,Atlas,DC,09-06-2026 21:06,-NA-,Expired
Xyz8713873,Atlas,DC,09-06-2026 21:05,-NA-,Expired
Xyz8713874,Atlas,DC,09-06-2026 21:05,-NA-,Expired
Xyz8713876,Atlas,DC,09-06-2026 21:07,-NA-,Expired
Xyz8713877,Atlas,DC,09-06-2026 21:06,-NA-,Expired
Xyz8713890,Atlas,DC,09-06-2026 21:06,-NA-,Expired
Xyz8713891,Atlas,DC,09-06-2026 21:07,-NA-,Expired
Xyz8713895,Atlas,DC,09-06-2026 20:59,-NA-,Expired
Xyz8713897,Atlas,DC,09-06-2026 10:04,09-06-2026 10:05,Completed
Xyz8713909,Atlas,DC,09-06-2026 21:06,-NA-,Expired
Xyz8713911,Atlas,DC,09-06-2026 21:07,-NA-,Expired
Xyz8713912,Atlas,DC,09-06-2026 21:05,-NA-,Expired
Xyz8713913,Atlas,DC,09-06-2026 21:07,-NA-,Expired
Xyz8713914,Atlas,DC,09-06-2026 21:05,-NA-,Expired
Xyz8713915,Atlas,DC,09-06-2026 21:05,-NA-,Expired
Xyz8713919,Atlas,DC,09-06-2026 21:07,-NA-,Expired
Xyz8713929,Atlas,DC,09-06-2026 21:00,-NA-,Expired
Xyz8713930,Atlas,DC,09-06-2026 21:01,-NA-,Expired
Xyz8713931,Atlas,DC,09-06-2026 21:01,-NA-,Expired
Xyz8713939,Atlas,DC,09-06-2026 21:01,-NA-,Expired
Xyz8713944,Atlas,DC,09-06-2026 21:01,-NA-,Expired
Xyz8713945,Atlas,DC,09-06-2026 21:01,-NA-,Expired
Xyz8713946,Atlas,DC,09-06-2026 21:01,-NA-,Expired
Xyz8713949,Atlas,DC,09-06-2026 21:01,-NA-,Expired
Xyz8713950,Atlas,DC,09-06-2026 21:00,-NA-,Expired
Xyz8713954,Atlas,DC,09-06-2026 21:01,-NA-,Expired
Xyz8713973,Atlas,DC,09-06-2026 21:01,-NA-,Expired
Xyz8713974,Atlas,DC,09-06-2026 21:01,-NA-,Expired
Xyz8713976,Atlas,DC,09-06-2026 10:00,09-06-2026 10:00,Completed
Xyz8713982,Atlas,DC,09-06-2026 10:03,09-06-2026 10:03,Completed
Xyz8713984,Atlas,DC,09-06-2026 20:59,-NA-,Expired
Xyz8713986,Atlas,DC,09-06-2026 21:01,-NA-,Expired
Xyz8713994,Atlas,DC,09-06-2026 20:59,-NA-,Expired
Xyz8714007,Atlas,DC,09-06-2026 20:59,-NA-,Expired
Xyz8714008,Atlas,DC,09-06-2026 21:00,-NA-,Expired
Xyz8714009,Atlas,DC,09-06-2026 21:05,-NA-,Expired
Xyz8714016,Atlas,DC,09-06-2026 10:04,09-06-2026 10:04,Completed
Xyz8714019,Atlas,DC,09-06-2026 21:01,-NA-,Expired
Xyz8714021,Atlas,DC,09-06-2026 21:00,-NA-,Expired
Xyz8714025,Atlas,DC,09-06-2026 21:06,-NA-,Expired
Xyz8714027,Atlas,DC,09-06-2026 21:06,-NA-,Expired
Xyz8714031,Atlas,DC,09-06-2026 21:01,-NA-,Expired
Xyz8714068,Atlas,DC,09-06-2026 21:01,-NA-,Expired
Xyz8714069,Atlas,DC,09-06-2026 21:01,-NA-,Expired
Xyz8714077,Atlas,DC,09-06-2026 21:01,-NA-,Expired
Xyz8714078,Atlas,DC,09-06-2026 21:01,-NA-,Expired
Xyz8714079,Atlas,DC,09-06-2026 21:01,-NA-,Expired
Xyz8714081,Atlas,DC,09-06-2026 21:06,-NA-,Expired
Xyz8714088,Atlas,DC,09-06-2026 21:06,-NA-,Expired
Xyz8714089,Atlas,DC,09-06-2026 21:00,-NA-,Expired
Xyz8714093,Atlas,DC,09-06-2026 21:00,-NA-,Expired
Xyz8714109,Atlas,DC,09-06-2026 21:00,-NA-,Expired
Xyz8714110,Atlas,DC,09-06-2026 20:59,-NA-,Expired
Xyz8714112,Atlas,DC,09-06-2026 21:01,-NA-,Expired
Xyz8714113,Atlas,DC,09-06-2026 21:01,-NA-,Expired
Xyz8714114,Atlas,DC,09-06-2026 21:01,-NA-,Expired
Xyz8714115,Atlas,DC,09-06-2026 21:01,-NA-,Expired
Xyz8714133,Atlas,DC,09-06-2026 21:02,-NA-,Expired
Xyz8714134,Atlas,DC,09-06-2026 21:01,-NA-,Expired
Xyz8714148,Atlas,DC,09-06-2026 10:03,09-06-2026 10:03,Completed
Xyz8714164,Atlas,DC,09-06-2026 21:01,-NA-,Expired
Xyz8714165,Atlas,DC,09-06-2026 21:01,-NA-,Expired
Xyz8714166,Atlas,DC,09-06-2026 21:01,-NA-,Expired
Xyz8714173,Atlas,DC,09-06-2026 21:06,-NA-,Expired
Xyz8714185,Atlas,DC,09-06-2026 21:01,-NA-,Expired
Xyz8714186,Atlas,DC,09-06-2026 21:01,-NA-,Expired
Xyz8714187,Atlas,DC,09-06-2026 21:01,-NA-,Expired
Xyz8714189,Atlas,DC,09-06-2026 21:00,-NA-,Expired
Xyz8714212,Atlas,DC,09-06-2026 21:01,-NA-,Expired
Xyz8714213,Atlas,DC,09-06-2026 21:01,-NA-,Expired
Xyz8714222,Atlas,DC,09-06-2026 21:01,-NA-,Expired
Xyz8714223,Atlas,DC,09-06-2026 21:00,-NA-,Expired
Xyz8714225,Atlas,DC,09-06-2026 21:03,-NA-,Expired
Xyz8714228,Atlas,DC,09-06-2026 21:00,-NA-,Expired
Xyz8714229,Atlas,DC,09-06-2026 21:00,-NA-,Expired
Xyz8714231,Atlas,DC,09-06-2026 21:00,-NA-,Expired
Xyz8714232,Atlas,DC,09-06-2026 10:04,09-06-2026 10:30,Completed
Xyz8714245,Atlas,DC,09-06-2026 21:02,-NA-,Expired
Xyz8714251,Atlas,DC,09-06-2026 21:01,-NA-,Expired
Xyz8714252,Atlas,DC,09-06-2026 20:59,-NA-,Expired
Xyz8714255,Atlas,DC,09-06-2026 21:01,-NA-,Expired
Xyz8714257,Atlas,DC,09-06-2026 10:00,09-06-2026 10:00,Completed
Xyz8714284,Atlas,DC,09-06-2026 21:01,-NA-,Expired
Xyz8714285,Atlas,DC,09-06-2026 21:01,-NA-,Expired
Xyz8714286,Atlas,DC,09-06-2026 21:01,-NA-,Expired
Xyz8714287,Atlas,DC,09-06-2026 21:01,-NA-,Expired
Xyz8714291,Atlas,DC,09-06-2026 21:02,-NA-,Expired
Xyz8714292,Atlas,DC,09-06-2026 21:01,-NA-,Expired
Xyz8714295,Atlas,DC,09-06-2026 21:01,-NA-,Expired
Xyz8714298,Atlas,DC,09-06-2026 21:01,-NA-,Expired
Xyz8714299,Atlas,DC,09-06-2026 21:02,-NA-,Expired
Xyz8714306,Atlas,DC,09-06-2026 21:01,-NA-,Expired
Xyz8714315,Atlas,DC,09-06-2026 21:02,-NA-,Expired
Xyz8714317,Atlas,DC,09-06-2026 21:01,-NA-,Expired
Xyz8714319,Atlas,DC,09-06-2026 21:01,-NA-,Expired
Xyz8714324,Atlas,DC,09-06-2026 21:01,-NA-,Expired
Xyz8714330,Atlas,DC,09-06-2026 21:00,-NA-,Expired
Xyz8714335,Atlas,DC,09-06-2026 10:01,-NA-,Expired
Xyz8714341,Atlas,DC,09-06-2026 21:01,-NA-,Expired
Xyz8714342,Atlas,DC,09-06-2026 21:01,-NA-,Expired
Xyz8714343,Atlas,DC,09-06-2026 21:03,-NA-,Expired
Xyz8714346,Atlas,DC,09-06-2026 21:01,-NA-,Expired
Xyz8714364,Atlas,DC,09-06-2026 10:03,09-06-2026 10:03,Completed
Xyz8714372,Atlas,DC,09-06-2026 21:01,-NA-,Expired
Xyz8714374,Atlas,DC,09-06-2026 20:59,-NA-,Expired
Xyz8714379,Atlas,DC,09-06-2026 21:01,-NA-,Expired
Xyz8714390,Atlas,DC,09-06-2026 21:01,-NA-,Expired
Xyz8714402,Atlas,DC,09-06-2026 10:03,-NA-,Expired
Xyz8714411,Atlas,DC,09-06-2026 21:00,-NA-,Expired
Xyz8714412,Atlas,DC,09-06-2026 21:01,-NA-,Expired
Xyz8714414,Atlas,DC,09-06-2026 21:03,-NA-,Expired
Xyz9113704,Atlas,DC,09-06-2026 10:02,09-06-2026 10:03,Completed
Xyz9113921,Atlas,DC,09-06-2026 10:03,-NA-,Expired
Xyz9113934,Atlas,DC,09-06-2026 10:02,09-06-2026 10:03,Completed
Xyz9113954,Atlas,DC,09-06-2026 10:00,09-06-2026 10:07,Completed
Xyz9114056,Atlas,DC,09-06-2026 21:07,-NA-,Expired
Xyz9114079,Atlas,DC,09-06-2026 10:03,09-06-2026 10:03,Completed
Xyz9114436,Atlas,DC,09-06-2026 10:02,09-06-2026 10:03,Completed
Xyz9114550,Atlas,DC,09-06-2026 10:04,09-06-2026 10:04,Completed
Xyz9114568,Atlas,DC,09-06-2026 10:04,09-06-2026 10:05,Completed
Xyz9114590,Atlas,DC,09-06-2026 10:02,09-06-2026 10:03,Completed
Xyz9114641,Atlas,DC,09-06-2026 10:03,09-06-2026 13:07,Completed
Xyz9114723,Atlas,DC,09-06-2026 10:01,09-06-2026 10:03,Completed
Xyz9114797,Atlas,DC,09-06-2026 10:01,09-06-2026 10:02,Completed
Xyz9114851,Atlas,DC,09-06-2026 10:03,09-06-2026 10:04,Completed
Xyz9114879,Atlas,DC,09-06-2026 10:04,09-06-2026 10:04,Completed
Xyz9114924,Atlas,DC,09-06-2026 10:04,09-06-2026 10:05,Completed
Xyz9114943,Atlas,DC,09-06-2026 10:03,09-06-2026 10:03,Completed
Xyz9114960,Atlas,DC,09-06-2026 10:02,09-06-2026 10:02,Completed
Xyz9115049,Atlas,DC,09-06-2026 10:02,09-06-2026 10:03,Completed
Xyz9115285,Atlas,DC,09-06-2026 10:02,09-06-2026 10:02,Completed
Xyz9115309,Atlas,DC,09-06-2026 10:00,09-06-2026 10:01,Completed
Xyz9115311,Atlas,DC,09-06-2026 10:01,09-06-2026 10:02,Completed
Xyz9115345,Atlas,DC,09-06-2026 10:02,09-06-2026 10:03,Completed
Xyz9115464,Atlas,DC,09-06-2026 21:04,-NA-,Expired
Xyz9115512,Atlas,DC,09-06-2026 10:04,09-06-2026 10:57,Completed
Xyz9115614,Atlas,DC,09-06-2026 10:03,09-06-2026 10:04,Completed
Xyz9115761,Atlas,DC,09-06-2026 10:02,09-06-2026 10:03,Completed
Xyz9115803,Atlas,DC,09-06-2026 10:03,09-06-2026 10:04,Completed
Xyz9115811,Atlas,DC,09-06-2026 10:00,09-06-2026 10:03,Completed
Xyz9115865,Atlas,DC,09-06-2026 10:03,09-06-2026 10:21,Completed
Xyz9116197,Atlas,DC,09-06-2026 10:00,09-06-2026 10:01,Completed
Xyz9116206,Atlas,DC,09-06-2026 21:01,-NA-,Expired
Xyz9116214,Atlas,DC,09-06-2026 10:04,09-06-2026 11:01,Completed
Xyz9116335,Atlas,DC,09-06-2026 10:03,09-06-2026 10:04,Completed
Xyz9116530,Atlas,DC,09-06-2026 10:00,09-06-2026 10:01,Completed
Xyz9116570,Atlas,DC,09-06-2026 20:59,-NA-,Expired
Xyz9116575,Atlas,DC,09-06-2026 10:00,09-06-2026 10:01,Completed
Xyz9116650,Atlas,DC,09-06-2026 21:00,-NA-,Expired
Xyz9116765,Atlas,DC,09-06-2026 10:03,09-06-2026 10:04,Completed
Xyz9116795,Atlas,DC,09-06-2026 10:01,09-06-2026 10:02,Completed
Xyz9116806,Atlas,DC,09-06-2026 10:02,09-06-2026 10:03,Completed
Xyz9116873,Atlas,DC,09-06-2026 10:03,09-06-2026 10:04,Completed
Xyz9116877,Atlas,DC,09-06-2026 10:02,09-06-2026 10:03,Completed
Xyz9116948,Atlas,DC,09-06-2026 10:02,09-06-2026 10:03,Completed
Xyz9117042,Atlas,DC,09-06-2026 10:02,09-06-2026 10:03,Completed
Xyz9117199,Atlas,DC,09-06-2026 10:02,09-06-2026 10:03,Completed
Xyz9117270,Atlas,DC,09-06-2026 10:00,09-06-2026 10:02,Completed
Xyz9117464,Atlas,DC,09-06-2026 10:02,09-06-2026 10:03,Completed
Xyz9117540,Atlas,DC,09-06-2026 10:01,09-06-2026 10:59,Completed
Xyz9117564,Atlas,DC,09-06-2026 10:00,09-06-2026 12:33,Completed
Xyz9117572,Atlas,DC,09-06-2026 10:03,09-06-2026 10:03,Completed
Xyz9117573,Atlas,DC,09-06-2026 10:01,09-06-2026 10:02,Completed
Xyz9117650,Atlas,DC,09-06-2026 10:03,09-06-2026 10:04,Completed
Xyz9117700,Atlas,DC,09-06-2026 10:02,09-06-2026 10:02,Completed
Xyz9117742,Atlas,DC,09-06-2026 10:00,09-06-2026 10:06,Completed
Xyz9117825,Atlas,DC,09-06-2026 10:03,09-06-2026 10:08,Completed
Xyz9117894,Atlas,DC,09-06-2026 10:00,09-06-2026 12:06,Completed
Xyz9117945,Atlas,DC,09-06-2026 10:02,09-06-2026 10:04,Completed
Xyz9117974,Atlas,DC,09-06-2026 10:00,09-06-2026 10:07,Completed
Xyz9118055,Atlas,DC,09-06-2026 10:03,09-06-2026 10:03,Completed
Xyz9118117,Atlas,DC,09-06-2026 10:02,09-06-2026 10:03,Completed
Xyz9118122,Atlas,DC,09-06-2026 10:02,09-06-2026 10:03,Completed
Xyz9118136,Atlas,DC,09-06-2026 10:04,09-06-2026 14:27,Completed
Xyz9118141,Atlas,DC,09-06-2026 10:03,09-06-2026 10:03,Completed
Xyz9118158,Atlas,DC,09-06-2026 10:03,09-06-2026 10:03,Completed
Xyz9118224,Atlas,DC,09-06-2026 10:02,09-06-2026 10:03,Completed
Xyz9118262,Atlas,DC,09-06-2026 10:02,09-06-2026 10:03,Completed
Xyz9118283,Atlas,DC,09-06-2026 10:00,09-06-2026 10:01,Completed
Xyz9118325,Atlas,DC,09-06-2026 10:02,09-06-2026 10:02,Completed
Xyz9118339,Atlas,DC,09-06-2026 10:03,09-06-2026 10:03,Completed
Xyz9118360,Atlas,DC,09-06-2026 10:03,09-06-2026 10:03,Completed
Xyz9118369,Atlas,DC,09-06-2026 10:03,09-06-2026 10:04,Completed
Xyz9118392,Atlas,DC,09-06-2026 10:00,09-06-2026 11:30,Completed
Xyz9118414,Atlas,DC,09-06-2026 10:02,09-06-2026 10:07,Completed
Xyz9118487,Atlas,DC,09-06-2026 10:03,09-06-2026 10:03,Completed
Xyz9118489,Atlas,DC,09-06-2026 10:03,09-06-2026 10:03,Completed
Xyz9118520,Atlas,DC,09-06-2026 10:03,09-06-2026 10:06,Completed
Xyz9118591,Atlas,DC,09-06-2026 10:02,09-06-2026 10:05,Completed
Xyz9118710,Atlas,DC,09-06-2026 10:02,09-06-2026 10:04,Completed
Xyz9118764,Atlas,DC,09-06-2026 10:03,09-06-2026 10:04,Completed
Xyz9118795,Atlas,DC,09-06-2026 10:02,09-06-2026 11:21,Completed
Xyz9118809,Atlas,DC,09-06-2026 10:02,09-06-2026 10:05,Completed
Xyz9118914,Atlas,DC,09-06-2026 10:03,09-06-2026 10:09,Completed
Xyz9118936,Atlas,DC,09-06-2026 10:03,09-06-2026 10:03,Completed
Xyz9119006,Atlas,DC,09-06-2026 10:02,09-06-2026 10:02,Completed
Xyz9119017,Atlas,DC,09-06-2026 10:00,09-06-2026 10:02,Completed
Xyz9119019,Atlas,DC,09-06-2026 10:00,09-06-2026 10:01,Completed
Xyz9119069,Atlas,DC,09-06-2026 21:01,-NA-,Expired
Xyz9119090,Atlas,DC,09-06-2026 10:00,09-06-2026 10:01,Completed
Xyz9119093,Atlas,DC,09-06-2026 10:03,09-06-2026 10:04,Completed
Xyz9119169,Atlas,DC,09-06-2026 10:01,09-06-2026 12:24,Completed
Xyz9119170,Atlas,DC,09-06-2026 10:02,09-06-2026 10:03,Completed
Xyz9119194,Atlas,DC,09-06-2026 10:01,09-06-2026 10:02,Completed
Xyz9119311,Atlas,DC,09-06-2026 10:03,09-06-2026 10:06,Completed
Xyz9119390,Atlas,DC,09-06-2026 10:03,09-06-2026 10:04,Completed
Xyz9119420,Atlas,DC,09-06-2026 10:03,09-06-2026 10:03,Completed
Xyz9119442,Atlas,DC,09-06-2026 10:03,09-06-2026 10:04,Completed
Xyz9119450,Atlas,DC,09-06-2026 10:03,09-06-2026 10:06,Completed
Xyz9119536,Atlas,DC,09-06-2026 10:03,09-06-2026 10:04,Completed
Xyz9119544,Atlas,DC,09-06-2026 10:03,09-06-2026 10:03,Completed
Xyz9119597,Atlas,DC,09-06-2026 10:03,09-06-2026 10:23,Completed
Xyz9119615,Atlas,DC,09-06-2026 10:00,09-06-2026 10:30,Completed
Xyz9119620,Atlas,DC,09-06-2026 10:00,09-06-2026 10:08,Completed
Xyz9119679,Atlas,DC,09-06-2026 10:03,09-06-2026 10:04,Completed
Xyz9119708,Atlas,DC,09-06-2026 10:03,09-06-2026 10:04,Completed
Xyz9119719,Atlas,DC,09-06-2026 10:02,09-06-2026 11:20,Completed
Xyz9119755,Atlas,DC,09-06-2026 10:03,09-06-2026 11:30,Completed
Xyz9119789,Atlas,DC,09-06-2026 10:00,09-06-2026 10:04,Completed
Xyz9119808,Atlas,DC,09-06-2026 10:00,09-06-2026 11:33,Completed
Xyz9119813,Atlas,DC,09-06-2026 10:03,09-06-2026 10:03,Completed
Xyz9119844,Atlas,DC,09-06-2026 10:03,09-06-2026 10:08,Completed
Xyz9119895,Atlas,DC,09-06-2026 10:01,09-06-2026 10:01,Completed
Xyz9119957,Atlas,DC,09-06-2026 10:00,09-06-2026 10:01,Completed
Xyz9119968,Atlas,DC,09-06-2026 10:00,09-06-2026 10:01,Completed
Xyz9119995,Atlas,DC,09-06-2026 10:02,09-06-2026 10:03,Completed
Xyz9119999,Atlas,DC,09-06-2026 10:03,09-06-2026 10:04,Completed
Xyz9120186,Atlas,DC,09-06-2026 10:03,09-06-2026 10:03,Completed
Xyz9120211,Atlas,DC,09-06-2026 10:02,09-06-2026 10:03,Completed
Xyz9120354,Atlas,DC,09-06-2026 10:02,09-06-2026 10:33,Completed
Xyz9120401,Atlas,DC,09-06-2026 10:00,09-06-2026 10:01,Completed
Xyz9120541,Atlas,DC,09-06-2026 10:00,09-06-2026 10:02,Completed
Xyz9120591,Atlas,DC,09-06-2026 10:03,09-06-2026 10:05,Completed
Xyz9120757,Atlas,DC,09-06-2026 10:02,09-06-2026 10:52,Completed
Xyz9120781,Atlas,DC,09-06-2026 10:02,09-06-2026 10:03,Completed
Xyz9120783,Atlas,DC,09-06-2026 10:03,09-06-2026 10:03,Completed
Xyz9120869,Atlas,DC,09-06-2026 10:00,09-06-2026 10:01,Completed
Xyz9120910,Atlas,DC,09-06-2026 10:02,09-06-2026 10:03,Completed
Xyz9120974,Atlas,DC,09-06-2026 10:00,09-06-2026 10:01,Completed
Xyz9121035,Atlas,DC,09-06-2026 10:01,09-06-2026 10:03,Completed
Xyz9121066,Atlas,DC,09-06-2026 10:03,09-06-2026 10:03,Completed
Xyz9121168,Atlas,DC,09-06-2026 10:02,09-06-2026 10:03,Completed
Xyz9121218,Atlas,DC,09-06-2026 10:01,09-06-2026 10:06,Completed
Xyz9121239,Atlas,DC,09-06-2026 10:00,09-06-2026 10:02,Completed
Xyz9121256,Atlas,DC,09-06-2026 10:01,09-06-2026 10:05,Completed
Xyz9121358,Atlas,DC,09-06-2026 10:03,09-06-2026 10:51,Completed
Xyz9121359,Atlas,DC,09-06-2026 10:02,09-06-2026 10:51,Completed
Xyz9121393,Atlas,DC,09-06-2026 10:02,09-06-2026 10:03,Completed
Xyz9121468,Atlas,DC,09-06-2026 10:03,09-06-2026 10:03,Completed
Xyz9121563,Atlas,DC,09-06-2026 10:00,09-06-2026 10:01,Completed
Xyz9121583,Atlas,DC,09-06-2026 10:02,09-06-2026 10:03,Completed
Xyz9121594,Atlas,DC,09-06-2026 10:03,09-06-2026 10:03,Completed
Xyz9121705,Atlas,DC,09-06-2026 10:00,09-06-2026 13:03,Completed
Xyz9121708,Atlas,DC,09-06-2026 10:00,09-06-2026 10:01,Completed
Xyz9121750,Atlas,DC,09-06-2026 10:03,09-06-2026 10:04,Completed
Xyz9121821,Atlas,DC,09-06-2026 10:03,09-06-2026 12:07,Completed
Xyz9121825,Atlas,DC,09-06-2026 10:01,09-06-2026 12:22,Completed
Xyz9121897,Atlas,DC,09-06-2026 10:01,09-06-2026 10:01,Completed
Xyz9121911,Atlas,DC,09-06-2026 10:01,09-06-2026 10:02,Completed
Xyz9121960,Atlas,DC,09-06-2026 10:02,09-06-2026 10:03,Completed
Xyz9122006,Atlas,DC,09-06-2026 10:03,09-06-2026 14:09,Completed
Xyz9122015,Atlas,DC,09-06-2026 10:03,09-06-2026 11:07,Completed
Xyz9122020,Atlas,DC,09-06-2026 10:02,09-06-2026 12:06,Completed
Xyz9122025,Atlas,DC,09-06-2026 10:00,09-06-2026 12:05,Completed
Xyz9122057,Atlas,DC,09-06-2026 10:03,09-06-2026 13:00,Completed
Xyz9122286,Atlas,DC,09-06-2026 10:01,09-06-2026 14:34,Completed
Xyz9122297,Atlas,DC,09-06-2026 10:01,09-06-2026 10:02,Completed
Xyz9122477,Atlas,DC,09-06-2026 10:03,09-06-2026 12:07,Completed
Xyz9122499,Atlas,DC,09-06-2026 10:00,09-06-2026 10:05,Completed
Xyz9122513,Atlas,DC,09-06-2026 10:03,09-06-2026 12:00,Completed
Xyz9122529,Atlas,DC,09-06-2026 10:03,09-06-2026 10:08,Completed
Xyz9122534,Atlas,DC,09-06-2026 10:02,09-06-2026 14:07,Completed
Xyz9122541,Atlas,DC,09-06-2026 10:02,09-06-2026 12:06,Completed
Xyz9122610,Atlas,DC,09-06-2026 10:03,09-06-2026 10:03,Completed
Xyz9122644,Atlas,DC,09-06-2026 10:02,09-06-2026 10:03,Completed
Xyz9122671,Atlas,DC,09-06-2026 10:03,09-06-2026 10:07,Completed
Xyz9122749,Atlas,DC,09-06-2026 10:02,09-06-2026 10:17,Completed
Xyz9122791,Atlas,DC,09-06-2026 10:01,09-06-2026 10:02,Completed
Xyz9122946,Atlas,DC,09-06-2026 10:02,09-06-2026 10:03,Completed
Xyz9123051,Atlas,DC,09-06-2026 10:01,-NA-,Expired
Xyz9123103,Atlas,DC,09-06-2026 10:03,09-06-2026 10:04,Completed
Xyz9123188,Atlas,DC,09-06-2026 10:02,09-06-2026 10:06,Completed
Xyz9123337,Atlas,DC,09-06-2026 10:03,09-06-2026 10:03,Completed
Xyz9123389,Atlas,DC,09-06-2026 10:00,09-06-2026 10:01,Completed
Xyz9123394,Atlas,DC,09-06-2026 10:00,09-06-2026 10:01,Completed
Xyz9123419,Atlas,DC,09-06-2026 10:02,09-06-2026 10:03,Completed
Xyz9123492,Atlas,DC,09-06-2026 10:01,09-06-2026 10:02,Completed
Xyz9123511,Atlas,DC,09-06-2026 10:02,09-06-2026 10:03,Completed
Xyz9123525,Atlas,DC,09-06-2026 10:03,09-06-2026 10:03,Completed
Xyz9123598,Atlas,DC,09-06-2026 10:03,09-06-2026 10:04,Completed
Xyz9123641,Atlas,DC,09-06-2026 10:03,09-06-2026 10:06,Completed
Xyz9123672,Atlas,DC,09-06-2026 10:03,09-06-2026 14:04,Completed
Xyz9123687,Atlas,DC,09-06-2026 10:03,-NA-,Expired
Xyz9123869,Atlas,DC,09-06-2026 10:02,09-06-2026 10:03,Completed
Xyz9123881,Atlas,DC,09-06-2026 10:01,09-06-2026 10:04,Completed
Xyz9123972,Atlas,DC,09-06-2026 10:02,09-06-2026 10:04,Completed
Xyz9124041,Atlas,DC,09-06-2026 10:01,09-06-2026 10:01,Completed
Xyz9124074,Atlas,DC,09-06-2026 10:02,09-06-2026 10:13,Completed
Xyz9124116,Atlas,DC,09-06-2026 10:03,09-06-2026 10:05,Completed
Xyz9124124,Atlas,DC,09-06-2026 10:00,09-06-2026 10:01,Completed
Xyz9124322,Atlas,DC,09-06-2026 10:02,09-06-2026 10:03,Completed
Xyz9124324,Atlas,DC,09-06-2026 10:03,09-06-2026 10:03,Completed
Xyz9124334,Atlas,DC,09-06-2026 10:02,09-06-2026 10:02,Completed
Xyz9124337,Atlas,DC,09-06-2026 10:03,09-06-2026 10:05,Completed
Xyz9124352,Atlas,DC,09-06-2026 10:03,09-06-2026 10:03,Completed
Xyz9124372,Atlas,DC,09-06-2026 21:01,-NA-,Expired
Xyz9124619,Atlas,DC,09-06-2026 10:02,09-06-2026 10:03,Completed
Xyz9124878,Atlas,DC,09-06-2026 10:03,09-06-2026 11:50,Completed
Xyz9124891,Atlas,DC,09-06-2026 10:03,09-06-2026 10:11,Completed
Xyz9124920,Atlas,DC,09-06-2026 10:03,-NA-,Expired
Xyz9125057,Atlas,DC,09-06-2026 10:03,09-06-2026 10:03,Completed
Xyz9125067,Atlas,DC,09-06-2026 10:02,09-06-2026 10:31,Completed
Xyz9125141,Atlas,DC,09-06-2026 10:01,09-06-2026 10:02,Completed
Xyz9125159,Atlas,DC,09-06-2026 10:02,09-06-2026 10:03,Completed
Xyz9125215,Atlas,DC,09-06-2026 21:00,-NA-,Expired
Xyz9125253,Atlas,DC,09-06-2026 10:03,09-06-2026 10:17,Completed
Xyz9125255,Atlas,DC,09-06-2026 10:04,09-06-2026 10:16,Completed
Xyz9125305,Atlas,DC,09-06-2026 10:02,09-06-2026 10:06,Completed
Xyz9125327,Atlas,DC,09-06-2026 10:03,09-06-2026 10:04,Completed
Xyz9125410,Atlas,DC,09-06-2026 10:03,09-06-2026 10:04,Completed
Xyz9125440,Atlas,DC,09-06-2026 10:01,09-06-2026 10:01,Completed
Xyz9125480,Atlas,DC,09-06-2026 10:02,09-06-2026 10:02,Completed
Xyz9125494,Atlas,DC,09-06-2026 10:04,09-06-2026 10:10,Completed
Xyz9125503,Atlas,DC,09-06-2026 10:03,09-06-2026 10:03,Completed
Xyz9125529,Atlas,DC,09-06-2026 10:02,09-06-2026 10:16,Completed
Xyz9125740,Atlas,DC,09-06-2026 10:01,09-06-2026 10:01,Completed
Xyz9125743,Atlas,DC,09-06-2026 10:03,09-06-2026 10:03,Completed
Xyz9125769,Atlas,DC,09-06-2026 10:03,09-06-2026 10:04,Completed
Xyz9125776,Atlas,DC,09-06-2026 10:03,09-06-2026 10:04,Completed
Xyz9125777,Atlas,DC,09-06-2026 10:03,09-06-2026 10:42,Completed
Xyz9125778,Atlas,DC,09-06-2026 10:00,09-06-2026 10:01,Completed
Xyz9125852,Atlas,DC,09-06-2026 10:03,09-06-2026 10:03,Completed
Xyz9125884,Atlas,DC,09-06-2026 10:01,09-06-2026 10:08,Completed
Xyz9125898,Atlas,DC,09-06-2026 10:02,09-06-2026 10:03,Completed
Xyz9125899,Atlas,DC,09-06-2026 10:03,09-06-2026 10:04,Completed
Xyz9125922,Atlas,DC,09-06-2026 10:03,09-06-2026 10:03,Completed
Xyz9126030,Atlas,DC,09-06-2026 10:03,09-06-2026 10:09,Completed
Xyz9126102,Atlas,DC,09-06-2026 10:02,-NA-,Expired
Xyz9126118,Atlas,DC,09-06-2026 10:02,09-06-2026 13:01,Completed
Xyz9126120,Atlas,DC,09-06-2026 10:02,09-06-2026 13:01,Completed
Xyz9126188,Atlas,DC,09-06-2026 10:03,09-06-2026 10:04,Completed
Xyz9126349,Atlas,DC,09-06-2026 10:02,-NA-,Expired
Xyz9126422,Atlas,DC,09-06-2026 10:01,09-06-2026 10:02,Completed
Xyz9126425,Atlas,DC,09-06-2026 10:02,09-06-2026 10:03,Completed
Xyz9126436,Atlas,DC,09-06-2026 10:02,09-06-2026 10:03,Completed
Xyz9126451,Atlas,DC,09-06-2026 10:01,09-06-2026 10:03,Completed
Xyz9126550,Atlas,DC,09-06-2026 10:04,09-06-2026 10:04,Completed
Xyz9126555,Atlas,DC,09-06-2026 10:02,09-06-2026 10:02,Completed
Xyz9126572,Atlas,DC,09-06-2026 10:04,09-06-2026 10:04,Completed
Xyz9126627,Atlas,DC,09-06-2026 10:03,09-06-2026 10:03,Completed
Xyz9126724,Atlas,DC,09-06-2026 10:03,09-06-2026 10:03,Completed
Xyz9126783,Atlas,DC,09-06-2026 10:01,09-06-2026 10:01,Completed
Xyz9126898,Atlas,DC,09-06-2026 10:02,09-06-2026 10:07,Completed
Xyz9126976,Atlas,DC,09-06-2026 10:01,09-06-2026 10:01,Completed
Xyz9127006,Atlas,DC,09-06-2026 10:00,09-06-2026 10:12,Completed
Xyz9127244,Atlas,DC,09-06-2026 10:00,09-06-2026 10:01,Completed
Xyz9127272,Atlas,DC,09-06-2026 10:02,09-06-2026 10:03,Completed
Xyz9127355,Atlas,DC,09-06-2026 10:03,09-06-2026 10:11,Completed
Xyz9127358,Atlas,DC,09-06-2026 10:00,-NA-,Expired
Xyz9127377,Atlas,DC,09-06-2026 10:01,09-06-2026 11:41,Completed
Xyz9127428,Atlas,DC,09-06-2026 10:04,09-06-2026 12:15,Completed
Xyz9127486,Atlas,DC,09-06-2026 10:02,09-06-2026 10:12,Completed
Xyz9127489,Atlas,DC,09-06-2026 10:00,09-06-2026 10:11,Completed
Xyz9127552,Atlas,DC,09-06-2026 10:03,09-06-2026 10:03,Completed
Xyz9127683,Atlas,DC,09-06-2026 20:59,-NA-,Expired
Xyz9127712,Atlas,DC,09-06-2026 10:00,09-06-2026 10:02,Completed
Xyz9127748,Atlas,DC,09-06-2026 10:02,09-06-2026 10:03,Completed
Xyz9127843,Atlas,DC,09-06-2026 10:03,09-06-2026 10:04,Completed
Xyz9127938,Atlas,DC,09-06-2026 10:01,09-06-2026 10:10,Completed
Xyz9128098,Atlas,DC,09-06-2026 10:01,09-06-2026 10:23,Completed
Xyz9128124,Atlas,DC,09-06-2026 10:00,09-06-2026 10:01,Completed
Xyz9128136,Atlas,DC,09-06-2026 10:04,09-06-2026 10:15,Completed
Xyz9128155,Atlas,DC,09-06-2026 10:01,09-06-2026 10:24,Completed
Xyz9128209,Atlas,DC,09-06-2026 10:02,09-06-2026 11:23,Completed
Xyz9128231,Atlas,DC,09-06-2026 10:02,09-06-2026 10:11,Completed
Xyz9128391,Atlas,DC,09-06-2026 10:00,09-06-2026 11:22,Completed
Xyz9128477,Atlas,DC,09-06-2026 10:00,09-06-2026 10:01,Completed
Xyz9128564,Atlas,DC,09-06-2026 10:04,09-06-2026 10:05,Completed
Xyz9128567,Atlas,DC,09-06-2026 10:04,09-06-2026 10:05,Completed
Xyz9128569,Atlas,DC,09-06-2026 10:01,09-06-2026 10:02,Completed
Xyz9128616,Atlas,DC,09-06-2026 10:00,09-06-2026 10:01,Completed
Xyz9128669,Atlas,DC,09-06-2026 10:04,09-06-2026 10:05,Completed
Xyz9128684,Atlas,DC,09-06-2026 10:01,09-06-2026 10:11,Completed
Xyz9128690,Atlas,DC,09-06-2026 10:01,09-06-2026 10:01,Completed
Xyz9128698,Atlas,DC,09-06-2026 10:03,09-06-2026 10:04,Completed
Xyz9128719,Atlas,DC,09-06-2026 10:01,09-06-2026 11:20,Completed
Xyz9128725,Atlas,DC,09-06-2026 10:04,09-06-2026 10:13,Completed
Xyz9128833,Atlas,DC,09-06-2026 10:00,09-06-2026 10:01,Completed
Xyz9128852,Atlas,DC,09-06-2026 10:03,09-06-2026 10:09,Completed
Xyz9129148,Atlas,DC,09-06-2026 10:01,09-06-2026 10:03,Completed
Xyz9129175,Atlas,DC,09-06-2026 10:01,09-06-2026 10:02,Completed
Xyz9129380,Atlas,DC,09-06-2026 10:00,09-06-2026 10:01,Completed
Xyz9129465,Atlas,DC,09-06-2026 10:03,09-06-2026 10:04,Completed
Xyz9129617,Atlas,DC,09-06-2026 10:01,09-06-2026 10:55,Completed
Xyz9129675,Atlas,DC,09-06-2026 10:02,09-06-2026 10:03,Completed
Xyz9129738,Atlas,DC,09-06-2026 10:04,09-06-2026 10:05,Completed
Xyz9129774,Atlas,DC,09-06-2026 10:03,10-06-2026 09:01,Completed
Xyz9129873,Atlas,DC,09-06-2026 10:00,09-06-2026 10:33,Completed
Xyz9129943,Atlas,DC,09-06-2026 10:02,09-06-2026 11:00,Completed
Xyz9129999,Atlas,DC,09-06-2026 10:03,09-06-2026 10:04,Completed
Xyz9130067,Atlas,DC,09-06-2026 10:03,-NA-,Expired
Xyz9130249,Atlas,DC,09-06-2026 10:02,09-06-2026 10:04,Completed
Xyz9130263,Atlas,DC,09-06-2026 10:00,-NA-,Expired
Xyz9130301,Atlas,DC,09-06-2026 10:04,09-06-2026 11:21,Completed
Xyz9130363,Atlas,DC,09-06-2026 10:03,09-06-2026 11:32,Completed
Xyz9130418,Atlas,DC,09-06-2026 10:02,09-06-2026 10:03,Completed
Xyz9130503,Atlas,DC,09-06-2026 10:03,-NA-,Expired
Xyz9130590,Atlas,DC,09-06-2026 10:03,09-06-2026 10:30,Completed
Xyz9130625,Atlas,DC,09-06-2026 10:03,09-06-2026 10:03,Completed
Xyz9130670,Atlas,DC,09-06-2026 10:03,09-06-2026 10:03,Completed
Xyz9130748,Atlas,DC,09-06-2026 10:03,09-06-2026 10:34,Completed
Xyz9130806,Atlas,DC,09-06-2026 10:00,09-06-2026 10:54,Completed
Xyz9130839,Atlas,DC,09-06-2026 10:02,09-06-2026 10:57,Completed
Xyz9130854,Atlas,DC,09-06-2026 10:01,09-06-2026 10:01,Completed
Xyz9130879,Atlas,DC,09-06-2026 10:03,09-06-2026 10:05,Completed
Xyz9130908,Atlas,DC,09-06-2026 10:00,09-06-2026 10:01,Completed
Xyz9130909,Atlas,DC,09-06-2026 10:04,09-06-2026 10:04,Completed
Xyz9130926,Atlas,DC,09-06-2026 10:03,09-06-2026 10:03,Completed
Xyz9130990,Atlas,DC,09-06-2026 10:01,09-06-2026 10:02,Completed
Xyz9131081,Atlas,DC,09-06-2026 10:03,09-06-2026 10:04,Completed
Xyz9131091,Atlas,DC,09-06-2026 10:03,09-06-2026 10:08,Completed
Xyz9131117,Atlas,DC,09-06-2026 10:03,09-06-2026 10:03,Completed
Xyz9131150,Atlas,DC,09-06-2026 10:00,09-06-2026 10:01,Completed
Xyz9131168,Atlas,DC,09-06-2026 10:00,09-06-2026 10:01,Completed
Xyz9131187,Atlas,DC,09-06-2026 10:03,-NA-,Expired
Xyz9131230,Atlas,DC,09-06-2026 10:02,09-06-2026 10:03,Completed
Xyz9131284,Atlas,DC,09-06-2026 10:02,09-06-2026 10:02,Completed
Xyz9131406,Atlas,DC,09-06-2026 10:03,09-06-2026 10:03,Completed
Xyz9131456,Atlas,DC,09-06-2026 10:03,09-06-2026 11:07,Completed
Xyz9131484,Atlas,DC,09-06-2026 10:03,09-06-2026 10:10,Completed
Xyz9131485,Atlas,DC,09-06-2026 10:00,09-06-2026 10:07,Completed
Xyz9131508,Atlas,DC,09-06-2026 10:00,09-06-2026 10:01,Completed
Xyz9131555,Atlas,DC,09-06-2026 10:03,09-06-2026 10:04,Completed
Xyz9131612,Atlas,DC,09-06-2026 10:03,-NA-,Expired
Xyz9131629,Atlas,DC,09-06-2026 10:00,09-06-2026 10:01,Completed
Xyz9131637,Atlas,DC,09-06-2026 10:03,09-06-2026 10:03,Completed
Xyz9131647,Atlas,DC,09-06-2026 10:03,09-06-2026 10:03,Completed
Xyz9131661,Atlas,DC,09-06-2026 10:03,09-06-2026 10:03,Completed
Xyz9131703,Atlas,DC,09-06-2026 10:01,09-06-2026 10:04,Completed
Xyz9131733,Atlas,DC,09-06-2026 10:03,09-06-2026 10:04,Completed
Xyz9131768,Atlas,DC,09-06-2026 10:02,09-06-2026 10:03,Completed
Xyz9131843,Atlas,DC,09-06-2026 10:02,09-06-2026 10:03,Completed
Xyz9132013,Atlas,DC,09-06-2026 10:03,09-06-2026 10:04,Completed
Xyz9132047,Atlas,DC,09-06-2026 10:03,09-06-2026 10:04,Completed
Xyz9132074,Atlas,DC,09-06-2026 10:02,09-06-2026 10:03,Completed
Xyz9132113,Atlas,DC,09-06-2026 10:00,09-06-2026 10:02,Completed
Xyz9132142,Atlas,DC,09-06-2026 10:02,09-06-2026 10:02,Completed
Xyz9132161,Atlas,DC,09-06-2026 10:02,09-06-2026 10:02,Completed
Xyz9132167,Atlas,DC,09-06-2026 10:04,09-06-2026 14:36,Completed
Xyz9132177,Atlas,DC,09-06-2026 10:02,09-06-2026 10:03,Completed
Xyz9132247,Atlas,DC,09-06-2026 10:04,09-06-2026 10:04,Completed
Xyz9132294,Atlas,DC,09-06-2026 10:01,09-06-2026 10:04,Completed
Xyz9132296,Atlas,DC,09-06-2026 10:02,09-06-2026 10:05,Completed
Xyz9132365,Atlas,DC,09-06-2026 10:02,09-06-2026 10:03,Completed
Xyz9132393,Atlas,DC,09-06-2026 10:03,09-06-2026 10:06,Completed
Xyz9132407,Atlas,DC,09-06-2026 10:04,09-06-2026 10:04,Completed
Xyz9132412,Atlas,DC,09-06-2026 10:03,09-06-2026 10:03,Completed
Xyz9132467,Atlas,DC,09-06-2026 10:03,09-06-2026 10:31,Completed
Xyz9132503,Atlas,DC,09-06-2026 10:02,09-06-2026 10:03,Completed
Xyz9132560,Atlas,DC,09-06-2026 10:03,09-06-2026 10:08,Completed
Xyz9132646,Atlas,DC,09-06-2026 10:03,09-06-2026 10:04,Completed
Xyz9132726,Atlas,DC,09-06-2026 10:02,09-06-2026 10:03,Completed
Xyz9132747,Atlas,DC,09-06-2026 10:03,-NA-,Expired
Xyz9132832,Atlas,DC,09-06-2026 10:00,09-06-2026 10:04,Completed
Xyz9132833,Atlas,DC,09-06-2026 10:00,09-06-2026 10:01,Completed
Xyz9132876,Atlas,DC,09-06-2026 10:01,09-06-2026 10:01,Completed
Xyz9132932,Atlas,DC,09-06-2026 10:03,09-06-2026 10:04,Completed
Xyz9132979,Atlas,DC,09-06-2026 10:02,09-06-2026 10:10,Completed
Xyz9133009,Atlas,DC,09-06-2026 10:00,09-06-2026 10:01,Completed
Xyz9133019,Atlas,DC,09-06-2026 10:03,09-06-2026 10:03,Completed
Xyz9133057,Atlas,DC,09-06-2026 10:02,09-06-2026 10:14,Completed
Xyz9133095,Atlas,DC,09-06-2026 10:01,09-06-2026 10:05,Completed
Xyz9133133,Atlas,DC,09-06-2026 10:01,09-06-2026 10:02,Completed
Xyz9133171,Atlas,DC,09-06-2026 10:00,09-06-2026 10:03,Completed
Xyz9133200,Atlas,DC,09-06-2026 10:01,-NA-,Expired
Xyz9133234,Atlas,DC,09-06-2026 10:01,09-06-2026 10:03,Completed
Xyz9133256,Atlas,DC,09-06-2026 10:02,09-06-2026 10:06,Completed
Xyz9133344,Atlas,DC,09-06-2026 10:00,09-06-2026 10:06,Completed
Xyz9133348,Atlas,DC,09-06-2026 10:02,09-06-2026 10:05,Completed
Xyz9133361,Atlas,DC,09-06-2026 10:03,09-06-2026 10:06,Completed
Xyz9133379,Atlas,DC,09-06-2026 10:01,09-06-2026 10:04,Completed
Xyz9133448,Atlas,DC,09-06-2026 10:00,09-06-2026 10:02,Completed
Xyz9133458,Atlas,DC,09-06-2026 10:00,09-06-2026 10:04,Completed
Xyz9133464,Atlas,DC,09-06-2026 10:03,09-06-2026 10:03,Completed
Xyz9133472,Atlas,DC,09-06-2026 10:03,09-06-2026 10:05,Completed
Xyz9133509,Atlas,DC,09-06-2026 10:02,09-06-2026 10:05,Completed
Xyz9133619,Atlas,DC,09-06-2026 10:00,09-06-2026 10:01,Completed
Xyz9133627,Atlas,DC,09-06-2026 10:02,09-06-2026 10:04,Completed
Xyz9133658,Atlas,DC,09-06-2026 10:02,09-06-2026 10:04,Completed
Xyz9133716,Atlas,DC,09-06-2026 10:02,-NA-,Expired
Xyz9133776,Atlas,DC,09-06-2026 10:02,09-06-2026 10:14,Completed
Xyz9133841,Atlas,DC,09-06-2026 10:03,09-06-2026 10:04,Completed
Xyz9133870,Atlas,DC,09-06-2026 10:01,09-06-2026 12:05,Completed
Xyz9133943,Atlas,DC,09-06-2026 10:02,09-06-2026 10:03,Completed
Xyz9133972,Atlas,DC,09-06-2026 10:03,09-06-2026 10:04,Completed
Xyz9133994,Atlas,DC,09-06-2026 10:01,09-06-2026 10:03,Completed
Xyz9134088,Atlas,DC,09-06-2026 10:01,09-06-2026 10:02,Completed
Xyz9134170,Atlas,DC,09-06-2026 10:03,09-06-2026 10:03,Completed
Xyz9134174,Atlas,DC,09-06-2026 10:01,09-06-2026 10:01,Completed
Xyz9134177,Atlas,DC,09-06-2026 10:01,09-06-2026 10:01,Completed
Xyz9134215,Atlas,DC,09-06-2026 10:01,09-06-2026 10:01,Completed
Xyz9134378,Atlas,DC,09-06-2026 10:01,09-06-2026 10:08,Completed
Xyz9134486,Atlas,DC,09-06-2026 10:01,09-06-2026 10:56,Completed
Xyz9134513,Atlas,DC,09-06-2026 10:01,09-06-2026 10:02,Completed
Xyz9134671,Atlas,DC,09-06-2026 10:03,09-06-2026 10:04,Completed
Xyz9134738,Atlas,DC,09-06-2026 10:03,09-06-2026 10:03,Completed
Xyz9134785,Atlas,DC,09-06-2026 10:00,09-06-2026 10:03,Completed
Xyz9135006,Atlas,DC,09-06-2026 10:02,09-06-2026 10:03,Completed
Xyz9135045,Atlas,DC,09-06-2026 10:03,09-06-2026 10:04,Completed
Xyz9135103,Atlas,DC,09-06-2026 10:02,09-06-2026 10:02,Completed
Xyz9135149,Atlas,DC,09-06-2026 10:03,09-06-2026 10:06,Completed
Xyz9135179,Atlas,DC,09-06-2026 10:01,09-06-2026 10:02,Completed
Xyz9135221,Atlas,DC,09-06-2026 10:01,09-06-2026 10:07,Completed
Xyz9135347,Atlas,DC,09-06-2026 10:01,09-06-2026 10:02,Completed
Xyz9135363,Atlas,DC,09-06-2026 10:00,09-06-2026 10:01,Completed
Xyz9135392,Atlas,DC,09-06-2026 10:03,09-06-2026 10:03,Completed
Xyz9135452,Atlas,DC,09-06-2026 10:00,09-06-2026 10:01,Completed
Xyz9135457,Atlas,DC,09-06-2026 10:03,09-06-2026 10:05,Completed
Xyz9135479,Atlas,DC,09-06-2026 21:01,-NA-,Expired
Xyz9135498,Atlas,DC,09-06-2026 10:03,-NA-,Expired
Xyz9135520,Atlas,DC,09-06-2026 10:02,09-06-2026 10:02,Completed
Xyz9135618,Atlas,DC,09-06-2026 10:00,09-06-2026 10:01,Completed
Xyz9135623,Atlas,DC,09-06-2026 10:00,09-06-2026 10:02,Completed
Xyz9135680,Atlas,DC,09-06-2026 10:00,-NA-,Expired
Xyz9135698,Atlas,DC,09-06-2026 10:03,09-06-2026 10:03,Completed
Xyz9135699,Atlas,DC,09-06-2026 10:02,09-06-2026 10:14,Completed
Xyz9135707,Atlas,DC,09-06-2026 10:03,09-06-2026 10:03,Completed
Xyz9135723,Atlas,DC,09-06-2026 10:02,09-06-2026 10:02,Completed
Xyz9135724,Atlas,DC,09-06-2026 10:03,09-06-2026 10:03,Completed
Xyz9135744,Atlas,DC,09-06-2026 10:00,09-06-2026 10:05,Completed
Xyz9135937,Atlas,DC,09-06-2026 10:02,09-06-2026 10:05,Completed
Xyz9135939,Atlas,DC,09-06-2026 10:03,09-06-2026 10:03,Completed
Xyz9135943,Atlas,DC,09-06-2026 10:02,09-06-2026 10:02,Completed
Xyz9135960,Atlas,DC,09-06-2026 10:02,09-06-2026 10:54,Completed
Xyz9136012,Atlas,DC,09-06-2026 10:02,09-06-2026 10:09,Completed
Xyz9136201,Atlas,DC,09-06-2026 10:03,09-06-2026 10:03,Completed
Xyz9136277,Atlas,DC,09-06-2026 10:01,09-06-2026 10:02,Completed
Xyz9136278,Atlas,DC,09-06-2026 10:02,09-06-2026 10:03,Completed
Xyz9136334,Atlas,DC,09-06-2026 10:02,09-06-2026 10:03,Completed
Xyz9136408,Atlas,DC,09-06-2026 10:02,09-06-2026 10:02,Completed
Xyz9136442,Atlas,DC,09-06-2026 10:03,09-06-2026 10:04,Completed
Xyz9136447,Atlas,DC,09-06-2026 10:03,09-06-2026 10:04,Completed
Xyz9136527,Atlas,DC,09-06-2026 10:01,09-06-2026 10:02,Completed
Xyz9136561,Atlas,DC,09-06-2026 10:02,-NA-,Expired
Xyz9136589,Atlas,DC,09-06-2026 10:03,09-06-2026 10:03,Completed
Xyz9136602,Atlas,DC,09-06-2026 10:00,09-06-2026 10:03,Completed
Xyz9136620,Atlas,DC,09-06-2026 10:01,09-06-2026 10:02,Completed
Xyz9136662,Atlas,DC,09-06-2026 10:03,09-06-2026 10:04,Completed
Xyz9136686,Atlas,DC,09-06-2026 10:03,09-06-2026 10:04,Completed
Xyz9136725,Atlas,DC,09-06-2026 10:03,09-06-2026 10:04,Completed
Xyz9136731,Atlas,DC,09-06-2026 10:01,09-06-2026 10:02,Completed
Xyz9136811,Atlas,DC,09-06-2026 10:02,09-06-2026 10:02,Completed
Xyz9136851,Atlas,DC,09-06-2026 10:02,09-06-2026 10:02,Completed
Xyz9136872,Atlas,DC,09-06-2026 10:00,09-06-2026 10:01,Completed
Xyz9136900,Atlas,DC,09-06-2026 10:02,09-06-2026 11:14,Completed
Xyz9136920,Atlas,DC,09-06-2026 10:03,09-06-2026 11:13,Completed
Xyz9136969,Atlas,DC,09-06-2026 10:01,09-06-2026 10:02,Completed
Xyz9136987,Atlas,DC,09-06-2026 10:02,09-06-2026 10:03,Completed
Xyz9137130,Atlas,DC,09-06-2026 10:04,09-06-2026 10:04,Completed
Xyz9137185,Atlas,DC,09-06-2026 10:00,09-06-2026 10:01,Completed
Xyz9137236,Atlas,DC,09-06-2026 10:01,09-06-2026 10:01,Completed
Xyz9137256,Atlas,DC,09-06-2026 10:00,09-06-2026 10:01,Completed
Xyz9137328,Atlas,DC,09-06-2026 10:02,-NA-,Expired
Xyz9137375,Atlas,DC,09-06-2026 10:04,09-06-2026 10:05,Completed
Xyz9137396,Atlas,DC,09-06-2026 10:00,09-06-2026 10:01,Completed
Xyz9137425,Atlas,DC,09-06-2026 10:01,-NA-,Expired
Xyz9137441,Atlas,DC,09-06-2026 10:02,10-06-2026 09:02,Completed
Xyz9137547,Atlas,DC,09-06-2026 10:00,09-06-2026 10:01,Completed
Xyz9137562,Atlas,DC,09-06-2026 10:01,-NA-,Expired
Xyz9137586,Atlas,DC,09-06-2026 10:00,09-06-2026 10:05,Completed
Xyz9137611,Atlas,DC,09-06-2026 10:01,09-06-2026 10:01,Completed
Xyz9137680,Atlas,DC,09-06-2026 10:03,-NA-,Expired
Xyz9137695,Atlas,DC,09-06-2026 10:03,09-06-2026 10:03,Completed
Xyz9137772,Atlas,DC,09-06-2026 10:03,09-06-2026 10:05,Completed
Xyz9137779,Atlas,DC,09-06-2026 10:02,09-06-2026 10:03,Completed
Xyz9137823,Atlas,DC,09-06-2026 10:00,09-06-2026 10:04,Completed
Xyz9137845,Atlas,DC,09-06-2026 10:01,09-06-2026 10:03,Completed
Xyz9137865,Atlas,DC,09-06-2026 10:02,09-06-2026 12:02,Completed
Xyz9137978,Atlas,DC,09-06-2026 10:01,09-06-2026 10:01,Completed
Xyz9138036,Atlas,DC,09-06-2026 10:00,09-06-2026 11:59,Completed
Xyz9138049,Atlas,DC,09-06-2026 10:03,09-06-2026 10:03,Completed
Xyz9138153,Atlas,DC,09-06-2026 10:03,10-06-2026 09:04,Completed
Xyz9138264,Atlas,DC,09-06-2026 10:01,09-06-2026 10:02,Completed
Xyz9138271,Atlas,DC,09-06-2026 10:01,09-06-2026 10:01,Completed
Xyz9138577,Atlas,DC,09-06-2026 10:02,09-06-2026 10:03,Completed
Xyz9138608,Atlas,DC,09-06-2026 10:02,09-06-2026 10:03,Completed
Xyz9138612,Atlas,DC,09-06-2026 10:01,09-06-2026 10:02,Completed
Xyz9138651,Atlas,DC,09-06-2026 10:02,09-06-2026 10:03,Completed
Xyz9138739,Atlas,DC,09-06-2026 10:02,09-06-2026 10:03,Completed
Xyz9138755,Atlas,DC,09-06-2026 10:03,09-06-2026 10:04,Completed
Xyz9138796,Atlas,DC,09-06-2026 10:01,09-06-2026 10:01,Completed
Xyz9138812,Atlas,DC,09-06-2026 21:03,-NA-,Expired
Xyz9138837,Atlas,DC,09-06-2026 10:03,-NA-,Expired
Xyz9138874,Atlas,DC,09-06-2026 10:01,09-06-2026 10:02,Completed
Xyz9138950,Atlas,DC,09-06-2026 10:01,09-06-2026 10:18,Completed
Xyz9138962,Atlas,DC,09-06-2026 10:03,09-06-2026 10:03,Completed
Xyz9138985,Atlas,DC,09-06-2026 10:03,09-06-2026 10:04,Completed
Xyz9139005,Atlas,DC,09-06-2026 10:02,09-06-2026 10:02,Completed
Xyz9139115,Atlas,DC,09-06-2026 10:03,09-06-2026 10:03,Completed
Xyz9139187,Atlas,DC,09-06-2026 10:02,09-06-2026 10:03,Completed
Xyz9139222,Atlas,DC,09-06-2026 10:01,09-06-2026 10:02,Completed
Xyz9139322,Atlas,DC,09-06-2026 10:01,09-06-2026 10:02,Completed
Xyz9139343,Atlas,DC,09-06-2026 10:03,09-06-2026 10:04,Completed
Xyz9139354,Atlas,DC,09-06-2026 10:01,09-06-2026 10:04,Completed
Xyz9139418,Atlas,DC,09-06-2026 10:03,09-06-2026 10:03,Completed
Xyz9139512,Atlas,DC,09-06-2026 21:03,-NA-,Expired
Xyz9139518,Atlas,DC,09-06-2026 10:03,09-06-2026 10:04,Completed
Xyz9139612,Atlas,DC,09-06-2026 10:02,09-06-2026 10:03,Completed
Xyz9139653,Atlas,DC,09-06-2026 10:02,09-06-2026 10:03,Completed
Xyz9139782,Atlas,DC,09-06-2026 10:02,09-06-2026 10:03,Completed
Xyz9140027,Atlas,DC,09-06-2026 10:03,09-06-2026 10:03,Completed
Xyz9140078,Atlas,DC,09-06-2026 10:03,09-06-2026 10:04,Completed
Xyz9140101,Atlas,DC,09-06-2026 21:01,-NA-,Expired
Xyz9140105,Atlas,DC,09-06-2026 10:03,09-06-2026 10:04,Completed
Xyz9140113,Atlas,DC,09-06-2026 10:03,09-06-2026 10:21,Completed
Xyz9140117,Atlas,DC,09-06-2026 10:01,09-06-2026 10:01,Completed
Xyz9140171,Atlas,DC,09-06-2026 10:03,09-06-2026 10:04,Completed
Xyz9140172,Atlas,DC,09-06-2026 10:02,09-06-2026 10:03,Completed
Xyz9140277,Atlas,DC,09-06-2026 10:02,09-06-2026 10:03,Completed
Xyz9140355,Atlas,DC,09-06-2026 10:04,09-06-2026 12:32,Completed
Xyz9140362,Atlas,DC,09-06-2026 10:01,09-06-2026 10:02,Completed
Xyz9140411,Atlas,DC,09-06-2026 10:03,10-06-2026 09:01,Completed
Xyz9140416,Atlas,DC,09-06-2026 10:00,09-06-2026 10:01,Completed
Xyz9140436,Atlas,DC,09-06-2026 10:03,09-06-2026 10:03,Completed
Xyz9140502,Atlas,DC,09-06-2026 10:03,09-06-2026 10:09,Completed
Xyz9140588,Atlas,DC,09-06-2026 10:03,09-06-2026 10:04,Completed
Xyz9140633,Atlas,DC,09-06-2026 10:00,09-06-2026 10:03,Completed
Xyz9140672,Atlas,DC,09-06-2026 10:00,09-06-2026 10:01,Completed
Xyz9140728,Atlas,DC,09-06-2026 10:03,09-06-2026 10:03,Completed
Xyz9140739,Atlas,DC,09-06-2026 10:02,09-06-2026 10:03,Completed
Xyz9140758,Atlas,DC,09-06-2026 10:02,09-06-2026 10:03,Completed
Xyz9140778,Atlas,DC,09-06-2026 10:01,09-06-2026 10:01,Completed
Xyz9140802,Atlas,DC,09-06-2026 10:01,09-06-2026 10:02,Completed
Xyz9140854,Atlas,DC,09-06-2026 21:02,-NA-,Expired
Xyz9140997,Atlas,DC,09-06-2026 10:03,09-06-2026 10:54,Completed
Xyz9141010,Atlas,DC,09-06-2026 10:02,09-06-2026 10:03,Completed
Xyz9141019,Atlas,DC,09-06-2026 10:02,09-06-2026 10:03,Completed
Xyz9141063,Atlas,DC,09-06-2026 10:01,09-06-2026 10:01,Completed
Xyz9141144,Atlas,DC,09-06-2026 10:01,09-06-2026 10:05,Completed
Xyz9141147,Atlas,DC,09-06-2026 10:02,09-06-2026 10:41,Completed
Xyz9141150,Atlas,DC,09-06-2026 10:01,09-06-2026 10:42,Completed
Xyz9141180,Atlas,DC,09-06-2026 10:02,09-06-2026 10:03,Completed
Xyz9141219,Atlas,DC,09-06-2026 10:03,09-06-2026 11:58,Completed
Xyz9141234,Atlas,DC,09-06-2026 10:03,09-06-2026 10:04,Completed
Xyz9141254,Atlas,DC,09-06-2026 10:02,09-06-2026 10:03,Completed
Xyz9141283,Atlas,DC,09-06-2026 21:02,-NA-,Expired
Xyz9141296,Atlas,DC,09-06-2026 10:01,09-06-2026 10:02,Completed
Xyz9141305,Atlas,DC,09-06-2026 10:03,09-06-2026 10:52,Completed
Xyz9141331,Atlas,DC,09-06-2026 10:03,09-06-2026 10:04,Completed
Xyz9141489,Atlas,DC,09-06-2026 10:01,09-06-2026 10:01,Completed
Xyz9141544,Atlas,DC,09-06-2026 10:03,09-06-2026 10:04,Completed
Xyz9141552,Atlas,DC,09-06-2026 10:03,09-06-2026 10:16,Completed
Xyz9141572,Atlas,DC,09-06-2026 10:03,-NA-,Expired
Xyz9141737,Atlas,DC,09-06-2026 10:02,09-06-2026 10:03,Completed
Xyz9141740,Atlas,DC,09-06-2026 10:03,09-06-2026 10:44,Completed
Xyz9141858,Atlas,DC,09-06-2026 10:01,09-06-2026 10:01,Completed
Xyz9141891,Atlas,DC,09-06-2026 10:02,09-06-2026 10:03,Completed
Xyz9142148,Atlas,DC,09-06-2026 10:00,09-06-2026 11:40,Completed
Xyz9142171,Atlas,DC,09-06-2026 10:02,09-06-2026 11:21,Completed
Xyz9142195,Atlas,DC,09-06-2026 10:02,09-06-2026 10:02,Completed
Xyz9142208,Atlas,DC,09-06-2026 10:00,09-06-2026 10:01,Completed
Xyz9142209,Atlas,DC,09-06-2026 10:02,09-06-2026 10:03,Completed
Xyz9142226,Atlas,DC,09-06-2026 10:03,09-06-2026 10:04,Completed
Xyz9142232,Atlas,DC,09-06-2026 10:01,09-06-2026 10:02,Completed
Xyz9142327,Atlas,DC,09-06-2026 10:03,09-06-2026 10:06,Completed
Xyz9142339,Atlas,DC,09-06-2026 10:03,09-06-2026 10:03,Completed
Xyz9142347,Atlas,DC,09-06-2026 10:02,09-06-2026 10:03,Completed
Xyz9142368,Atlas,DC,09-06-2026 10:01,09-06-2026 10:02,Completed
Xyz9142448,Atlas,DC,09-06-2026 10:03,09-06-2026 10:04,Completed
Xyz9142461,Atlas,DC,09-06-2026 10:00,09-06-2026 10:01,Completed
Xyz9142482,Atlas,DC,09-06-2026 10:03,09-06-2026 10:03,Completed
Xyz9142573,Atlas,DC,09-06-2026 10:00,09-06-2026 10:12,Completed
Xyz9142590,Atlas,DC,09-06-2026 10:03,09-06-2026 10:04,Completed
Xyz9142608,Atlas,DC,09-06-2026 10:01,09-06-2026 10:01,Completed
Xyz9142646,Atlas,DC,09-06-2026 10:03,09-06-2026 10:08,Completed
Xyz9142649,Atlas,DC,09-06-2026 10:02,09-06-2026 10:06,Completed
Xyz9142668,Atlas,DC,09-06-2026 10:03,09-06-2026 10:14,Completed
Xyz9142734,Atlas,DC,09-06-2026 10:02,09-06-2026 10:31,Completed
Xyz9142740,Atlas,DC,09-06-2026 10:01,09-06-2026 10:06,Completed
Xyz9142741,Atlas,DC,09-06-2026 10:03,09-06-2026 15:51,Completed
Xyz9142771,Atlas,DC,09-06-2026 10:03,09-06-2026 10:04,Completed
Xyz9142777,Atlas,DC,09-06-2026 10:02,09-06-2026 10:03,Completed
Xyz9142784,Atlas,DC,09-06-2026 10:03,09-06-2026 10:03,Completed
Xyz9142785,Atlas,DC,09-06-2026 10:03,09-06-2026 10:04,Completed
Xyz9142842,Atlas,DC,09-06-2026 10:03,09-06-2026 11:39,Completed
Xyz9142850,Atlas,DC,09-06-2026 10:00,09-06-2026 10:02,Completed
Xyz9142904,Atlas,DC,09-06-2026 10:02,09-06-2026 13:49,Completed
Xyz9142994,Atlas,DC,09-06-2026 10:01,09-06-2026 10:03,Completed
Xyz9143011,Atlas,DC,09-06-2026 10:01,09-06-2026 10:01,Completed
Xyz9143042,Atlas,DC,09-06-2026 10:03,09-06-2026 10:04,Completed
Xyz9143076,Atlas,DC,09-06-2026 10:02,09-06-2026 10:03,Completed
Xyz9143077,Atlas,DC,09-06-2026 10:03,-NA-,Expired
Xyz9143078,Atlas,DC,09-06-2026 10:00,09-06-2026 10:00,Completed
Xyz9143085,Atlas,DC,09-06-2026 10:03,09-06-2026 10:03,Completed
Xyz9143092,Atlas,DC,09-06-2026 10:00,09-06-2026 10:01,Completed
Xyz9143102,Atlas,DC,09-06-2026 10:03,09-06-2026 10:04,Completed
Xyz9143206,Atlas,DC,09-06-2026 10:03,09-06-2026 10:06,Completed
Xyz9143305,Atlas,DC,09-06-2026 10:02,09-06-2026 10:03,Completed
Xyz9143316,Atlas,DC,09-06-2026 10:03,09-06-2026 10:04,Completed
Xyz9143364,Atlas,DC,09-06-2026 10:00,09-06-2026 10:03,Completed
Xyz9143391,Atlas,DC,09-06-2026 10:00,09-06-2026 10:01,Completed
Xyz9143442,Atlas,DC,09-06-2026 10:00,09-06-2026 10:05,Completed
Xyz9143445,Atlas,DC,09-06-2026 10:02,09-06-2026 10:03,Completed
Xyz9143459,Atlas,DC,09-06-2026 10:03,09-06-2026 10:06,Completed
Xyz9143473,Atlas,DC,09-06-2026 10:02,09-06-2026 10:03,Completed
Xyz9143516,Atlas,DC,09-06-2026 10:03,09-06-2026 11:39,Completed
Xyz9143525,Atlas,DC,09-06-2026 10:03,09-06-2026 10:04,Completed
Xyz9143531,Atlas,DC,09-06-2026 10:03,09-06-2026 10:03,Completed
Xyz9143560,Atlas,DC,09-06-2026 10:02,09-06-2026 10:03,Completed
Xyz9143570,Atlas,DC,09-06-2026 10:03,09-06-2026 10:03,Completed
Xyz9143584,Atlas,DC,09-06-2026 10:00,09-06-2026 10:02,Completed
Xyz9143603,Atlas,DC,09-06-2026 10:00,09-06-2026 10:01,Completed
Xyz9143607,Atlas,DC,09-06-2026 10:03,09-06-2026 10:04,Completed
Xyz9143619,Atlas,DC,09-06-2026 10:03,09-06-2026 10:08,Completed
Xyz9143688,Atlas,DC,09-06-2026 10:03,09-06-2026 10:04,Completed
Xyz9143690,Atlas,DC,09-06-2026 10:02,09-06-2026 10:03,Completed
Xyz9143718,Atlas,DC,09-06-2026 10:02,09-06-2026 10:02,Completed
Xyz9143748,Atlas,DC,09-06-2026 10:01,09-06-2026 10:02,Completed
Xyz9143777,Atlas,DC,09-06-2026 10:02,09-06-2026 10:18,Completed
Xyz9143859,Atlas,DC,09-06-2026 10:03,09-06-2026 10:04,Completed
Xyz9143898,Atlas,DC,09-06-2026 10:03,09-06-2026 11:59,Completed
Xyz9143919,Atlas,DC,09-06-2026 10:02,09-06-2026 10:03,Completed
Xyz9143935,Atlas,DC,09-06-2026 10:03,09-06-2026 12:02,Completed
Xyz9143937,Atlas,DC,09-06-2026 10:01,09-06-2026 12:01,Completed
Xyz9143965,Atlas,DC,09-06-2026 10:03,09-06-2026 10:04,Completed
Xyz9144004,Atlas,DC,09-06-2026 10:01,09-06-2026 10:04,Completed
Xyz9144058,Atlas,DC,09-06-2026 10:03,09-06-2026 10:04,Completed
Xyz9144060,Atlas,DC,09-06-2026 10:00,09-06-2026 10:04,Completed
Xyz9144087,Atlas,DC,09-06-2026 10:01,09-06-2026 10:02,Completed
Xyz9144173,Atlas,DC,09-06-2026 10:03,09-06-2026 10:03,Completed
Xyz9144196,Atlas,DC,09-06-2026 10:03,09-06-2026 10:04,Completed
Xyz9144343,Atlas,DC,09-06-2026 10:01,09-06-2026 10:08,Completed
Xyz9144349,Atlas,DC,09-06-2026 10:03,09-06-2026 11:39,Completed
Xyz9144366,Atlas,DC,09-06-2026 10:02,09-06-2026 12:44,Completed
Xyz9144439,Atlas,DC,09-06-2026 10:03,09-06-2026 10:06,Completed
Xyz9144504,Atlas,DC,09-06-2026 10:03,09-06-2026 10:03,Completed
Xyz9144526,Atlas,DC,09-06-2026 10:03,09-06-2026 10:03,Completed
Xyz9144592,Atlas,DC,09-06-2026 10:03,09-06-2026 11:39,Completed
Xyz9144618,Atlas,DC,09-06-2026 10:03,09-06-2026 11:42,Completed
Xyz9144686,Atlas,DC,09-06-2026 10:01,09-06-2026 10:04,Completed
Xyz9144696,Atlas,DC,09-06-2026 10:03,09-06-2026 10:04,Completed
Xyz9144716,Atlas,DC,09-06-2026 10:02,09-06-2026 10:03,Completed
Xyz9144875,Atlas,DC,09-06-2026 10:03,09-06-2026 14:07,Completed
Xyz9144936,Atlas,DC,09-06-2026 10:03,09-06-2026 10:03,Completed
Xyz9144940,Atlas,DC,09-06-2026 10:01,09-06-2026 10:08,Completed
Xyz9144945,Atlas,DC,09-06-2026 10:03,09-06-2026 10:08,Completed
Xyz9145033,Atlas,DC,09-06-2026 10:03,09-06-2026 10:27,Completed
Xyz9145057,Atlas,DC,09-06-2026 10:01,09-06-2026 10:01,Completed
Xyz9145112,Atlas,DC,09-06-2026 10:01,09-06-2026 10:02,Completed
Xyz9145116,Atlas,DC,09-06-2026 10:01,09-06-2026 10:01,Completed
Xyz9145145,Atlas,DC,09-06-2026 10:03,09-06-2026 10:03,Completed
Xyz9145155,Atlas,DC,09-06-2026 10:03,-NA-,Expired
Xyz9145177,Atlas,DC,09-06-2026 10:03,-NA-,Expired
Xyz9145191,Atlas,DC,09-06-2026 10:02,09-06-2026 10:03,Completed
Xyz9145217,Atlas,DC,09-06-2026 10:03,09-06-2026 10:03,Completed
Xyz9145246,Atlas,DC,09-06-2026 10:02,09-06-2026 10:04,Completed
Xyz9145280,Atlas,DC,09-06-2026 10:03,09-06-2026 10:07,Completed
Xyz9145312,Atlas,DC,09-06-2026 10:02,09-06-2026 11:18,Completed
Xyz9145318,Atlas,DC,09-06-2026 10:03,09-06-2026 10:15,Completed
Xyz9145320,Atlas,DC,09-06-2026 10:03,09-06-2026 10:23,Completed
Xyz9145425,Atlas,DC,09-06-2026 10:00,09-06-2026 10:01,Completed
Xyz9145637,Atlas,DC,09-06-2026 20:59,-NA-,Expired
Xyz9145697,Atlas,DC,09-06-2026 10:02,09-06-2026 10:03,Completed
Xyz9145856,Atlas,DC,09-06-2026 10:03,09-06-2026 10:59,Completed
Xyz9145871,Atlas,DC,09-06-2026 10:00,09-06-2026 11:02,Completed
Xyz9145938,Atlas,DC,09-06-2026 10:01,09-06-2026 10:02,Completed
Xyz9145939,Atlas,DC,09-06-2026 10:01,09-06-2026 10:01,Completed
Xyz9145971,Atlas,DC,09-06-2026 10:03,09-06-2026 10:03,Completed
Xyz9145985,Atlas,DC,09-06-2026 10:00,09-06-2026 10:01,Completed
Xyz9146025,Atlas,DC,09-06-2026 10:00,09-06-2026 14:40,Completed
Xyz9146047,Atlas,DC,09-06-2026 10:03,09-06-2026 10:04,Completed
Xyz9146108,Atlas,DC,09-06-2026 10:03,09-06-2026 10:03,Completed
Xyz9146256,Atlas,DC,09-06-2026 10:02,09-06-2026 10:03,Completed
Xyz9146269,Atlas,DC,09-06-2026 10:00,09-06-2026 10:01,Completed
Xyz9146286,Atlas,DC,09-06-2026 10:01,09-06-2026 10:02,Completed
Xyz9146321,Atlas,DC,09-06-2026 10:01,09-06-2026 12:35,Completed
Xyz9146327,Atlas,DC,09-06-2026 10:01,09-06-2026 10:02,Completed
Xyz9146424,Atlas,DC,09-06-2026 10:01,09-06-2026 10:04,Completed
Xyz9146456,Atlas,DC,09-06-2026 10:04,09-06-2026 10:05,Completed
Xyz9146567,Atlas,DC,09-06-2026 10:01,09-06-2026 11:05,Completed
Xyz9146657,Atlas,DC,09-06-2026 10:01,09-06-2026 10:02,Completed
Xyz9146713,Atlas,DC,09-06-2026 10:02,09-06-2026 14:26,Completed
Xyz9146772,Atlas,DC,09-06-2026 10:02,09-06-2026 10:16,Completed
Xyz9146779,Atlas,DC,09-06-2026 10:03,09-06-2026 10:04,Completed
Xyz9146814,Atlas,DC,09-06-2026 10:00,09-06-2026 10:39,Completed
Xyz9146872,Atlas,DC,09-06-2026 10:03,09-06-2026 10:04,Completed
Xyz9146922,Atlas,DC,09-06-2026 10:03,09-06-2026 10:04,Completed
Xyz9146946,Atlas,DC,09-06-2026 10:03,09-06-2026 10:04,Completed
Xyz9146948,Atlas,DC,09-06-2026 10:01,09-06-2026 10:02,Completed
Xyz9147045,Atlas,DC,09-06-2026 10:02,09-06-2026 11:53,Completed
Xyz9147088,Atlas,DC,09-06-2026 10:04,09-06-2026 14:33,Completed
Xyz9147131,Atlas,DC,09-06-2026 10:00,09-06-2026 10:01,Completed
Xyz9147145,Atlas,DC,09-06-2026 10:03,09-06-2026 14:26,Completed
Xyz9147152,Atlas,DC,09-06-2026 10:03,09-06-2026 10:03,Completed
Xyz9147323,Atlas,DC,09-06-2026 10:01,09-06-2026 10:02,Completed
Xyz9147391,Atlas,DC,09-06-2026 10:02,09-06-2026 14:26,Completed
Xyz9147505,Atlas,DC,09-06-2026 10:00,09-06-2026 10:00,Completed
Xyz9147528,Atlas,DC,09-06-2026 10:02,09-06-2026 10:03,Completed
Xyz9147549,Atlas,DC,09-06-2026 10:03,09-06-2026 10:05,Completed
Xyz9147626,Atlas,DC,09-06-2026 10:00,09-06-2026 10:01,Completed
Xyz9147628,Atlas,DC,09-06-2026 10:03,09-06-2026 10:03,Completed
Xyz9147726,Atlas,DC,09-06-2026 10:01,09-06-2026 10:01,Completed
Xyz9147848,Atlas,DC,09-06-2026 10:02,09-06-2026 14:32,Completed
Xyz9147855,Atlas,DC,09-06-2026 10:02,09-06-2026 10:03,Completed
Xyz9147861,Atlas,DC,09-06-2026 10:03,09-06-2026 10:04,Completed
Xyz9147942,Atlas,DC,09-06-2026 10:00,09-06-2026 10:01,Completed
Xyz9148063,Atlas,DC,09-06-2026 10:02,09-06-2026 10:06,Completed
Xyz9148141,Atlas,DC,09-06-2026 10:01,09-06-2026 10:05,Completed
Xyz9148308,Atlas,DC,09-06-2026 10:02,09-06-2026 10:02,Completed
Xyz9148365,Atlas,DC,09-06-2026 10:01,09-06-2026 10:01,Completed
Xyz9148395,Atlas,DC,09-06-2026 10:02,09-06-2026 10:03,Completed
Xyz9148421,Atlas,DC,09-06-2026 10:03,09-06-2026 10:03,Completed
Xyz9148691,Atlas,DC,09-06-2026 10:01,09-06-2026 15:22,Completed
Xyz9148694,Atlas,DC,09-06-2026 10:03,09-06-2026 10:04,Completed
Xyz9148731,Atlas,DC,09-06-2026 10:02,09-06-2026 10:03,Completed
Xyz9148766,Atlas,DC,09-06-2026 10:02,09-06-2026 10:03,Completed
Xyz9148861,Atlas,DC,09-06-2026 10:02,09-06-2026 10:03,Completed
Xyz9148881,Atlas,DC,09-06-2026 10:00,09-06-2026 10:02,Completed
Xyz9148902,Atlas,DC,09-06-2026 10:04,09-06-2026 10:44,Completed
Xyz9148966,Atlas,DC,09-06-2026 10:02,09-06-2026 10:03,Completed
Xyz9148975,Atlas,DC,09-06-2026 10:03,09-06-2026 10:03,Completed
Xyz9148986,Atlas,DC,09-06-2026 10:03,-NA-,Expired
Xyz9149028,Atlas,DC,09-06-2026 21:01,-NA-,Expired
Xyz9149042,Atlas,DC,09-06-2026 21:01,-NA-,Expired
Xyz9149046,Atlas,DC,09-06-2026 10:02,-NA-,Expired
Xyz9149059,Atlas,DC,09-06-2026 10:03,09-06-2026 10:43,Completed
Xyz9149134,Atlas,DC,09-06-2026 10:03,09-06-2026 14:10,Completed
Xyz9149146,Atlas,DC,09-06-2026 10:02,10-06-2026 09:53,Completed
Xyz9149182,Atlas,DC,09-06-2026 10:01,09-06-2026 10:04,Completed
Xyz9149183,Atlas,DC,09-06-2026 10:02,09-06-2026 10:03,Completed
Xyz9149207,Atlas,DC,09-06-2026 10:03,09-06-2026 10:03,Completed
Xyz9149214,Atlas,DC,09-06-2026 10:03,09-06-2026 10:03,Completed
Xyz9149324,Atlas,DC,09-06-2026 10:03,-NA-,Expired
Xyz9149370,Atlas,DC,09-06-2026 20:59,-NA-,Expired
Xyz9149378,Atlas,DC,09-06-2026 10:03,09-06-2026 10:04,Completed
Xyz9149381,Atlas,DC,09-06-2026 10:04,09-06-2026 10:05,Completed
Xyz9149401,Atlas,DC,09-06-2026 10:03,09-06-2026 10:03,Completed
Xyz9149405,Atlas,DC,09-06-2026 10:00,09-06-2026 10:01,Completed
Xyz9149406,Atlas,DC,09-06-2026 10:00,09-06-2026 10:01,Completed
Xyz9149436,Atlas,DC,09-06-2026 10:01,09-06-2026 10:01,Completed
Xyz9149534,Atlas,DC,09-06-2026 10:03,09-06-2026 10:04,Completed
Xyz9149701,Atlas,DC,09-06-2026 10:03,09-06-2026 10:03,Completed
Xyz9149715,Atlas,DC,09-06-2026 10:02,09-06-2026 10:03,Completed
Xyz9149716,Atlas,DC,09-06-2026 10:00,09-06-2026 10:12,Completed
Xyz9149791,Atlas,DC,09-06-2026 10:02,09-06-2026 10:03,Completed
Xyz9149792,Atlas,DC,09-06-2026 10:03,09-06-2026 10:44,Completed
Xyz9149835,Atlas,DC,09-06-2026 10:03,09-06-2026 10:04,Completed
Xyz9149880,Atlas,DC,09-06-2026 10:04,09-06-2026 10:05,Completed
Xyz9150070,Atlas,DC,09-06-2026 10:01,09-06-2026 10:06,Completed
Xyz9150082,Atlas,DC,09-06-2026 21:01,-NA-,Expired
Xyz9150154,Atlas,DC,09-06-2026 10:02,09-06-2026 10:02,Completed
Xyz9150286,Atlas,DC,09-06-2026 21:05,-NA-,Expired
Xyz9150295,Atlas,DC,09-06-2026 21:01,-NA-,Expired
Xyz9150409,Atlas,DC,09-06-2026 10:03,09-06-2026 10:04,Completed
Xyz9150411,Atlas,DC,09-06-2026 10:02,09-06-2026 10:03,Completed
Xyz9150421,Atlas,DC,09-06-2026 21:01,-NA-,Expired
Xyz9150571,Atlas,DC,09-06-2026 10:02,09-06-2026 10:03,Completed
Xyz9150647,Atlas,DC,09-06-2026 10:03,-NA-,Expired
Xyz9150704,Atlas,DC,09-06-2026 10:02,09-06-2026 10:03,Completed
Xyz9150705,Atlas,DC,09-06-2026 10:00,09-06-2026 10:01,Completed
Xyz9150852,Atlas,DC,09-06-2026 10:03,09-06-2026 10:03,Completed
Xyz9150872,Atlas,DC,09-06-2026 10:04,09-06-2026 10:10,Completed
Xyz9150930,Atlas,DC,09-06-2026 10:04,09-06-2026 14:26,Completed
Xyz9151000,Atlas,DC,09-06-2026 10:02,09-06-2026 10:02,Completed
Xyz9151040,Atlas,DC,09-06-2026 10:03,09-06-2026 10:04,Completed
Xyz9151073,Atlas,DC,09-06-2026 10:02,09-06-2026 10:02,Completed
Xyz9151080,Atlas,DC,09-06-2026 10:03,09-06-2026 14:01,Completed
Xyz9151100,Atlas,DC,09-06-2026 10:03,09-06-2026 10:03,Completed
Xyz9151112,Atlas,DC,09-06-2026 10:03,09-06-2026 10:03,Completed
Xyz9151192,Atlas,DC,09-06-2026 10:03,09-06-2026 10:10,Completed
Xyz9151249,Atlas,DC,09-06-2026 10:01,-NA-,Expired
Xyz9151310,Atlas,DC,09-06-2026 10:00,09-06-2026 14:08,Completed
Xyz9151366,Atlas,DC,09-06-2026 10:03,-NA-,Expired
Xyz9151405,Atlas,DC,09-06-2026 10:03,09-06-2026 10:23,Completed
Xyz9151431,Atlas,DC,09-06-2026 10:02,09-06-2026 14:49,Completed
Xyz9151438,Atlas,DC,09-06-2026 21:00,-NA-,Expired
Xyz9151439,Atlas,DC,09-06-2026 10:04,09-06-2026 10:10,Completed
Xyz9151446,Atlas,DC,09-06-2026 10:02,09-06-2026 10:03,Completed
Xyz9151530,Atlas,DC,09-06-2026 10:00,09-06-2026 10:01,Completed
Xyz9151559,Atlas,DC,09-06-2026 10:03,-NA-,Expired
Xyz9151607,Atlas,DC,09-06-2026 10:02,09-06-2026 10:02,Completed
Xyz9151628,Atlas,DC,09-06-2026 10:02,09-06-2026 10:08,Completed
Xyz9151728,Atlas,DC,09-06-2026 10:01,09-06-2026 10:41,Completed
Xyz9151736,Atlas,DC,09-06-2026 10:01,09-06-2026 10:02,Completed
Xyz9151768,Atlas,DC,09-06-2026 10:01,09-06-2026 10:02,Completed
Xyz9151797,Atlas,DC,09-06-2026 10:03,09-06-2026 10:04,Completed
Xyz9151885,Atlas,DC,09-06-2026 10:03,09-06-2026 10:04,Completed
Xyz9151952,Atlas,DC,09-06-2026 21:01,-NA-,Expired
Xyz9151994,Atlas,DC,09-06-2026 10:03,09-06-2026 10:03,Completed
Xyz9152007,Atlas,DC,09-06-2026 10:02,09-06-2026 10:06,Completed
Xyz9152037,Atlas,DC,09-06-2026 10:03,09-06-2026 10:03,Completed
Xyz9152045,Atlas,DC,09-06-2026 10:04,09-06-2026 13:58,Completed
Xyz9152109,Atlas,DC,09-06-2026 10:00,09-06-2026 10:01,Completed
Xyz9152220,Atlas,DC,09-06-2026 10:02,09-06-2026 10:02,Completed
Xyz9152249,Atlas,DC,09-06-2026 10:00,09-06-2026 10:01,Completed
Xyz9152302,Atlas,DC,09-06-2026 10:01,09-06-2026 10:02,Completed
Xyz9152336,Atlas,DC,09-06-2026 10:02,09-06-2026 10:02,Completed
Xyz9152339,Atlas,DC,09-06-2026 21:02,-NA-,Expired
Xyz9152341,Atlas,DC,09-06-2026 10:01,09-06-2026 10:02,Completed
Xyz9152344,Atlas,DC,09-06-2026 21:04,-NA-,Expired
Xyz9152408,Atlas,DC,09-06-2026 10:02,09-06-2026 10:03,Completed
Xyz9152531,Atlas,DC,09-06-2026 10:02,09-06-2026 10:04,Completed
Xyz9152567,Atlas,DC,09-06-2026 10:03,09-06-2026 10:04,Completed
Xyz9152634,Atlas,DC,09-06-2026 10:01,09-06-2026 10:01,Completed
Xyz9152671,Atlas,DC,09-06-2026 10:03,09-06-2026 10:04,Completed
Xyz9152683,Atlas,DC,09-06-2026 10:02,09-06-2026 10:03,Completed
Xyz9152704,Atlas,DC,09-06-2026 10:00,09-06-2026 10:01,Completed
Xyz9152814,Atlas,DC,09-06-2026 10:02,-NA-,Expired
Xyz9152897,Atlas,DC,09-06-2026 10:02,09-06-2026 10:02,Completed
Xyz9152964,Atlas,DC,09-06-2026 10:02,09-06-2026 10:03,Completed
Xyz9153066,Atlas,DC,09-06-2026 10:03,09-06-2026 10:03,Completed
Xyz9153134,Atlas,DC,09-06-2026 10:00,09-06-2026 10:19,Completed
Xyz9153137,Atlas,DC,09-06-2026 10:01,09-06-2026 10:18,Completed
Xyz9153315,Atlas,DC,09-06-2026 10:00,09-06-2026 10:09,Completed
Xyz9153346,Atlas,DC,09-06-2026 10:01,09-06-2026 10:14,Completed
Xyz9153351,Atlas,DC,09-06-2026 10:03,09-06-2026 10:14,Completed
Xyz9153382,Atlas,DC,09-06-2026 10:03,09-06-2026 10:04,Completed
Xyz9153446,Atlas,DC,09-06-2026 10:03,09-06-2026 10:03,Completed
Xyz9153502,Atlas,DC,09-06-2026 10:02,09-06-2026 10:03,Completed
Xyz9153514,Atlas,DC,09-06-2026 10:02,09-06-2026 10:02,Completed
Xyz9153526,Atlas,DC,09-06-2026 10:02,09-06-2026 10:16,Completed
Xyz9153689,Atlas,DC,09-06-2026 10:02,09-06-2026 10:03,Completed
Xyz9153710,Atlas,DC,09-06-2026 10:03,09-06-2026 10:04,Completed
Xyz9153778,Atlas,DC,09-06-2026 21:01,-NA-,Expired
Xyz9153965,Atlas,DC,09-06-2026 10:03,09-06-2026 10:04,Completed
Xyz9154012,Atlas,DC,09-06-2026 10:00,09-06-2026 10:02,Completed
Xyz9154072,Atlas,DC,09-06-2026 10:02,09-06-2026 10:03,Completed
Xyz9154093,Atlas,DC,09-06-2026 10:01,09-06-2026 10:02,Completed
Xyz9154133,Atlas,DC,09-06-2026 10:02,09-06-2026 10:05,Completed
Xyz9154137,Atlas,DC,09-06-2026 10:03,09-06-2026 10:23,Completed
Xyz9154138,Atlas,DC,09-06-2026 10:03,09-06-2026 10:04,Completed
Xyz9154160,Atlas,DC,09-06-2026 10:04,09-06-2026 10:06,Completed
Xyz9154180,Atlas,DC,09-06-2026 10:02,09-06-2026 10:02,Completed
Xyz9154194,Atlas,DC,09-06-2026 10:02,09-06-2026 10:02,Completed
Xyz9154287,Atlas,DC,09-06-2026 10:01,09-06-2026 10:02,Completed
Xyz9154295,Atlas,DC,09-06-2026 10:02,09-06-2026 10:03,Completed
Xyz9154460,Atlas,DC,09-06-2026 10:00,09-06-2026 10:02,Completed
Xyz9154466,Atlas,DC,09-06-2026 10:03,09-06-2026 10:08,Completed
Xyz9154534,Atlas,DC,09-06-2026 10:03,09-06-2026 10:04,Completed
Xyz9154558,Atlas,DC,09-06-2026 10:01,09-06-2026 10:01,Completed
Xyz9154559,Atlas,DC,09-06-2026 10:02,09-06-2026 10:02,Completed
Xyz9154615,Atlas,DC,09-06-2026 10:03,09-06-2026 10:03,Completed
Xyz9154691,Atlas,DC,09-06-2026 10:02,09-06-2026 10:03,Completed
Xyz9154741,Atlas,DC,09-06-2026 10:03,09-06-2026 10:44,Completed
Xyz9154765,Atlas,DC,09-06-2026 10:01,09-06-2026 10:02,Completed
Xyz9154788,Atlas,DC,09-06-2026 10:03,-NA-,Expired
Xyz9154853,Atlas,DC,09-06-2026 10:03,-NA-,Expired
Xyz9154910,Atlas,DC,09-06-2026 10:00,09-06-2026 10:01,Completed
Xyz9154950,Atlas,DC,09-06-2026 10:01,09-06-2026 10:02,Completed
Xyz9155024,Atlas,DC,09-06-2026 10:02,09-06-2026 10:03,Completed
Xyz9155039,Atlas,DC,09-06-2026 10:01,09-06-2026 10:02,Completed
Xyz9155185,Atlas,DC,09-06-2026 10:03,09-06-2026 10:04,Completed
Xyz9155196,Atlas,DC,09-06-2026 10:03,09-06-2026 10:06,Completed
Xyz9155218,Atlas,DC,09-06-2026 10:03,09-06-2026 12:11,Completed
Xyz9155294,Atlas,DC,09-06-2026 10:01,09-06-2026 10:03,Completed
Xyz9155307,Atlas,DC,09-06-2026 10:00,09-06-2026 10:01,Completed
Xyz9155351,Atlas,DC,09-06-2026 10:02,09-06-2026 10:03,Completed
Xyz9155410,Atlas,DC,09-06-2026 10:02,09-06-2026 10:03,Completed
Xyz9155411,Atlas,DC,09-06-2026 10:03,-NA-,Expired
Xyz9155415,Atlas,DC,09-06-2026 10:02,09-06-2026 10:03,Completed
Xyz9155501,Atlas,DC,09-06-2026 10:03,09-06-2026 10:04,Completed
Xyz9155505,Atlas,DC,09-06-2026 10:03,09-06-2026 10:09,Completed
Xyz9155690,Atlas,DC,09-06-2026 10:02,09-06-2026 10:06,Completed
Xyz9155697,Atlas,DC,09-06-2026 10:02,09-06-2026 10:03,Completed
Xyz9155704,Atlas,DC,09-06-2026 10:00,09-06-2026 10:12,Completed
Xyz9155737,Atlas,DC,09-06-2026 10:03,09-06-2026 10:04,Completed
Xyz9155808,Atlas,DC,09-06-2026 10:00,09-06-2026 10:01,Completed
Xyz9155862,Atlas,DC,09-06-2026 10:01,09-06-2026 10:01,Completed
Xyz9155901,Atlas,DC,09-06-2026 10:02,09-06-2026 10:03,Completed
Xyz9155925,Atlas,DC,09-06-2026 10:03,09-06-2026 10:03,Completed
Xyz9155977,Atlas,DC,09-06-2026 10:03,09-06-2026 10:11,Completed
Xyz9155979,Atlas,DC,09-06-2026 10:00,09-06-2026 10:01,Completed
Xyz9155997,Atlas,DC,09-06-2026 10:03,09-06-2026 10:03,Completed
Xyz9156086,Atlas,DC,09-06-2026 10:01,09-06-2026 10:02,Completed
Xyz9156088,Atlas,DC,09-06-2026 10:01,09-06-2026 10:02,Completed
Xyz9156103,Atlas,DC,09-06-2026 10:01,09-06-2026 10:02,Completed
Xyz9156109,Atlas,DC,09-06-2026 10:02,09-06-2026 10:04,Completed
Xyz9156153,Atlas,DC,09-06-2026 10:01,09-06-2026 10:02,Completed
Xyz9156159,Atlas,DC,09-06-2026 10:03,09-06-2026 10:03,Completed
Xyz9156185,Atlas,DC,09-06-2026 10:01,09-06-2026 10:02,Completed
Xyz9156187,Atlas,DC,09-06-2026 21:04,-NA-,Expired
Xyz9156190,Atlas,DC,09-06-2026 10:02,09-06-2026 10:51,Completed
Xyz9156204,Atlas,DC,09-06-2026 10:01,09-06-2026 10:02,Completed
Xyz9156205,Atlas,DC,09-06-2026 10:03,09-06-2026 10:03,Completed
Xyz9156246,Atlas,DC,09-06-2026 10:03,09-06-2026 10:03,Completed
Xyz9156257,Atlas,DC,09-06-2026 10:02,09-06-2026 10:03,Completed
Xyz9156330,Atlas,DC,09-06-2026 10:03,09-06-2026 10:03,Completed
Xyz9156361,Atlas,DC,09-06-2026 21:01,-NA-,Expired
Xyz9156426,Atlas,DC,09-06-2026 21:03,-NA-,Expired
Xyz9156432,Atlas,DC,09-06-2026 10:01,09-06-2026 10:01,Completed
Xyz9156464,Atlas,DC,09-06-2026 10:02,09-06-2026 14:47,Completed
Xyz9156524,Atlas,DC,09-06-2026 10:03,09-06-2026 10:51,Completed
Xyz9156778,Atlas,DC,09-06-2026 10:01,09-06-2026 10:01,Completed
Xyz9156805,Atlas,DC,09-06-2026 10:02,09-06-2026 10:03,Completed
Xyz9156816,Atlas,DC,09-06-2026 10:02,-NA-,Expired
Xyz9156895,Atlas,DC,09-06-2026 21:03,-NA-,Expired
Xyz9156909,Atlas,DC,09-06-2026 10:02,09-06-2026 10:02,Completed
Xyz9156928,Atlas,DC,09-06-2026 10:02,09-06-2026 10:02,Completed
Xyz9156982,Atlas,DC,09-06-2026 10:02,09-06-2026 10:03,Completed
Xyz9157018,Atlas,DC,09-06-2026 10:03,09-06-2026 12:01,Completed
Xyz9157047,Atlas,DC,09-06-2026 10:02,09-06-2026 10:03,Completed
Xyz9157267,Atlas,DC,09-06-2026 10:01,-NA-,Expired
Xyz9157373,Atlas,DC,09-06-2026 10:03,09-06-2026 10:04,Completed
Xyz9157461,Atlas,DC,09-06-2026 10:03,-NA-,Expired
Xyz9157572,Atlas,DC,09-06-2026 10:03,09-06-2026 10:03,Completed
Xyz9157606,Atlas,DC,09-06-2026 10:00,09-06-2026 10:01,Completed
Xyz9157640,Atlas,DC,09-06-2026 10:02,09-06-2026 10:02,Completed
Xyz9157644,Atlas,DC,09-06-2026 10:03,09-06-2026 10:07,Completed
Xyz9157699,Atlas,DC,09-06-2026 10:03,09-06-2026 10:03,Completed
Xyz9157772,Atlas,DC,09-06-2026 10:02,09-06-2026 10:03,Completed
Xyz9157862,Atlas,DC,09-06-2026 10:02,09-06-2026 10:03,Completed
Xyz9157867,Atlas,DC,09-06-2026 21:05,-NA-,Expired
Xyz9157872,Atlas,DC,09-06-2026 21:05,-NA-,Expired
Xyz9157881,Atlas,DC,09-06-2026 10:02,09-06-2026 10:03,Completed
Xyz9157906,Atlas,DC,09-06-2026 10:02,09-06-2026 10:08,Completed
Xyz9158006,Atlas,DC,09-06-2026 10:02,09-06-2026 10:12,Completed
Xyz9158024,Atlas,DC,09-06-2026 10:01,09-06-2026 10:01,Completed
Xyz9158031,Atlas,DC,09-06-2026 10:02,09-06-2026 10:03,Completed
Xyz9158172,Atlas,DC,09-06-2026 21:01,-NA-,Expired
Xyz9158173,Atlas,DC,09-06-2026 21:01,-NA-,Expired
Xyz9158278,Atlas,DC,09-06-2026 10:03,09-06-2026 10:13,Completed
Xyz9158285,Atlas,DC,09-06-2026 10:03,09-06-2026 10:03,Completed
Xyz9158333,Atlas,DC,09-06-2026 10:02,09-06-2026 10:02,Completed
Xyz9158372,Atlas,DC,09-06-2026 10:02,09-06-2026 10:03,Completed
Xyz9158402,Atlas,DC,09-06-2026 10:03,-NA-,Expired
Xyz9158448,Atlas,DC,09-06-2026 10:03,09-06-2026 10:03,Completed
Xyz9158449,Atlas,DC,09-06-2026 10:02,09-06-2026 10:06,Completed
Xyz9158460,Atlas,DC,09-06-2026 10:02,09-06-2026 10:07,Completed
Xyz9158547,Atlas,DC,09-06-2026 10:03,09-06-2026 10:05,Completed
Xyz9158585,Atlas,DC,09-06-2026 10:01,09-06-2026 10:23,Completed
Xyz9158682,Atlas,DC,09-06-2026 10:02,09-06-2026 10:03,Completed
Xyz9158685,Atlas,DC,09-06-2026 10:02,09-06-2026 10:03,Completed
Xyz9158700,Atlas,DC,09-06-2026 10:03,09-06-2026 10:04,Completed
Xyz9158740,Atlas,DC,09-06-2026 10:01,09-06-2026 10:01,Completed
Xyz9158746,Atlas,DC,09-06-2026 21:01,-NA-,Expired
Xyz9158886,Atlas,DC,09-06-2026 10:02,09-06-2026 11:12,Completed
Xyz9158910,Atlas,DC,09-06-2026 10:02,-NA-,Expired
Xyz9158927,Atlas,DC,09-06-2026 10:03,09-06-2026 10:03,Completed
Xyz9158999,Atlas,DC,09-06-2026 10:02,09-06-2026 10:18,Completed
Xyz9159075,Atlas,DC,09-06-2026 10:03,09-06-2026 10:04,Completed
Xyz9159091,Atlas,DC,09-06-2026 10:02,-NA-,Expired
Xyz9159095,Atlas,DC,09-06-2026 10:03,09-06-2026 10:13,Completed
Xyz9159160,Atlas,DC,09-06-2026 10:03,09-06-2026 10:04,Completed
Xyz9159200,Atlas,DC,09-06-2026 10:02,09-06-2026 10:03,Completed
Xyz9159215,Atlas,DC,09-06-2026 10:01,09-06-2026 10:02,Completed
Xyz9159261,Atlas,DC,09-06-2026 10:03,09-06-2026 10:03,Completed
Xyz9159263,Atlas,DC,09-06-2026 10:00,09-06-2026 10:01,Completed
Xyz9159343,Atlas,DC,09-06-2026 10:03,09-06-2026 10:06,Completed
Xyz9159449,Atlas,DC,09-06-2026 10:01,09-06-2026 10:02,Completed
Xyz9159462,Atlas,DC,09-06-2026 10:02,09-06-2026 10:03,Completed
Xyz9159611,Atlas,DC,09-06-2026 10:02,09-06-2026 13:39,Completed
Xyz9159616,Atlas,DC,09-06-2026 10:03,09-06-2026 13:37,Completed
Xyz9159670,Atlas,DC,09-06-2026 10:02,09-06-2026 10:02,Completed
Xyz9159679,Atlas,DC,09-06-2026 10:00,09-06-2026 10:02,Completed
Xyz9159730,Atlas,DC,09-06-2026 10:00,09-06-2026 10:01,Completed
Xyz9159735,Atlas,DC,09-06-2026 21:01,-NA-,Expired
Xyz9159755,Atlas,DC,09-06-2026 10:04,09-06-2026 10:05,Completed
Xyz9159825,Atlas,DC,09-06-2026 10:03,09-06-2026 10:03,Completed
Xyz9159896,Atlas,DC,09-06-2026 10:02,09-06-2026 10:13,Completed
Xyz9159937,Atlas,DC,09-06-2026 10:03,09-06-2026 10:03,Completed
Xyz9159944,Atlas,DC,09-06-2026 10:02,09-06-2026 10:03,Completed
Xyz9160005,Atlas,DC,09-06-2026 10:03,09-06-2026 10:10,Completed
Xyz9160117,Atlas,DC,09-06-2026 10:02,09-06-2026 10:02,Completed
Xyz9160128,Atlas,DC,09-06-2026 10:00,09-06-2026 10:02,Completed
Xyz9160140,Atlas,DC,09-06-2026 10:01,09-06-2026 10:01,Completed
Xyz9160217,Atlas,DC,09-06-2026 10:00,-NA-,Expired
Xyz9160306,Atlas,DC,09-06-2026 10:01,09-06-2026 10:01,Completed
Xyz9160342,Atlas,DC,09-06-2026 10:03,09-06-2026 10:08,Completed
Xyz9160363,Atlas,DC,09-06-2026 10:03,09-06-2026 11:08,Completed
Xyz9160388,Atlas,DC,09-06-2026 10:02,09-06-2026 10:03,Completed
Xyz9160441,Atlas,DC,09-06-2026 10:00,09-06-2026 10:03,Completed
Xyz9160462,Atlas,DC,09-06-2026 10:02,09-06-2026 10:03,Completed
Xyz9160467,Atlas,DC,09-06-2026 10:02,09-06-2026 10:03,Completed
Xyz9160475,Atlas,DC,09-06-2026 10:01,09-06-2026 10:01,Completed
Xyz9160479,Atlas,DC,09-06-2026 10:03,09-06-2026 10:03,Completed
Xyz9160487,Atlas,DC,09-06-2026 10:04,09-06-2026 10:04,Completed
Xyz9160604,Atlas,DC,09-06-2026 10:00,09-06-2026 10:01,Completed
Xyz9160771,Atlas,DC,09-06-2026 10:02,09-06-2026 10:03,Completed
Xyz9160800,Atlas,DC,09-06-2026 10:00,09-06-2026 10:14,Completed
Xyz9160843,Atlas,DC,09-06-2026 10:03,09-06-2026 10:13,Completed
Xyz9160844,Atlas,DC,09-06-2026 10:03,09-06-2026 10:16,Completed
Xyz9160864,Atlas,DC,09-06-2026 10:03,09-06-2026 10:03,Completed
Xyz9160915,Atlas,DC,09-06-2026 10:00,09-06-2026 10:01,Completed
Xyz9160980,Atlas,DC,09-06-2026 10:00,09-06-2026 10:01,Completed
Xyz9161009,Atlas,DC,09-06-2026 10:00,09-06-2026 10:11,Completed
Xyz9161051,Atlas,DC,09-06-2026 10:03,09-06-2026 10:03,Completed
Xyz9161114,Atlas,DC,09-06-2026 10:00,09-06-2026 10:11,Completed
Xyz9161126,Atlas,DC,09-06-2026 10:03,09-06-2026 10:04,Completed
Xyz9161153,Atlas,DC,09-06-2026 10:03,09-06-2026 10:14,Completed
Xyz9161154,Atlas,DC,09-06-2026 21:04,-NA-,Expired
Xyz9161202,Atlas,DC,09-06-2026 10:04,09-06-2026 10:05,Completed
Xyz9161366,Atlas,DC,09-06-2026 10:03,09-06-2026 10:04,Completed
Xyz9161487,Atlas,DC,09-06-2026 10:03,09-06-2026 10:16,Completed
Xyz9161497,Atlas,DC,09-06-2026 10:00,09-06-2026 10:36,Completed
Xyz9161717,Atlas,DC,09-06-2026 10:03,09-06-2026 11:54,Completed
Xyz9161847,Atlas,DC,09-06-2026 10:02,09-06-2026 10:03,Completed
Xyz9161902,Atlas,DC,09-06-2026 21:02,-NA-,Expired
Xyz9161903,Atlas,DC,09-06-2026 21:03,-NA-,Expired
Xyz9161905,Atlas,DC,09-06-2026 10:03,09-06-2026 10:39,Completed
Xyz9162302,Atlas,DC,09-06-2026 10:03,09-06-2026 10:44,Completed
Xyz9162313,Atlas,DC,09-06-2026 10:03,09-06-2026 10:18,Completed
Xyz9162343,Atlas,DC,09-06-2026 10:03,09-06-2026 10:12,Completed
Xyz9162431,Atlas,DC,09-06-2026 10:01,09-06-2026 10:02,Completed
Xyz9162612,Atlas,DC,09-06-2026 10:03,09-06-2026 11:01,Completed
Xyz9162710,Atlas,DC,09-06-2026 10:00,09-06-2026 10:01,Completed
Xyz9162761,Atlas,DC,09-06-2026 10:02,09-06-2026 10:11,Completed
Xyz9162794,Atlas,DC,09-06-2026 10:02,09-06-2026 10:03,Completed
Xyz9162802,Atlas,DC,09-06-2026 10:00,09-06-2026 10:32,Completed
Xyz9162911,Atlas,DC,09-06-2026 10:00,09-06-2026 10:01,Completed
Xyz9163069,Atlas,DC,09-06-2026 10:00,09-06-2026 10:03,Completed
Xyz9163078,Atlas,DC,09-06-2026 10:03,09-06-2026 10:06,Completed
Xyz9163108,Atlas,DC,09-06-2026 10:04,09-06-2026 10:05,Completed
Xyz9163125,Atlas,DC,09-06-2026 10:03,09-06-2026 10:04,Completed
Xyz9163157,Atlas,DC,09-06-2026 10:02,09-06-2026 10:03,Completed
Xyz9163236,Atlas,DC,09-06-2026 10:00,09-06-2026 10:02,Completed
Xyz9163395,Atlas,DC,09-06-2026 10:01,-NA-,Expired
Xyz9163444,Atlas,DC,09-06-2026 10:03,09-06-2026 10:04,Completed
Xyz9163462,Atlas,DC,09-06-2026 10:03,09-06-2026 10:04,Completed
Xyz9163468,Atlas,DC,09-06-2026 10:03,09-06-2026 11:00,Completed
Xyz9163500,Atlas,DC,09-06-2026 10:00,09-06-2026 10:01,Completed
Xyz9163502,Atlas,DC,09-06-2026 10:03,09-06-2026 10:04,Completed
Xyz9163517,Atlas,DC,09-06-2026 10:03,09-06-2026 10:05,Completed
Xyz9163518,Atlas,DC,09-06-2026 10:02,09-06-2026 10:03,Completed
Xyz9163593,Atlas,DC,09-06-2026 10:03,09-06-2026 10:04,Completed
Xyz9225407,Atlas,DC,09-06-2026 10:01,09-06-2026 10:01,Completed
Xyz9225413,Atlas,DC,09-06-2026 10:00,09-06-2026 10:00,Completed
Xyz9225418,Atlas,DC,09-06-2026 21:02,-NA-,Expired
Xyz9225421,Atlas,DC,09-06-2026 21:01,-NA-,Expired
Xyz9225447,Atlas,DC,09-06-2026 10:03,09-06-2026 10:42,Completed
Xyz9225493,Atlas,DC,09-06-2026 10:03,09-06-2026 10:16,Completed
Xyz9225537,Atlas,DC,09-06-2026 10:03,09-06-2026 10:16,Completed
Xyz9225573,Atlas,DC,09-06-2026 10:02,09-06-2026 10:03,Completed
Xyz9225689,Atlas,DC,09-06-2026 10:03,09-06-2026 10:52,Completed
Xyz9225690,Atlas,DC,09-06-2026 10:03,09-06-2026 10:16,Completed
Xyz9225691,Atlas,DC,09-06-2026 10:01,09-06-2026 10:01,Completed
Xyz9225744,Atlas,DC,09-06-2026 10:01,09-06-2026 10:01,Completed
Xyz9225764,Atlas,DC,09-06-2026 10:03,09-06-2026 10:16,Completed
Xyz9225794,Atlas,DC,09-06-2026 10:02,09-06-2026 10:02,Completed
Xyz9225795,Atlas,DC,09-06-2026 21:01,09-06-2026 21:01,Completed
Xyz9225797,Atlas,DC,09-06-2026 21:01,-NA-,Expired
Xyz9225858,Atlas,DC,09-06-2026 10:03,09-06-2026 10:16,Completed
Xyz9225885,Atlas,DC,09-06-2026 10:01,09-06-2026 10:01,Completed
Xyz9225983,Atlas,DC,09-06-2026 21:02,-NA-,Expired
Xyz9225984,Atlas,DC,09-06-2026 21:00,-NA-,Expired
Xyz9226037,Atlas,DC,09-06-2026 21:00,09-06-2026 21:01,Completed
Xyz9226088,Atlas,DC,09-06-2026 21:03,-NA-,Expired
Xyz9226089,Atlas,DC,09-06-2026 10:03,09-06-2026 11:21,Completed
Xyz9226150,Atlas,DC,09-06-2026 21:01,-NA-,Expired
Xyz9226195,Atlas,DC,09-06-2026 10:00,09-06-2026 10:01,Completed
Xyz9226211,Atlas,DC,09-06-2026 10:03,09-06-2026 10:03,Completed
Xyz9226289,Atlas,DC,09-06-2026 10:01,09-06-2026 10:01,Completed
Xyz9226421,Atlas,DC,09-06-2026 10:03,09-06-2026 10:03,Completed
Xyz9226495,Atlas,DC,09-06-2026 10:01,09-06-2026 10:02,Completed
Xyz9226788,Atlas,DC,09-06-2026 21:02,-NA-,Expired
Xyz9226790,Atlas,DC,09-06-2026 10:01,09-06-2026 10:14,Completed
Xyz9226808,Atlas,DC,09-06-2026 10:01,09-06-2026 10:05,Completed
Xyz9226864,Atlas,DC,09-06-2026 10:02,09-06-2026 10:02,Completed
Xyz9226865,Atlas,DC,09-06-2026 10:03,09-06-2026 10:03,Completed
Xyz9226890,Atlas,DC,09-06-2026 10:03,09-06-2026 10:03,Completed
Xyz9227044,Atlas,DC,09-06-2026 10:04,09-06-2026 10:04,Completed
Xyz9227047,Atlas,DC,09-06-2026 10:03,09-06-2026 10:05,Completed
Xyz9227066,Atlas,DC,09-06-2026 20:59,-NA-,Expired
Xyz9227110,Atlas,DC,09-06-2026 10:01,-NA-,Expired
Xyz9227170,Atlas,DC,09-06-2026 10:02,09-06-2026 10:02,Completed
Xyz9227185,Atlas,DC,09-06-2026 10:00,09-06-2026 10:00,Completed
Xyz9227271,Atlas,DC,09-06-2026 10:02,09-06-2026 11:47,Completed
Xyz9227285,Atlas,DC,09-06-2026 10:01,09-06-2026 10:02,Completed
Xyz9227402,Atlas,DC,09-06-2026 10:03,09-06-2026 10:03,Completed
Xyz9227436,Atlas,DC,09-06-2026 10:04,09-06-2026 10:04,Completed
Xyz9227443,Atlas,DC,09-06-2026 10:01,09-06-2026 10:02,Completed
Xyz9227450,Atlas,DC,09-06-2026 10:00,09-06-2026 10:01,Completed
Xyz9227479,Atlas,DC,09-06-2026 10:00,09-06-2026 10:01,Completed
Xyz9227495,Atlas,DC,09-06-2026 10:02,09-06-2026 11:47,Completed
Xyz9227561,Atlas,DC,09-06-2026 10:01,09-06-2026 10:02,Completed
Xyz9227602,Atlas,DC,09-06-2026 10:03,09-06-2026 10:16,Completed
Xyz9227636,Atlas,DC,09-06-2026 10:03,09-06-2026 10:03,Completed
Xyz9227654,Atlas,DC,09-06-2026 10:02,09-06-2026 10:02,Completed
Xyz9227764,Atlas,DC,09-06-2026 10:03,09-06-2026 10:05,Completed
Xyz9227845,Atlas,DC,09-06-2026 10:01,09-06-2026 10:01,Completed
Xyz9227959,Atlas,DC,09-06-2026 10:00,-NA-,Expired
Xyz9227970,Atlas,DC,09-06-2026 10:02,09-06-2026 10:03,Completed
Xyz9228009,Atlas,DC,09-06-2026 10:03,09-06-2026 10:03,Completed
Xyz9228042,Atlas,DC,09-06-2026 10:02,09-06-2026 10:37,Completed
Xyz9228175,Atlas,DC,09-06-2026 10:03,09-06-2026 10:03,Completed
Xyz9228181,Atlas,DC,09-06-2026 10:03,09-06-2026 10:03,Completed
Xyz9228198,Atlas,DC,09-06-2026 10:00,09-06-2026 10:01,Completed
Xyz9228294,Atlas,DC,09-06-2026 10:03,09-06-2026 10:04,Completed
Xyz9228371,Atlas,DC,09-06-2026 10:02,09-06-2026 10:03,Completed
Xyz9228436,Atlas,DC,09-06-2026 21:01,-NA-,Expired
Xyz9228531,Atlas,DC,09-06-2026 10:03,09-06-2026 10:03,Completed
Xyz9228542,Atlas,DC,09-06-2026 10:03,09-06-2026 10:03,Completed
Xyz9228600,Atlas,DC,09-06-2026 10:00,09-06-2026 10:01,Completed
Xyz9228650,Atlas,DC,09-06-2026 10:00,09-06-2026 10:00,Completed
Xyz9228694,Atlas,DC,09-06-2026 10:00,09-06-2026 10:00,Completed
Xyz9228695,Atlas,DC,09-06-2026 10:00,-NA-,Expired
Xyz9228732,Atlas,DC,09-06-2026 10:03,09-06-2026 10:03,Completed
Xyz9228841,Atlas,DC,09-06-2026 10:00,09-06-2026 10:00,Completed
Xyz9228869,Atlas,DC,09-06-2026 10:03,09-06-2026 10:03,Completed
Xyz9228967,Atlas,DC,09-06-2026 10:03,09-06-2026 10:10,Completed
Xyz9229026,Atlas,DC,09-06-2026 10:00,09-06-2026 10:06,Completed
Xyz9229034,Atlas,DC,09-06-2026 10:02,09-06-2026 10:42,Completed
Xyz9229047,Atlas,DC,09-06-2026 10:02,09-06-2026 10:02,Completed
Xyz9229076,Atlas,DC,09-06-2026 10:04,09-06-2026 10:04,Completed
Xyz9229084,Atlas,DC,09-06-2026 10:01,09-06-2026 10:01,Completed
Xyz9229157,Atlas,DC,09-06-2026 10:00,09-06-2026 10:01,Completed
Xyz9229214,Atlas,DC,09-06-2026 10:03,09-06-2026 10:03,Completed
Xyz9229217,Atlas,DC,09-06-2026 10:01,09-06-2026 10:02,Completed
Xyz9229271,Atlas,DC,09-06-2026 10:03,09-06-2026 10:03,Completed
Xyz9229294,Atlas,DC,09-06-2026 10:04,09-06-2026 10:04,Completed
Xyz9229355,Atlas,DC,09-06-2026 10:03,-NA-,Expired
Xyz9229372,Atlas,DC,09-06-2026 10:03,09-06-2026 10:03,Completed
Xyz9229389,Atlas,DC,09-06-2026 10:00,09-06-2026 10:05,Completed
Xyz9229399,Atlas,DC,09-06-2026 10:00,09-06-2026 10:00,Completed
Xyz9229421,Atlas,DC,09-06-2026 10:03,09-06-2026 10:03,Completed
Xyz9229444,Atlas,DC,09-06-2026 10:01,-NA-,Expired
Xyz9229451,Atlas,DC,09-06-2026 10:03,09-06-2026 10:03,Completed
Xyz9229522,Atlas,DC,09-06-2026 10:01,09-06-2026 10:02,Completed
Xyz9229527,Atlas,DC,09-06-2026 10:03,09-06-2026 10:04,Completed
Xyz9229623,Atlas,DC,09-06-2026 21:01,-NA-,Expired
Xyz9229674,Atlas,DC,09-06-2026 10:03,09-06-2026 10:04,Completed
Xyz9229728,Atlas,DC,09-06-2026 10:01,09-06-2026 10:02,Completed
Xyz9229883,Atlas,DC,09-06-2026 10:02,-NA-,Expired
Xyz9229951,Atlas,DC,09-06-2026 10:02,09-06-2026 10:03,Completed
Xyz9230079,Atlas,DC,09-06-2026 10:03,09-06-2026 10:04,Completed
Xyz9230162,Atlas,DC,09-06-2026 10:03,09-06-2026 16:07,Completed
Xyz9230181,Atlas,DC,09-06-2026 10:00,09-06-2026 10:01,Completed
Xyz9230191,Atlas,DC,09-06-2026 20:59,09-06-2026 21:00,Completed
Xyz9230193,Atlas,DC,09-06-2026 21:08,09-06-2026 21:08,Completed
Xyz9230195,Atlas,DC,09-06-2026 21:01,09-06-2026 21:03,Completed
Xyz9230196,Atlas,DC,09-06-2026 21:01,09-06-2026 21:01,Completed
Xyz9230197,Atlas,DC,09-06-2026 21:07,09-06-2026 21:08,Completed
Xyz9230199,Atlas,DC,09-06-2026 21:01,-NA-,Expired
Xyz9230216,Atlas,DC,09-06-2026 10:03,09-06-2026 10:21,Completed
Xyz9230298,Atlas,DC,09-06-2026 10:00,-NA-,Expired
Xyz9230334,Atlas,DC,09-06-2026 10:03,-NA-,Expired
Xyz9230441,Atlas,DC,09-06-2026 20:59,-NA-,Expired
Xyz9230576,Atlas,DC,09-06-2026 10:03,09-06-2026 13:05,Completed
Xyz9230601,Atlas,DC,09-06-2026 10:03,09-06-2026 10:03,Completed
Xyz9230623,Atlas,DC,09-06-2026 10:00,09-06-2026 10:57,Completed
Xyz9230629,Atlas,DC,09-06-2026 10:00,09-06-2026 10:08,Completed
Xyz9230633,Atlas,DC,09-06-2026 10:03,09-06-2026 10:03,Completed
Xyz9230741,Atlas,DC,09-06-2026 10:03,09-06-2026 11:12,Completed
Xyz9230770,Atlas,DC,09-06-2026 10:03,09-06-2026 10:04,Completed
Xyz9230829,Atlas,DC,09-06-2026 10:03,09-06-2026 10:21,Completed
Xyz9230864,Atlas,DC,09-06-2026 10:01,09-06-2026 10:32,Completed
Xyz9230906,Atlas,DC,09-06-2026 10:03,09-06-2026 10:14,Completed
Xyz9230971,Atlas,DC,09-06-2026 10:03,09-06-2026 10:04,Completed
Xyz9230979,Atlas,DC,09-06-2026 10:03,09-06-2026 10:03,Completed
Xyz9231027,Atlas,DC,09-06-2026 10:01,-NA-,Expired
Xyz9231072,Atlas,DC,09-06-2026 10:00,09-06-2026 10:01,Completed
Xyz9231108,Atlas,DC,09-06-2026 10:03,09-06-2026 10:03,Completed
Xyz9231111,Atlas,DC,09-06-2026 10:03,09-06-2026 10:05,Completed
Xyz9231160,Atlas,DC,09-06-2026 10:02,10-06-2026 09:02,Completed
Xyz9231240,Atlas,DC,09-06-2026 10:03,10-06-2026 09:01,Completed
Xyz9231245,Atlas,DC,09-06-2026 10:01,09-06-2026 10:01,Completed
Xyz9231320,Atlas,DC,09-06-2026 10:04,-NA-,Expired
Xyz9231407,Atlas,DC,09-06-2026 10:02,09-06-2026 10:02,Completed
Xyz9231451,Atlas,DC,09-06-2026 21:02,09-06-2026 21:02,Completed
Xyz9231452,Atlas,DC,09-06-2026 21:02,09-06-2026 21:02,Completed
Xyz9231482,Atlas,DC,09-06-2026 10:00,-NA-,Expired
Xyz9231491,Atlas,DC,09-06-2026 21:01,-NA-,Expired
Xyz9231550,Atlas,DC,09-06-2026 21:03,-NA-,Expired
Xyz9231647,Atlas,DC,09-06-2026 10:00,09-06-2026 10:01,Completed
Xyz9231649,Atlas,DC,09-06-2026 10:02,09-06-2026 10:09,Completed
Xyz9231780,Atlas,DC,09-06-2026 21:03,-NA-,Expired
Xyz9231781,Atlas,DC,09-06-2026 10:03,09-06-2026 11:15,Completed
Xyz9231854,Atlas,DC,09-06-2026 10:03,09-06-2026 10:03,Completed
Xyz9231881,Atlas,DC,09-06-2026 21:07,-NA-,Expired
Xyz9231888,Atlas,DC,09-06-2026 21:01,-NA-,Expired
Xyz9231889,Atlas,DC,09-06-2026 21:01,-NA-,Expired
Xyz9231890,Atlas,DC,09-06-2026 21:01,-NA-,Expired
Xyz9231893,Atlas,DC,09-06-2026 21:01,-NA-,Expired
Xyz9231908,Atlas,DC,09-06-2026 10:03,09-06-2026 10:05,Completed
Xyz9231965,Atlas,DC,09-06-2026 10:02,09-06-2026 10:02,Completed
Xyz9231977,Atlas,DC,09-06-2026 10:03,-NA-,Expired
Xyz9231996,Atlas,DC,09-06-2026 10:04,-NA-,Expired
Xyz9232040,Atlas,DC,09-06-2026 10:01,09-06-2026 10:01,Completed
Xyz9232053,Atlas,DC,09-06-2026 10:02,09-06-2026 10:09,Completed
Xyz9232102,Atlas,DC,09-06-2026 10:02,-NA-,Expired
Xyz9232154,Atlas,DC,09-06-2026 10:01,09-06-2026 13:05,Completed
Xyz9232162,Atlas,DC,09-06-2026 10:01,09-06-2026 10:01,Completed
Xyz9232193,Atlas,DC,09-06-2026 10:03,09-06-2026 11:43,Completed
Xyz9232208,Atlas,DC,09-06-2026 10:03,09-06-2026 10:04,Completed
Xyz9232212,Atlas,DC,09-06-2026 10:03,-NA-,Expired
Xyz9232365,Atlas,DC,09-06-2026 10:04,-NA-,Expired
Xyz9232415,Atlas,DC,09-06-2026 10:03,09-06-2026 13:03,Completed
Xyz9232433,Atlas,DC,09-06-2026 10:01,09-06-2026 10:02,Completed
Xyz9232472,Atlas,DC,09-06-2026 10:04,09-06-2026 10:14,Completed
Xyz9232489,Atlas,DC,09-06-2026 10:03,09-06-2026 16:34,Completed
Xyz9232541,Atlas,DC,09-06-2026 10:03,-NA-,Expired
Xyz9232546,Atlas,DC,09-06-2026 10:03,09-06-2026 10:03,Completed
Xyz9232608,Atlas,DC,09-06-2026 21:01,-NA-,Expired
Xyz9232609,Atlas,DC,09-06-2026 21:01,-NA-,Expired
Xyz9232652,Atlas,DC,09-06-2026 10:02,09-06-2026 10:02,Completed
Xyz9232657,Atlas,DC,09-06-2026 21:00,-NA-,Expired
Xyz9232665,Atlas,DC,09-06-2026 10:03,09-06-2026 10:04,Completed
Xyz9232684,Atlas,DC,09-06-2026 10:03,-NA-,Expired
Xyz9232721,Atlas,DC,09-06-2026 21:01,-NA-,Expired
Xyz9232752,Atlas,DC,09-06-2026 21:01,-NA-,Expired
Xyz9232754,Atlas,DC,09-06-2026 21:01,-NA-,Expired
Xyz9232756,Atlas,DC,09-06-2026 21:01,-NA-,Expired
Xyz9232810,Atlas,DC,09-06-2026 10:01,09-06-2026 10:01,Completed
Xyz9232811,Atlas,DC,09-06-2026 10:02,09-06-2026 10:02,Completed
Xyz9232859,Atlas,DC,09-06-2026 10:03,-NA-,Expired
Xyz9232875,Atlas,DC,09-06-2026 10:00,09-06-2026 10:01,Completed
Xyz9232888,Atlas,DC,09-06-2026 21:05,09-06-2026 21:06,Completed
Xyz9232942,Atlas,DC,09-06-2026 21:01,-NA-,Expired
Xyz9232944,Atlas,DC,09-06-2026 21:01,-NA-,Expired
Xyz9232947,Atlas,DC,09-06-2026 21:01,-NA-,Expired
Xyz9232948,Atlas,DC,09-06-2026 21:01,-NA-,Expired
Xyz9232949,Atlas,DC,09-06-2026 21:01,-NA-,Expired
Xyz9232980,Atlas,DC,09-06-2026 21:01,-NA-,Expired
Xyz9233074,Atlas,DC,09-06-2026 21:04,-NA-,Expired
Xyz9233133,Atlas,DC,09-06-2026 10:03,09-06-2026 10:03,Completed
Xyz9233174,Atlas,DC,09-06-2026 10:03,09-06-2026 10:03,Completed
Xyz9233176,Atlas,DC,09-06-2026 10:00,09-06-2026 10:02,Completed
Xyz9233236,Atlas,DC,09-06-2026 10:03,-NA-,Expired
Xyz9233258,Atlas,DC,09-06-2026 10:03,09-06-2026 10:04,Completed
Xyz9233352,Atlas,DC,09-06-2026 21:08,-NA-,Expired
Xyz9233371,Atlas,DC,09-06-2026 10:03,09-06-2026 10:04,Completed
Xyz9233415,Atlas,DC,09-06-2026 10:00,09-06-2026 10:01,Completed
Xyz9233430,Atlas,DC,09-06-2026 10:03,09-06-2026 10:04,Completed
Xyz9233489,Atlas,DC,09-06-2026 10:03,09-06-2026 10:03,Completed
Xyz9233498,Atlas,DC,09-06-2026 10:03,09-06-2026 10:03,Completed
Xyz9233500,Atlas,DC,09-06-2026 10:03,09-06-2026 10:04,Completed
Xyz9233559,Atlas,DC,09-06-2026 10:01,09-06-2026 10:57,Completed
Xyz9233565,Atlas,DC,09-06-2026 21:01,-NA-,Expired
Xyz9233725,Atlas,DC,09-06-2026 10:02,09-06-2026 10:02,Completed
Xyz9233743,Atlas,DC,09-06-2026 10:03,09-06-2026 10:03,Completed
Xyz9233819,Atlas,DC,09-06-2026 10:03,09-06-2026 11:33,Completed
Xyz9233830,Atlas,DC,09-06-2026 10:02,-NA-,Expired
Xyz9233850,Atlas,DC,09-06-2026 10:00,09-06-2026 10:01,Completed
Xyz9233959,Atlas,DC,09-06-2026 10:03,09-06-2026 10:30,Completed
Xyz9234021,Atlas,DC,09-06-2026 10:02,09-06-2026 13:23,Completed
Xyz9234027,Atlas,DC,09-06-2026 10:01,09-06-2026 11:33,Completed
Xyz9234070,Atlas,DC,09-06-2026 21:01,-NA-,Expired
Xyz9234071,Atlas,DC,09-06-2026 21:01,-NA-,Expired
Xyz9234072,Atlas,DC,09-06-2026 21:01,-NA-,Expired
Xyz9234148,Atlas,DC,09-06-2026 20:59,-NA-,Expired
Xyz9234227,Atlas,DC,09-06-2026 10:01,09-06-2026 14:04,Completed
Xyz9234329,Atlas,DC,09-06-2026 21:03,-NA-,Expired
Xyz9234339,Atlas,DC,09-06-2026 10:03,-NA-,Expired
Xyz9234343,Atlas,DC,09-06-2026 21:00,-NA-,Expired
Xyz9234356,Atlas,DC,09-06-2026 10:02,09-06-2026 10:03,Completed
Xyz9234366,Atlas,DC,09-06-2026 10:03,09-06-2026 10:03,Completed
Xyz9234375,Atlas,DC,09-06-2026 21:01,-NA-,Expired
Xyz9234377,Atlas,DC,09-06-2026 21:01,-NA-,Expired
Xyz9234380,Atlas,DC,09-06-2026 21:01,-NA-,Expired
Xyz9234383,Atlas,DC,09-06-2026 10:00,09-06-2026 10:00,Completed
Xyz9234391,Atlas,DC,09-06-2026 10:02,-NA-,Expired
Xyz9234419,Atlas,DC,09-06-2026 10:03,09-06-2026 10:04,Completed
Xyz9234522,Atlas,DC,09-06-2026 10:02,09-06-2026 10:02,Completed
Xyz9234555,Atlas,DC,09-06-2026 10:02,09-06-2026 10:48,Completed
Xyz9234620,Atlas,DC,09-06-2026 10:00,09-06-2026 11:34,Completed
Xyz9234629,Atlas,DC,09-06-2026 21:05,09-06-2026 21:06,Completed
Xyz9234637,Atlas,DC,09-06-2026 10:03,-NA-,Expired
Xyz9234751,Atlas,DC,09-06-2026 10:03,09-06-2026 11:33,Completed
Xyz9234761,Atlas,DC,09-06-2026 10:01,-NA-,Expired
Xyz9234777,Atlas,DC,09-06-2026 20:59,-NA-,Expired
Xyz9234795,Atlas,DC,09-06-2026 10:03,09-06-2026 10:09,Completed
Xyz9234989,Atlas,DC,09-06-2026 21:03,-NA-,Expired
Xyz9234997,Atlas,DC,09-06-2026 20:59,-NA-,Expired
Xyz9235024,Atlas,DC,09-06-2026 10:00,09-06-2026 11:01,Completed
Xyz9235327,Atlas,DC,09-06-2026 10:01,09-06-2026 13:24,Completed
Xyz9746002,Atlas,DC,09-06-2026 21:00,-NA-,Expired
Xyz9746003,Atlas,DC,09-06-2026 20:59,-NA-,Expired
Xyz9746004,Atlas,DC,09-06-2026 20:59,-NA-,Expired
Xyz9746005,Atlas,DC,09-06-2026 20:59,-NA-,Expired
Xyz9746007,Atlas,DC,09-06-2026 21:00,-NA-,Expired
Xyz9746008,Atlas,DC,09-06-2026 21:00,-NA-,Expired
Xyz9746013,Atlas,DC,09-06-2026 10:01,09-06-2026 10:02,Completed
Xyz9746015,Atlas,DC,09-06-2026 21:02,-NA-,Expired
Xyz9746016,Atlas,DC,09-06-2026 10:04,09-06-2026 10:04,Completed
Xyz9746017,Atlas,DC,09-06-2026 21:00,-NA-,Expired
Xyz9746038,Atlas,DC,09-06-2026 21:00,-NA-,Expired
Xyz9746039,Atlas,DC,09-06-2026 21:00,-NA-,Expired
Xyz9746044,Atlas,DC,09-06-2026 20:59,-NA-,Expired
Xyz9746054,Atlas,DC,09-06-2026 21:00,-NA-,Expired
Xyz9746055,Atlas,DC,09-06-2026 10:03,09-06-2026 10:03,Completed
Xyz9746056,Atlas,DC,09-06-2026 20:59,-NA-,Expired
Xyz9746058,Atlas,DC,09-06-2026 10:04,09-06-2026 10:05,Completed
Xyz9746061,Atlas,DC,09-06-2026 21:04,-NA-,Expired
Xyz9746065,Atlas,DC,09-06-2026 21:00,-NA-,Expired
Xyz9746066,Atlas,DC,09-06-2026 21:00,-NA-,Expired
Xyz9746068,Atlas,DC,09-06-2026 20:59,-NA-,Expired
Xyz9746069,Atlas,DC,09-06-2026 20:59,-NA-,Expired
Xyz9746070,Atlas,DC,09-06-2026 21:01,-NA-,Expired
Xyz9746071,Atlas,DC,09-06-2026 21:00,-NA-,Expired
Xyz9746073,Atlas,DC,09-06-2026 21:01,-NA-,Expired
Xyz9746074,Atlas,DC,09-06-2026 20:59,-NA-,Expired
Xyz9746075,Atlas,DC,09-06-2026 21:01,-NA-,Expired
Xyz9746076,Atlas,DC,09-06-2026 20:59,-NA-,Expired
Xyz9746077,Atlas,DC,09-06-2026 21:01,-NA-,Expired
Xyz9746082,Atlas,DC,09-06-2026 10:01,09-06-2026 14:06,Completed
Xyz9746083,Atlas,DC,09-06-2026 20:59,-NA-,Expired
Xyz9746086,Atlas,DC,09-06-2026 21:01,-NA-,Expired
Xyz9746088,Atlas,DC,09-06-2026 21:00,-NA-,Expired
Xyz9746096,Atlas,DC,09-06-2026 10:04,09-06-2026 10:04,Completed
Xyz9746098,Atlas,DC,09-06-2026 20:59,-NA-,Expired
Xyz9746102,Atlas,DC,09-06-2026 10:03,09-06-2026 10:03,Completed
Xyz9746103,Atlas,DC,09-06-2026 21:02,-NA-,Expired
Xyz9746124,Atlas,DC,09-06-2026 20:59,-NA-,Expired
Xyz9746126,Atlas,DC,09-06-2026 20:59,-NA-,Expired
Xyz9746128,Atlas,DC,09-06-2026 21:00,-NA-,Expired
Xyz9746129,Atlas,DC,09-06-2026 20:59,-NA-,Expired
Xyz9746130,Atlas,DC,09-06-2026 21:00,-NA-,Expired
Xyz9746131,Atlas,DC,09-06-2026 21:00,-NA-,Expired
Xyz9746133,Atlas,DC,09-06-2026 21:00,-NA-,Expired
Xyz9746135,Atlas,DC,09-06-2026 21:00,-NA-,Expired
Xyz9746136,Atlas,DC,09-06-2026 21:00,-NA-,Expired
Xyz9746137,Atlas,DC,09-06-2026 21:00,-NA-,Expired
Xyz9746139,Atlas,DC,09-06-2026 20:59,-NA-,Expired
Xyz9746141,Atlas,DC,09-06-2026 20:59,-NA-,Expired
Xyz9746143,Atlas,DC,09-06-2026 20:59,-NA-,Expired
Xyz9746144,Atlas,DC,09-06-2026 20:59,-NA-,Expired
Xyz9746145,Atlas,DC,09-06-2026 21:01,-NA-,Expired
Xyz9746146,Atlas,DC,09-06-2026 10:04,09-06-2026 10:04,Completed
Xyz9746150,Atlas,DC,09-06-2026 20:59,-NA-,Expired
Xyz9746154,Atlas,DC,09-06-2026 20:59,-NA-,Expired
Xyz9746156,Atlas,DC,09-06-2026 20:59,-NA-,Expired
Xyz9746158,Atlas,DC,09-06-2026 21:00,-NA-,Expired
Xyz9746159,Atlas,DC,09-06-2026 21:00,-NA-,Expired
Xyz9746160,Atlas,DC,09-06-2026 20:59,-NA-,Expired
Xyz9746161,Atlas,DC,09-06-2026 21:00,-NA-,Expired
Xyz9746168,Atlas,DC,09-06-2026 20:59,-NA-,Expired
Xyz9746171,Atlas,DC,09-06-2026 10:04,09-06-2026 14:08,Completed
Xyz9746174,Atlas,DC,09-06-2026 21:00,-NA-,Expired
Xyz9746175,Atlas,DC,09-06-2026 21:01,-NA-,Expired
Xyz9746176,Atlas,DC,09-06-2026 21:00,-NA-,Expired
Xyz9746180,Atlas,DC,09-06-2026 20:59,-NA-,Expired
Xyz9746182,Atlas,DC,09-06-2026 20:59,-NA-,Expired
Xyz9746184,Atlas,DC,09-06-2026 20:59,-NA-,Expired
Xyz9746185,Atlas,DC,09-06-2026 20:59,-NA-,Expired
Xyz9746194,Atlas,DC,09-06-2026 21:00,-NA-,Expired
Xyz9746195,Atlas,DC,09-06-2026 20:59,-NA-,Expired
Xyz9746197,Atlas,DC,09-06-2026 20:59,-NA-,Expired
Xyz9746198,Atlas,DC,09-06-2026 21:03,-NA-,Expired
Xyz9746200,Atlas,DC,09-06-2026 21:00,-NA-,Expired
Xyz9746202,Atlas,DC,09-06-2026 21:00,-NA-,Expired
Xyz9746203,Atlas,DC,09-06-2026 21:01,-NA-,Expired
Xyz9746204,Atlas,DC,09-06-2026 21:00,-NA-,Expired
Xyz9746205,Atlas,DC,09-06-2026 21:00,-NA-,Expired
Xyz9746206,Atlas,DC,09-06-2026 21:00,-NA-,Expired
Xyz9746207,Atlas,DC,09-06-2026 21:00,-NA-,Expired
Xyz9746208,Atlas,DC,09-06-2026 20:59,-NA-,Expired
Xyz9746209,Atlas,DC,09-06-2026 21:00,-NA-,Expired
Xyz9746210,Atlas,DC,09-06-2026 21:01,-NA-,Expired
Xyz9746211,Atlas,DC,09-06-2026 21:00,-NA-,Expired
Xyz9746213,Atlas,DC,09-06-2026 21:00,-NA-,Expired
Xyz9746214,Atlas,DC,09-06-2026 21:00,-NA-,Expired
Xyz9746216,Atlas,DC,09-06-2026 21:00,-NA-,Expired
Xyz9746261,Atlas,DC,09-06-2026 10:01,09-06-2026 10:03,Completed
Xyz9746305,Atlas,DC,09-06-2026 10:03,09-06-2026 10:05,Completed
Xyz9746336,Atlas,DC,09-06-2026 21:04,-NA-,Expired
Xyz9746348,Atlas,DC,09-06-2026 10:03,09-06-2026 10:04,Completed
Xyz9746360,Atlas,DC,09-06-2026 10:03,09-06-2026 10:03,Completed
Xyz9746382,Atlas,DC,09-06-2026 10:04,09-06-2026 10:04,Completed
Xyz9746390,Atlas,DC,09-06-2026 21:00,-NA-,Expired
Xyz9746403,Atlas,DC,09-06-2026 10:02,09-06-2026 10:03,Completed
Xyz9746405,Atlas,DC,09-06-2026 10:03,09-06-2026 10:04,Completed
Xyz9746419,Atlas,DC,09-06-2026 21:02,-NA-,Expired
Xyz9746421,Atlas,DC,09-06-2026 21:00,-NA-,Expired
Xyz9746430,Atlas,DC,09-06-2026 21:01,-NA-,Expired
Xyz9746456,Atlas,DC,09-06-2026 10:04,09-06-2026 10:04,Completed
Xyz9746466,Atlas,DC,09-06-2026 21:01,-NA-,Expired
Xyz9746478,Atlas,DC,09-06-2026 10:04,09-06-2026 10:04,Completed
Xyz9746485,Atlas,DC,09-06-2026 20:59,-NA-,Expired
Xyz9746496,Atlas,DC,09-06-2026 20:59,-NA-,Expired
Xyz9746519,Atlas,DC,09-06-2026 21:02,-NA-,Expired
Xyz9746523,Atlas,DC,09-06-2026 10:03,09-06-2026 10:03,Completed
Xyz9746530,Atlas,DC,09-06-2026 10:02,09-06-2026 10:02,Completed
Xyz9746548,Atlas,DC,09-06-2026 10:04,09-06-2026 10:06,Completed
Xyz9746595,Atlas,DC,09-06-2026 10:03,-NA-,Expired
Xyz9746607,Atlas,DC,09-06-2026 21:04,-NA-,Expired
Xyz9746626,Atlas,DC,09-06-2026 21:01,-NA-,Expired
Xyz9746645,Atlas,DC,09-06-2026 20:59,-NA-,Expired
Xyz9746679,Atlas,DC,09-06-2026 21:01,-NA-,Expired
Xyz9746733,Atlas,DC,09-06-2026 21:05,-NA-,Expired
Xyz9746752,Atlas,DC,09-06-2026 21:01,-NA-,Expired
Xyz9746761,Atlas,DC,09-06-2026 10:04,09-06-2026 10:09,Completed
Xyz9746771,Atlas,DC,09-06-2026 10:01,09-06-2026 10:01,Completed
Xyz9746773,Atlas,DC,09-06-2026 10:04,09-06-2026 10:05,Completed
Xyz9746780,Atlas,DC,09-06-2026 21:05,-NA-,Expired
Xyz9746781,Atlas,DC,09-06-2026 10:04,09-06-2026 10:04,Completed
Xyz9746788,Atlas,DC,09-06-2026 10:03,09-06-2026 11:02,Completed
Xyz9746796,Atlas,DC,09-06-2026 10:04,09-06-2026 10:08,Completed
Xyz9746810,Atlas,DC,09-06-2026 10:04,09-06-2026 10:09,Completed
Xyz9746829,Atlas,DC,09-06-2026 10:04,09-06-2026 10:04,Completed
Xyz9746844,Atlas,DC,09-06-2026 21:02,-NA-,Expired
Xyz9746851,Atlas,DC,09-06-2026 10:02,09-06-2026 10:02,Completed
Xyz9746853,Atlas,DC,09-06-2026 10:04,09-06-2026 10:06,Completed
Xyz9746876,Atlas,DC,09-06-2026 10:04,09-06-2026 10:05,Completed
Xyz9746910,Atlas,DC,09-06-2026 10:01,09-06-2026 10:02,Completed
Xyz9746914,Atlas,DC,09-06-2026 21:06,-NA-,Expired
Xyz9746920,Atlas,DC,09-06-2026 10:04,09-06-2026 10:04,Completed
Xyz9746923,Atlas,DC,09-06-2026 10:04,09-06-2026 10:05,Completed
Xyz9746939,Atlas,DC,09-06-2026 10:04,09-06-2026 10:07,Completed
Xyz9746946,Atlas,DC,09-06-2026 10:04,09-06-2026 10:05,Completed
Xyz9746966,Atlas,DC,09-06-2026 21:02,-NA-,Expired
Xyz9746991,Atlas,DC,09-06-2026 10:04,09-06-2026 10:04,Completed
Xyz9746998,Atlas,DC,09-06-2026 10:02,09-06-2026 10:02,Completed
Xyz9747001,Atlas,DC,09-06-2026 10:04,09-06-2026 10:04,Completed
Xyz9747036,Atlas,DC,09-06-2026 21:05,-NA-,Expired
Xyz9747039,Atlas,DC,09-06-2026 21:08,-NA-,Expired
Xyz9747070,Atlas,DC,09-06-2026 21:00,-NA-,Expired
Xyz9747073,#N/A,DC,09-06-2026 20:59,-NA-,Expired
Xyz9747078,#N/A,DC,09-06-2026 10:04,09-06-2026 10:04,Completed
Xyz9747086,#N/A,DC,09-06-2026 21:05,-NA-,Expired
Xyz9747094,#N/A,DC,09-06-2026 21:02,-NA-,Expired
Xyz9747095,#N/A,DC,09-06-2026 20:59,-NA-,Expired
Xyz9747098,#N/A,DC,09-06-2026 21:06,-NA-,Expired
Xyz9747099,#N/A,DC,09-06-2026 21:06,-NA-,Expired
Xyz9747100,#N/A,DC,09-06-2026 21:07,-NA-,Expired
Xyz9747101,#N/A,DC,09-06-2026 21:06,-NA-,Expired
Xyz9747108,#N/A,DC,09-06-2026 21:04,-NA-,Expired
Xyz9747109,#N/A,DC,09-06-2026 21:03,-NA-,Expired
Xyz9747110,#N/A,DC,09-06-2026 10:03,09-06-2026 10:08,Completed
Xyz9747112,#N/A,DC,09-06-2026 21:07,-NA-,Expired
Xyz9747122,#N/A,DC,09-06-2026 10:04,09-06-2026 14:19,Completed
Xyz9747124,#N/A,DC,09-06-2026 10:04,09-06-2026 10:05,Completed
Xyz9747133,#N/A,DC,09-06-2026 21:03,-NA-,Expired
Xyz9747147,#N/A,DC,09-06-2026 21:01,-NA-,Expired
Xyz9747159,#N/A,DC,09-06-2026 21:07,-NA-,Expired
Xyz9747160,#N/A,DC,09-06-2026 21:08,-NA-,Expired
Xyz9747218,#N/A,DC,09-06-2026 10:04,09-06-2026 10:04,Completed
Xyz9747231,#N/A,DC,09-06-2026 10:01,09-06-2026 10:02,Completed
Xyz9747256,#N/A,DC,09-06-2026 21:05,-NA-,Expired
Xyz9747285,#N/A,DC,09-06-2026 10:04,09-06-2026 10:04,Completed
Xyz9747290,#N/A,DC,09-06-2026 10:04,09-06-2026 10:04,Completed
Xyz9747293,#N/A,DC,09-06-2026 10:04,09-06-2026 10:05,Completed
Xyz9747319,#N/A,DC,09-06-2026 10:04,09-06-2026 10:05,Completed
Xyz9747326,#N/A,DC,09-06-2026 10:04,09-06-2026 10:05,Completed
Xyz9747372,#N/A,DC,09-06-2026 10:04,09-06-2026 10:05,Completed
Xyz9747376,#N/A,DC,09-06-2026 10:01,09-06-2026 10:02,Completed
Xyz9747389,#N/A,DC,09-06-2026 21:02,-NA-,Expired
Xyz9747394,#N/A,DC,09-06-2026 10:03,09-06-2026 10:04,Completed
Xyz9747400,#N/A,DC,09-06-2026 10:01,09-06-2026 10:03,Completed
Xyz9747404,#N/A,DC,09-06-2026 20:59,-NA-,Expired
Xyz9747409,#N/A,DC,09-06-2026 20:59,-NA-,Expired
Xyz9747439,#N/A,DC,09-06-2026 10:04,09-06-2026 10:05,Completed
Xyz9747450,#N/A,DC,09-06-2026 20:59,-NA-,Expired
Xyz9747452,#N/A,DC,09-06-2026 20:59,-NA-,Expired
Xyz9747473,#N/A,DC,09-06-2026 21:03,-NA-,Expired
Xyz9747489,#N/A,DC,09-06-2026 21:00,-NA-,Expired
Xyz9747503,#N/A,DC,09-06-2026 20:59,-NA-,Expired
Xyz9747506,#N/A,DC,09-06-2026 10:03,09-06-2026 10:04,Completed
Xyz9747508,#N/A,DC,09-06-2026 21:02,-NA-,Expired
Xyz9747513,#N/A,DC,09-06-2026 10:04,09-06-2026 10:04,Completed
Xyz9747558,#N/A,DC,09-06-2026 21:00,-NA-,Expired
Xyz9747559,#N/A,DC,09-06-2026 21:00,-NA-,Expired
Xyz9747592,#N/A,DC,09-06-2026 21:04,-NA-,Expired
Xyz9747593,#N/A,DC,09-06-2026 20:59,-NA-,Expired
Xyz9747601,#N/A,DC,09-06-2026 10:02,09-06-2026 14:56,Completed
Xyz9747612,#N/A,DC,09-06-2026 10:04,09-06-2026 10:05,Completed
Xyz9747619,#N/A,DC,09-06-2026 10:01,09-06-2026 10:02,Completed
Xyz9747669,#N/A,DC,09-06-2026 10:02,09-06-2026 10:03,Completed
Xyz9749022,#N/A,DC,09-06-2026 21:00,-NA-,Expired
Xyz9983443,#N/A,DC,09-06-2026 21:05,-NA-,Expired
Xyz9983464,#N/A,DC,09-06-2026 10:01,09-06-2026 10:02,Completed
Xyz9983491,#N/A,DC,09-06-2026 21:01,-NA-,Expired
Xyz9983523,#N/A,DC,09-06-2026 10:04,09-06-2026 10:04,Completed
Xyz9983539,#N/A,DC,09-06-2026 10:00,09-06-2026 10:00,Completed
Xyz9983541,#N/A,DC,09-06-2026 21:08,-NA-,Expired
Xyz9983542,#N/A,DC,09-06-2026 21:05,-NA-,Expired
Xyz9983544,#N/A,DC,09-06-2026 21:06,-NA-,Expired
Xyz9983545,#N/A,DC,09-06-2026 21:06,-NA-,Expired
Xyz9983566,#N/A,DC,09-06-2026 21:00,-NA-,Expired
Xyz9983601,#N/A,DC,09-06-2026 21:08,-NA-,Expired
Xyz9983624,#N/A,DC,09-06-2026 21:07,-NA-,Expired
Xyz9983654,#N/A,DC,09-06-2026 21:01,-NA-,Expired
Xyz9983655,#N/A,DC,09-06-2026 21:01,-NA-,Expired
Xyz9983656,#N/A,DC,09-06-2026 21:00,-NA-,Expired
Xyz9983698,#N/A,DC,09-06-2026 20:59,-NA-,Expired
Xyz9983730,#N/A,DC,09-06-2026 21:00,-NA-,Expired
Xyz9983732,#N/A,DC,09-06-2026 21:00,-NA-,Expired
Xyz9983733,#N/A,DC,09-06-2026 21:01,-NA-,Expired
Xyz9983740,#N/A,DC,09-06-2026 21:00,-NA-,Expired
Xyz9983772,#N/A,DC,09-06-2026 21:00,-NA-,Expired
Xyz9983808,#N/A,DC,09-06-2026 10:01,09-06-2026 10:01,Completed
Xyz9983848,#N/A,DC,09-06-2026 21:02,-NA-,Expired
Xyz9983875,#N/A,DC,09-06-2026 21:00,-NA-,Expired
Xyz9983876,#N/A,DC,09-06-2026 21:00,-NA-,Expired
Xyz9983880,#N/A,DC,09-06-2026 10:00,09-06-2026 10:00,Completed
Xyz9983887,#N/A,DC,09-06-2026 21:01,-NA-,Expired
Xyz9983906,#N/A,DC,09-06-2026 20:59,-NA-,Expired
Xyz9983910,#N/A,DC,09-06-2026 21:00,-NA-,Expired
Xyz9983912,#N/A,DC,09-06-2026 20:59,-NA-,Expired
Xyz9983913,#N/A,DC,09-06-2026 21:01,-NA-,Expired
Xyz9983920,#N/A,DC,09-06-2026 21:01,-NA-,Expired
Xyz9983960,#N/A,DC,09-06-2026 21:02,-NA-,Expired
Xyz9983962,#N/A,DC,09-06-2026 21:00,-NA-,Expired
Xyz9983965,#N/A,DC,09-06-2026 21:00,-NA-,Expired
Xyz9983994,#N/A,DC,09-06-2026 10:04,09-06-2026 10:04,Completed
Xyz9984010,#N/A,DC,09-06-2026 21:00,-NA-,Expired
Xyz9984012,#N/A,DC,09-06-2026 21:00,-NA-,Expired
Xyz9984044,#N/A,DC,09-06-2026 20:59,-NA-,Expired
Xyz9984077,#N/A,DC,09-06-2026 21:00,-NA-,Expired
Xyz9984088,#N/A,DC,09-06-2026 20:59,-NA-,Expired
Xyz9984091,#N/A,DC,09-06-2026 21:00,-NA-,Expired
Xyz9984092,#N/A,DC,09-06-2026 20:59,-NA-,Expired
Xyz9984093,#N/A,DC,09-06-2026 20:59,-NA-,Expired
Xyz9984099,#N/A,DC,09-06-2026 10:03,09-06-2026 10:38,Completed
Xyz9984111,#N/A,DC,09-06-2026 20:59,-NA-,Expired
Xyz9984130,#N/A,DC,09-06-2026 20:59,-NA-,Expired
Xyz9984131,#N/A,DC,09-06-2026 21:00,-NA-,Expired
Xyz9984132,#N/A,DC,09-06-2026 21:00,-NA-,Expired
Xyz9984134,#N/A,DC,09-06-2026 20:59,-NA-,Expired
Xyz9984135,#N/A,DC,09-06-2026 20:59,-NA-,Expired
Xyz9984136,#N/A,DC,09-06-2026 21:00,-NA-,Expired
Xyz9984142,#N/A,DC,09-06-2026 20:59,-NA-,Expired
Xyz9984146,#N/A,DC,09-06-2026 20:59,-NA-,Expired
Xyz9984170,#N/A,DC,09-06-2026 21:01,-NA-,Expired
Xyz9984171,#N/A,DC,09-06-2026 21:01,-NA-,Expired
Xyz9984172,#N/A,DC,09-06-2026 21:01,-NA-,Expired
Xyz9984173,#N/A,DC,09-06-2026 21:00,-NA-,Expired
Xyz9984175,#N/A,DC,09-06-2026 21:00,-NA-,Expired
Xyz9984185,#N/A,DC,09-06-2026 10:04,09-06-2026 10:04,Completed
Xyz9984197,#N/A,DC,09-06-2026 10:04,09-06-2026 10:04,Completed
Xyz9984200,#N/A,DC,09-06-2026 20:59,-NA-,Expired
Xyz9984227,#N/A,DC,09-06-2026 20:59,-NA-,Expired
Xyz9984254,#N/A,DC,09-06-2026 21:00,-NA-,Expired
Xyz9984257,#N/A,DC,09-06-2026 21:02,-NA-,Expired
Xyz9984286,#N/A,DC,09-06-2026 20:59,-NA-,Expired
Xyz9984304,#N/A,DC,09-06-2026 20:59,-NA-,Expired
Xyz9984305,#N/A,DC,09-06-2026 20:59,-NA-,Expired
Xyz9984310,#N/A,DC,09-06-2026 21:00,-NA-,Expired
Xyz9984318,#N/A,DC,09-06-2026 21:00,-NA-,Expired
Xyz9984333,#N/A,DC,09-06-2026 21:01,-NA-,Expired
Xyz9984342,#N/A,DC,09-06-2026 10:04,09-06-2026 10:04,Completed
Xyz9984649,#N/A,DC,09-06-2026 10:04,09-06-2026 10:04,Completed
Xyz9984945,#N/A,DC,09-06-2026 10:03,09-06-2026 10:03,Completed
Xyz9984979,#N/A,DC,09-06-2026 10:03,09-06-2026 10:04,Completed
Xyz9984980,#N/A,DC,09-06-2026 21:02,-NA-,Expired
,,,,,
,,,,,
,,,,,
,,,,,
,,,,,
,,,,,
,,,,,
,,,,,
,,,,,
,,,,,
,,,,,
,,,,,
,,,,,
,,,,,
,,,,,
,,,,,
,,,,,
,,,,,
,,,,,
,,,,,
,,,,,
,,,,,
,,,,,
,,,,,
,,,,,
,,,,,
,,,,,
,,,,,
,,,,,
,,,,,
,,,,,
,,,,,
,,,,,
,,,,,
,,,,,
,,,,,
,,,,,
,,,,,
,,,,,
,,,,,
,,,,,
,,,,,
,,,,,
,,,,,
,,,,,
,,,,,
,,,,,
,,,,,
,,,,,
,,,,,
,,,,,
,,,,,
,,,,,
,,,,,
,,,,,
,,,,,
,,,,,
,,,,,
,,,,,
,,,,,
,,,,,
,,,,,
,,,,,
,,,,,
,,,,,
,,,,,
,,,,,
,,,,,
,,,,,
,,,,,
,,,,,
,,,,,
,,,,,
,,,,,
,,,,,
,,,,,
,,,,,
,,,,,
,,,,,
,,,,,
,,,,,
,,,,,
,,,,,
,,,,,
,,,,,
,,,,,
,,,,,
,,,,,
,,,,,
,,,,,
,,,,,
,,,,,
,,,,,
,,,,,
,,,,,
,,,,,
,,,,,
,,,,,
,,,,,
,,,,,
,,,,,
,,,,,
,,,,,
,,,,,
,,,,,
,,,,,
,,,,,
,,,,,
,,,,,
,,,,,
,,,,,
,,,,,
,,,,,
,,,,,
,,,,,
,,,,,
,,,,,
,,,,,
,,,,,
,,,,,
,,,,,
,,,,,
,,,,,
,,,,,
,,,,,
,,,,,
,,,,,
,,,,,
,,,,,
,,,,,
,,,,,
,,,,,
,,,,,
,,,,,
,,,,,
,,,,,
,,,,,
,,,,,
,,,,,
,,,,,
,,,,,
,,,,,
,,,,,
,,,,,
,,,,,
,,,,,
,,,,,
,,,,,
,,,,,
,,,,,
,,,,,
,,,,,
,,,,,
,,,,,
,,,,,
,,,,,
,,,,,
,,,,,
,,,,,
,,,,,
,,,,,
,,,,,
,,,,,
,,,,,
,,,,,
,,,,,
,,,,,
,,,,,
,,,,,
,,,,,
,,,,,
,,,,,
,,,,,
,,,,,
,,,,,
,,,,,
,,,,,
,,,,,
,,,,,
,,,,,
,,,,,
,,,,,
,,,,,
,,,,,
,,,,,
,,,,,
,,,,,
,,,,,
,,,,,
,,,,,
,,,,,
,,,,,
,,,,,
,,,,,
,,,,,
,,,,,
,,,,,
,,,,,
,,,,,
,,,,,
,,,,,
,,,,,
,,,,,
,,,,,
,,,,,
,,,,,
,,,,,
,,,,,
,,,,,
,,,,,
,,,,,
,,,,,
,,,,,
,,,,,
,,,,,
,,,,,
,,,,,
,,,,,
,,,,,
,,,,,
,,,,,
,,,,,
,,,,,
,,,,,
,,,,,
,,,,,
,,,,,
,,,,,
,,,,,
,,,,,
,,,,,
,,,,,
,,,,,
,,,,,
,,,,,
,,,,,
,,,,,
,,,,,
,,,,,
,,,,,
,,,,,
,,,,,
,,,,,
,,,,,
,,,,,
,,,,,
,,,,,
,,,,,
,,,,,
,,,,,
,,,,,
,,,,,
,,,,,
,,,,,
,,,,,
,,,,,
,,,,,
,,,,,
,,,,,
,,,,,
,,,,,
,,,,,
,,,,,
,,,,,
,,,,,
,,,,,
,,,,,
,,,,,
,,,,,
,,,,,
,,,,,
,,,,,
,,,,,
,,,,,
,,,,,
,,,,,
,,,,,
,,,,,
,,,,,
,,,,,
,,,,,
,,,,,
,,,,,
,,,,,
,,,,,
,,,,,
,,,,,
,,,,,
,,,,,
,,,,,
,,,,,
,,,,,
,,,,,
,,,,,
,,,,,
,,,,,
,,,,,
,,,,,
,,,,,
,,,,,
,,,,,
,,,,,
,,,,,
,,,,,
,,,,,
,,,,,
,,,,,
,,,,,
,,,,,
,,,,,
,,,,,
,,,,,
,,,,,
,,,,,
,,,,,
,,,,,
,,,,,
,,,,,
,,,,,
,,,,,
,,,,,
,,,,,
,,,,,
,,,,,
,,,,,
,,,,,
,,,,,
,,,,,
,,,,,
,,,,,
,,,,,
,,,,,
,,,,,
,,,,,
,,,,,
,,,,,
,,,,,
,,,,,
,,,,,
,,,,,
,,,,,
,,,,,
,,,,,
,,,,,
,,,,,
,,,,,
,,,,,
,,,,,
,,,,,
,,,,,
,,,,,
,,,,,
,,,,,
,,,,,
,,,,,
,,,,,
,,,,,
,,,,,
,,,,,
,,,,,
,,,,,
,,,,,
,,,,,
,,,,,
,,,,,
,,,,,
,,,,,
,,,,,
,,,,,
,,,,,
,,,,,
,,,,,
,,,,,
,,,,,
,,,,,
,,,,,
,,,,,
,,,,,
,,,,,
,,,,,
,,,,,
,,,,,
,,,,,
,,,,,
,,,,,
,,,,,
,,,,,
,,,,,
,,,,,
,,,,,
,,,,,
,,,,,
,,,,,
,,,,,
,,,,,
,,,,,
,,,,,
,,,,,
,,,,,
,,,,,
,,,,,
,,,,,
,,,,,
,,,,,
,,,,,
,,,,,
,,,,,
,,,,,
,,,,,
,,,,,
,,,,,
,,,,,
,,,,,
,,,,,
,,,,,
,,,,,
,,,,,
,,,,,
,,,,,
,,,,,
,,,,,
,,,,,
,,,,,
,,,,,
,,,,,
,,,,,
,,,,,
,,,,,
,,,,,
,,,,,
,,,,,
,,,,,
,,,,,
,,,,,
,,,,,
,,,,,
,,,,,
,,,,,
,,,,,
,,,,,
,,,,,
,,,,,
,,,,,
,,,,,
,,,,,
,,,,,
,,,,,
,,,,,
,,,,,
,,,,,
,,,,,
,,,,,
,,,,,
,,,,,
,,,,,
,,,,,
,,,,,
,,,,,
,,,,,
,,,,,
,,,,,
,,,,,
,,,,,
,,,,,
,,,,,
,,,,,
,,,,,
,,,,,
,,,,,
,,,,,
,,,,,
,,,,,
,,,,,
,,,,,
,,,,,
,,,,,
,,,,,
,,,,,
,,,,,
,,,,,
,,,,,
,,,,,
,,,,,
,,,,,
,,,,,
,,,,,
,,,,,
,,,,,
,,,,,
,,,,,
,,,,,
,,,,,
,,,,,
,,,,,
,,,,,
,,,,,
,,,,,
,,,,,
,,,,,
,,,,,
,,,,,
